{"type":"FeatureCollection","features":[{"type":"Feature","properties":{"shapeGroup":"BLZ","shapeType":"ADM0","shapeName":"Belize"},"geometry":{"type":"MultiPolygon","coordinates":[[[[-87.81833648699995,17.42708397000007],[-87.82541656499995,17.40497207800007],[-87.79875183099995,17.323333740000066],[-87.80500030499996,17.30374908400006],[-87.81294250499997,17.304971696000052],[-87.80625152499994,17.313333511000053],[-87.81416320799997,17.323749543000076],[-87.82419586199995,17.317888261000064],[-87.83628082299998,17.284166336000055],[-87.85502624499998,17.268693925000036],[-87.86291503899997,17.26916694700003],[-87.84960937499994,17.274166107000042],[-87.86377716099997,17.285833359000037],[-87.85419464099994,17.282083513000032],[-87.84919738799994,17.287889482000026],[-87.85458373999995,17.299972534000062],[-87.83538818399995,17.299139023000066],[-87.82541656499995,17.324138642000037],[-87.83041381899994,17.361665725000023],[-87.82044219999995,17.365777969000078],[-87.81877899199998,17.377500535000024],[-87.83002471899994,17.405389787000047],[-87.84294128399995,17.40747261000007],[-87.83088683999995,17.42702865600006],[-87.81999969499998,17.42708397000007],[-87.81833648699995,17.42708397000007]]],[[[-87.80750274699994,17.531250001000046],[-87.78836059499997,17.535388948000048],[-87.79916381799995,17.51544380200005],[-87.78172302199994,17.50374984800004],[-87.76997375499997,17.512111665000077],[-87.76705932599998,17.50494384900003],[-87.79125213599997,17.49416732700007],[-87.81794738799994,17.446666717000028],[-87.82878112799995,17.44580650300003],[-87.81625366199995,17.441667558000063],[-87.83541870099998,17.424139024000056],[-87.85544586099996,17.421638488000042],[-87.85585784899996,17.44622230500005],[-87.87630462499999,17.43580627600005],[-87.88169097899998,17.421249389000025],[-87.88919067399996,17.428722382000046],[-87.90125274599995,17.422472001000074],[-87.90794372599998,17.400806427000077],[-87.90125274599995,17.387472154000022],[-87.90291595399998,17.359972001000074],[-87.92877960199996,17.320833207000078],[-87.92211151099997,17.304166793000036],[-87.93544769299996,17.30494499200006],[-87.92377471899994,17.289167404000068],[-87.94002532999997,17.292083741000056],[-87.94297027599998,17.28247261100006],[-87.94169616699998,17.27622223000003],[-87.93003082099995,17.287944795000044],[-87.92710876499996,17.252471924000076],[-87.94416809099994,17.27208328300003],[-87.94047546399997,17.247472764000065],[-87.94833373999995,17.24538803200005],[-87.94586181699998,17.297056198000064],[-87.93460845999994,17.297500610000043],[-87.94544219799997,17.311611175000053],[-87.92874908399995,17.330804826000076],[-87.92919158899997,17.349582673000043],[-87.91461181499994,17.347473146000027],[-87.93374633799993,17.350833893000072],[-87.92130279599996,17.35747146600005],[-87.93047332699996,17.363361359000066],[-87.91044616699998,17.360000610000043],[-87.91416931099997,17.37874984900003],[-87.93336486799996,17.367860794000023],[-87.93205261299994,17.380777359000035],[-87.92375182999996,17.381639480000047],[-87.93047332699996,17.384971619000055],[-87.86875152599998,17.482500076000065],[-87.85294342099996,17.489166261000037],[-87.86708068799999,17.479972839000027],[-87.86291503899997,17.474193574000026],[-87.87875366199995,17.456611633000023],[-87.85416412199999,17.45705604500006],[-87.82463836699998,17.470806123000045],[-87.82961273199999,17.48413848900003],[-87.82252502399996,17.493694307000055],[-87.79714202899999,17.500804902000027],[-87.80711364699994,17.509138109000048],[-87.80503082299998,17.524583816000074],[-87.815864563,17.529556274000072],[-87.82627868599997,17.51830482500003],[-87.82377624499998,17.506610872000067],[-87.83752441399997,17.504611969000052],[-87.81874847399996,17.53333282500006],[-87.81916809099994,17.54874992400005],[-87.80705261199995,17.540832521000027],[-87.80874633699995,17.531639099000074],[-87.80750274699994,17.531250001000046]]],[[[-88.07403940299997,17.57687281400007],[-88.07303637899997,17.566773399000056],[-88.08292827299994,17.574313373000052],[-88.07412587099998,17.57713221700004],[-88.07403940299997,17.57687281400007]]],[[[-88.07697240899995,17.59235493700004],[-88.08078048799996,17.577991216000044],[-88.08542578199996,17.59128522000003],[-88.07668541199996,17.592981113000064],[-88.07697240899995,17.59235493700004]]],[[[-88.09783978899998,17.627439415000026],[-88.08097761199997,17.619525904000056],[-88.08342474099999,17.596776139000042],[-88.10557438999996,17.626134783000055],[-88.09835232299997,17.62762579100007],[-88.09783978899998,17.627439415000026]]],[[[-88.19168594499996,17.656529671000044],[-88.18800113899994,17.640419118000068],[-88.19491251099998,17.650534208000067],[-88.20299036899996,17.644172609000066],[-88.19207579899995,17.656252445000064],[-88.19168594499996,17.656529671000044]]],[[[-88.09714751199994,17.704200626000045],[-88.11243442299997,17.69802303800003],[-88.15319590799999,17.653502081000056],[-88.15968852299994,17.657806966000066],[-88.14310984899998,17.667835806000028],[-88.15460734599998,17.67536411100002],[-88.16427378899994,17.645447347000072],[-88.18672023699997,17.646941506000076],[-88.15936045899997,17.678251836000072],[-88.14635880199995,17.676977359000034],[-88.14185862799997,17.686724279000032],[-88.11965905899996,17.693101909000063],[-88.09660763299996,17.718455748000054],[-88.09714751199994,17.704200626000045]]],[[[-87.85980823199998,18.18910674500006],[-87.84106805699997,18.17334940300003],[-87.82861928799997,18.113445046000038],[-87.85294342099996,18.102277756000035],[-87.87361144999994,18.079750062000073],[-87.90769195599995,18.001443863000077],[-87.98083496099997,17.889610290000064],[-88.01969146799996,17.874111175000053],[-88.04122161899994,17.879554748000032],[-88.03816986099997,17.886278154000024],[-88.00694274899996,17.890417100000036],[-88.01058196999998,17.899471283000025],[-88.00405883799993,17.885833740000066],[-87.99458312999997,17.88580513100004],[-88.00252532999997,17.90369415400005],[-87.99835967999996,17.908750534000035],[-87.99497222899998,17.901250839000056],[-87.96666717499994,17.918722152000043],[-87.96083068899998,17.937915803000067],[-87.95375060999999,17.938304902000027],[-87.95958709699994,17.94244384900003],[-87.95375060999999,17.95913887000006],[-87.96419525099998,17.96291732900005],[-87.96041870099998,17.950834274000044],[-87.99419403099995,17.909584047000067],[-87.99211120599995,17.923305511000024],[-87.98835754299995,17.91705513000005],[-87.98461151099997,17.924999238000055],[-87.98960876499996,17.927499771000043],[-87.98332977299998,17.940389633000052],[-87.99708557099996,17.92333412100004],[-87.98461151099997,17.956611633000023],[-87.94619750899994,18.018861771000047],[-87.93277740499997,18.02238845900007],[-87.93580627499995,18.02930641300003],[-87.92755889899996,18.034055711000065],[-87.92578124999994,18.005582811000068],[-87.91180419999995,18.018388748000064],[-87.91603088399995,18.022693635000053],[-87.90086364699994,18.04933357400006],[-87.93022155799997,18.052165986000034],[-87.94283294699994,18.042360306000035],[-87.95166778599997,18.04730606100003],[-87.95185851999997,18.059917450000057],[-87.93605804499998,18.05530548100006],[-87.92214202899999,18.075500488000046],[-87.90480804399994,18.07680511600006],[-87.91100311299994,18.08183288600003],[-87.90686035199997,18.09258270400005],[-87.91488647499995,18.081750871000054],[-87.92080688399994,18.089166642000066],[-87.90094757099996,18.11108398400006],[-87.89289092999996,18.145555496000043],[-87.884223938,18.127388],[-87.88597106899994,18.152471544000036],[-87.86016772399995,18.189628009000046],[-87.85980823199998,18.18910674500006]]],[[[-88.31786264299996,18.487845110000023],[-88.32131470999997,18.482559904000027],[-88.29789246899998,18.455422148000025],[-88.333475965,18.416559919000065],[-88.39945496899998,18.377171261000058],[-88.39781464999999,18.35728333700007],[-88.38730897299996,18.345642789000067],[-88.32364930499995,18.36642144500007],[-88.32001008399999,18.360754712000073],[-88.34484376399996,18.340449079000052],[-88.34770478599995,18.32786630000004],[-88.33681001099995,18.327143414000034],[-88.29606141399995,18.34725449900003],[-88.24186982499998,18.359671337000066],[-88.23112000899994,18.350393994000058],[-88.239199537,18.346031887000038],[-88.23686494299994,18.338755352000078],[-88.20534028399999,18.349644407000028],[-88.21373261799994,18.339726194000036],[-88.20369996499994,18.340477690000057],[-88.22639741299997,18.32719872900003],[-88.22059144399998,18.323033079000027],[-88.20061768799997,18.337977155000033],[-88.17539490999997,18.339894041000036],[-88.10128297199998,18.37478326100006],[-88.10111512499998,18.358004315000073],[-88.09442414699998,18.35408853000007],[-88.10547913899995,18.285811169000056],[-88.09639253099994,18.28419946100007],[-88.09064759599994,18.209782346000054],[-88.10650910799995,18.097338421000075],[-88.12464417799998,18.06497643700004],[-88.13383759799996,18.02064393300003],[-88.15481080499995,17.996977551000043],[-88.15262116799994,17.973366482000074],[-88.17734040599998,17.973892910000075],[-88.17383851399995,17.961394055000028],[-88.15281190299999,17.966532452000024],[-88.17570008599995,17.952893002000053],[-88.194781203,17.92214272700005],[-88.208117384,17.923783048000075],[-88.20542420799995,17.908310635000078],[-88.20498170299999,17.92047761300006],[-88.19562043599996,17.918171629000028],[-88.21373261799994,17.851198896000028],[-88.23276032799998,17.716004116000022],[-88.25225343099999,17.677672131000065],[-88.26347627099994,17.671503767000047],[-88.26964845099997,17.648920759000077],[-88.29136933699994,17.637865765000072],[-88.29494752299996,17.619143232000056],[-88.29042329199996,17.564587338000024],[-88.27105988899996,17.54981110800003],[-88.24031342899997,17.541170820000048],[-88.23147858999994,17.518837675000043],[-88.20128144699999,17.520394070000066],[-88.18764771799994,17.51089356600005],[-88.18306245199994,17.496226055000022],[-88.20405854599994,17.477976544000057],[-88.23414887799998,17.487143263000064],[-88.25147523299995,17.469309553000073],[-88.30647553799997,17.230171902000052],[-88.30369843799997,17.122698530000036],[-88.28031434499997,17.07158730900005],[-88.24817170499995,17.067143186000067],[-88.23628510699996,16.999560101000043],[-88.21876038899995,16.96525452800006],[-88.22803773299995,16.936281904000055],[-88.27817048399999,16.91697762900003],[-88.28883637799998,16.887976391000052],[-88.27942170499995,16.85275529100005],[-88.26147736899998,16.835310681000067],[-88.26539887799998,16.82258866600006],[-88.25214661899997,16.803087934000075],[-88.27472962799999,16.803698285000053],[-88.28139771799994,16.79128335200005],[-88.29375733799998,16.788672192000035],[-88.29970063599995,16.767977459000065],[-88.31217469599994,16.763699276000068],[-88.30034150499995,16.722004635000076],[-88.31142701499994,16.69719956800003],[-88.31136597999995,16.653004391000024],[-88.35070313799997,16.624699339000074],[-88.36461915399997,16.574505551000073],[-88.35451020599999,16.541170820000048],[-88.36800660499995,16.52219842200003],[-88.36453522999994,16.511421902000052],[-88.37462128999994,16.50722764300002],[-88.38217439099998,16.51475404000007],[-88.36878480299998,16.53200410100004],[-88.36989869499996,16.559754116000022],[-88.38550843599995,16.556282742000064],[-88.37284364099997,16.542198881000047],[-88.37562073999999,16.535977109000044],[-88.40123261699995,16.543198331000042],[-88.39789857299996,16.531227812000054],[-88.38366975199995,16.52633737000002],[-88.39972962699994,16.51536630000004],[-88.39114655899994,16.503670439000075],[-88.41136445399997,16.49608872700003],[-88.40703095799995,16.49058793300003],[-88.42139710799995,16.46731065000006],[-88.42222871199994,16.443838818000074],[-88.43886842099994,16.442282422000062],[-88.43939484799995,16.43211625300006],[-88.45236482099995,16.443226560000028],[-88.44472779699998,16.422394497000028],[-88.45584382499999,16.41153214700006],[-88.44948090899999,16.405531628000062],[-88.43895234499996,16.41405938500003],[-88.43714417799998,16.408142790000056],[-88.45884217599996,16.393088087000024],[-88.46222962699994,16.40792153700005],[-88.47856416099995,16.398504956000068],[-88.48147858899995,16.36697648300003],[-88.49536408799997,16.340420468000048],[-88.54289521599998,16.300726637000025],[-88.54545106299997,16.271143658000028],[-88.57703675699997,16.266894087000026],[-88.58736695699997,16.237087950000046],[-88.59359254299994,16.24914430000007],[-88.58639802399995,16.258227093000073],[-88.61378754899994,16.256476148000047],[-88.63028230099997,16.276142820000075],[-88.652003187,16.282726988000036],[-88.66012086299997,16.249060377000035],[-88.67067231599998,16.253088696000077],[-88.69211854399998,16.240532620000067],[-88.69892396399996,16.24375413200005],[-88.70417298699994,16.233198866000066],[-88.72700776499994,16.236338360000047],[-88.72370423699994,16.22472642300005],[-88.73092164399998,16.22994874400007],[-88.74964417799998,16.216421827000033],[-88.74381532099994,16.182949765000046],[-88.73211945899999,16.17375443700007],[-88.75458802599996,16.151421292000066],[-88.75050629999998,16.13797639300003],[-88.79578675699997,16.117977841000027],[-88.81142701499994,16.080309613000054],[-88.83339204199996,16.076864942000043],[-88.85381593099999,16.05792115400004],[-88.85667695399997,16.03092072900006],[-88.91459168799997,16.001253827000028],[-88.938227553,15.976727230000051],[-88.91833772099994,15.898532614000032],[-88.954517,15.888225],[-88.994726,15.90424900100004],[-89.019686,15.894512],[-89.0202,15.910869],[-89.041896,15.914756],[-89.05096399899998,15.902028001000076],[-89.05444,15.917279001000054],[-89.064334,15.900629],[-89.074828,15.910082001000035],[-89.080172,15.897332],[-89.087779,15.909172],[-89.103039,15.912434],[-89.117311,15.906287],[-89.114775,15.895953],[-89.13246,15.907032],[-89.150023,15.896399],[-89.176639,15.913245],[-89.187629,15.908297],[-89.187467,15.897723],[-89.210527,15.897748],[-89.222337,15.885624001000053],[-89.227586,15.896453001000054],[-89.150078,17.058631001000037],[-89.151961,17.939474],[-89.135824,17.955797],[-89.132502,17.972188],[-89.11145799899998,17.96972400100003],[-89.07945,17.99291500100003],[-89.058063,17.990037],[-89.05231,17.999909],[-89.036622,18.002959001000022],[-89.000924,17.984811],[-89.003616,17.972024001000023],[-88.98717,17.947194],[-88.982873,17.95803],[-88.969415,17.952251001000036],[-88.94479699899995,17.95929300100005],[-88.920399,17.915707001000044],[-88.885016,17.907941],[-88.882577,17.896],[-88.859966,17.89415800100005],[-88.854051,17.907845001000055],[-88.859234,17.925287],[-88.830269,17.948938001000045],[-88.81561799899998,17.950105001000054],[-88.784778,17.979852],[-88.78841,17.992949],[-88.769668,18.006976001000055],[-88.768806,18.031542],[-88.716393,18.060977001000026],[-88.719611,18.084019],[-88.710345,18.097106],[-88.71866,18.108782],[-88.680055,18.160243],[-88.684494,18.17779100100006],[-88.697617,18.180704],[-88.694284,18.186780001000045],[-88.641325,18.216266001000065],[-88.632302999,18.213134],[-88.604477,18.24081700100004],[-88.606506,18.264203001000055],[-88.597162,18.288979],[-88.605492,18.291822],[-88.544388,18.36024400100007],[-88.55157,18.375818],[-88.532069,18.407997],[-88.517853,18.463036001000035],[-88.476363,18.49422000100003],[-88.4549,18.487934],[-88.447554,18.47552100100006],[-88.403352,18.495914],[-88.380559,18.478862],[-88.31981353699996,18.488300199000037],[-88.31786264299996,18.487845110000023]]]]}},{"type":"Feature","properties":{"shapeGroup":"CRI","shapeType":"ADM0","shapeName":"Costa Rica"},"geometry":{"type":"MultiPolygon","coordinates":[[[[-87.04571637699996,5.550973678000048],[-87.03280571399995,5.55048952900006],[-87.03001548399999,5.527096750000055],[-87.06677689499998,5.512645149000036],[-87.07303356699998,5.498618837000038],[-87.09425128099997,5.51878326800005],[-87.09048199199998,5.531313177000072],[-87.07922863499994,5.541952367000022],[-87.05943395599996,5.542743131000066],[-87.06201170199995,5.549497475000067],[-87.04995464799998,5.557868715000041],[-87.04445123599999,5.551653792000025],[-87.04571637699996,5.550973678000048]]],[[[-85.17376826799995,10.125773464000076],[-85.10465358299996,10.107467686000064],[-85.12884639299995,10.100245510000036],[-85.15112527199994,10.105942403000029],[-85.12970851399996,10.099162136000075],[-85.12072624999996,10.103592354000057],[-85.11898266599997,10.09229695700003],[-85.09305631799998,10.096466398000075],[-85.10776307699996,10.081608024000047],[-85.15795701299999,10.073660453000059],[-85.18250979799996,10.084185497000021],[-85.19683751699995,10.111097349000033],[-85.19392835599996,10.120771479000041],[-85.17862819199996,10.126190220000069],[-85.17376826799995,10.125773464000076]]],[[[-83.69773215399994,10.93849261400004],[-83.65889467899996,10.924495275000027],[-83.62614716899998,10.889977200000033],[-83.58772553799997,10.790004475000046],[-83.59464539899994,10.770782217000033],[-83.60109223799998,10.771476491000044],[-83.62359132199998,10.876060230000064],[-83.60136689599994,10.755004628000052],[-83.61292542799998,10.751365408000026],[-83.58956422199998,10.706559880000043],[-83.57972993199996,10.708588345000067],[-83.57395448099999,10.725060208000059],[-83.50781525999997,10.54169915600005],[-83.52875794799996,10.578643544000045],[-83.51117219399998,10.531977400000073],[-83.50625886399996,10.541421636000052],[-83.51997651499994,10.581144078000023],[-83.45217408399998,10.442921385000034],[-83.35806550399997,10.314671261000058],[-83.36480988899996,10.311365826000042],[-83.37970246599997,10.32714341600007],[-83.36625947199997,10.311226591000036],[-83.34889497199998,10.30550454400003],[-83.28798188399998,10.232893689000036],[-83.28883637799998,10.220726712000044],[-83.27386750599999,10.202921614000047],[-83.28258790399997,10.193032963000064],[-83.27136506399995,10.19450448300006],[-83.28720368799998,10.229393705000064],[-83.28048219099998,10.22644875900005],[-83.22130860699997,10.149504408000041],[-83.22211732299996,10.133838398000023],[-83.21551026599997,10.133866055000055],[-83.22214784099998,10.144726498000068],[-83.21628083599995,10.14300511700003],[-83.19464387399995,10.115477308000038],[-83.20122804,10.11217091800006],[-83.19439210299998,10.103032810000059],[-83.19295014799997,10.113088353000023],[-83.18211640699997,10.102060063000067],[-83.09720124599994,9.99719880300006],[-83.08648194699998,9.99381040000003],[-83.08130921699995,10.008004887000027],[-83.06856049899994,10.014754994000043],[-83.02720155199995,9.998032316000035],[-83.03053559599994,9.973726972000065],[-82.98728455899999,9.910532696000075],[-82.99639405599999,9.904588446000048],[-82.98633851399995,9.908588154000029],[-82.97678651299998,9.899532063000038],[-82.93847932299997,9.849421246000077],[-82.94953431399995,9.850199446000033],[-82.93253602399994,9.841699345000052],[-82.86722840699997,9.75717137600003],[-82.83706178099999,9.736088497000026],[-82.81923188599995,9.752255184000035],[-82.81214417899997,9.747754796000038],[-82.81614198099999,9.718616230000066],[-82.78195466399995,9.664143307000074],[-82.76228608499997,9.654782040000043],[-82.75109376399996,9.660699589000046],[-82.69941987399994,9.637143834000028],[-82.68683900299999,9.642921193000063],[-82.66814698599995,9.631199581000033],[-82.65211762799998,9.638809904000027],[-82.62308778199997,9.634282812000038],[-82.61725892499999,9.610198720000028],[-82.56814851199994,9.572532400000057],[-82.56730927899997,9.564838154000029],[-82.56504456599998,9.570226361000039],[-82.553009,9.55027300100005],[-82.562283,9.540177],[-82.576018,9.555790001000048],[-82.59890999899994,9.559664],[-82.607479,9.503081],[-82.644458,9.494981001000042],[-82.657723,9.512355],[-82.667349,9.498386],[-82.672984,9.50202500100005],[-82.668523,9.510712],[-82.690828,9.510125],[-82.690123,9.520103001000052],[-82.70151,9.528203],[-82.690828,9.538886],[-82.70198,9.54323000100004],[-82.702215,9.553912],[-82.709024,9.554617001000054],[-82.709376,9.542056],[-82.72675,9.552738],[-82.724989,9.562951],[-82.740546,9.564876001000073],[-82.746999,9.58572],[-82.76316,9.577496001000043],[-82.765331,9.586919],[-82.782228,9.583615001000055],[-82.79337,9.603366],[-82.809009,9.595186001000059],[-82.833688,9.618613],[-82.857378,9.617801001000032],[-82.861661,9.594901],[-82.876452,9.59313],[-82.885247,9.564348001000042],[-82.877651,9.553441],[-82.868171,9.553498],[-82.872226,9.524202],[-82.855265,9.519634001000043],[-82.856465,9.511981],[-82.84767,9.51438],[-82.843044,9.50096],[-82.93611,9.473138001000052],[-82.93611199899993,9.07838],[-82.927561,9.074827],[-82.887687,9.087873],[-82.87834,9.061295],[-82.817278,9.02966],[-82.801119,9.004256],[-82.781493,9.005152],[-82.740566,8.98501200100003],[-82.739994,8.966929],[-82.71604,8.943837],[-82.711795,8.925184001000048],[-82.74857,8.906339],[-82.751376,8.892924],[-82.773325,8.878343001000076],[-82.798357,8.87699800100006],[-82.819374,8.860799],[-82.861146,8.85267],[-82.884161,8.829533],[-82.86335199899997,8.813896],[-82.890001,8.792173],[-82.885432,8.773956],[-82.909775,8.774133],[-82.919289,8.765018001000044],[-82.909401,8.758492],[-82.919933,8.751838001000067],[-82.916226,8.740883],[-82.891817,8.726213001000076],[-82.891493,8.711294001000056],[-82.880559,8.69744600100006],[-82.86726,8.696948],[-82.856724,8.666114],[-82.830024,8.635504001000072],[-82.828953,8.614458],[-82.83829,8.612702],[-82.828156,8.605542],[-82.83391,8.590947001000075],[-82.822167,8.567081],[-82.838894,8.546117],[-82.831495,8.505144],[-82.839001,8.480281],[-82.868229,8.439627],[-82.9151,8.428707],[-82.930951,8.435021],[-82.984033,8.372524],[-82.989229,8.376036001000045],[-83.003962,8.359505],[-83.046189,8.343203],[-83.052241,8.333695],[-83.044789,8.317307],[-83.028087,8.316993],[-83.024033,8.30543],[-83.008273,8.29889200100007],[-82.989572,8.27094],[-82.975239,8.288214],[-82.968088,8.278564],[-82.957243,8.281016],[-82.951984,8.26729],[-82.940074,8.267741],[-82.929979,8.238702],[-82.93608,8.210980001000053],[-82.917744,8.195762001000048],[-82.910805,8.197941],[-82.912648,8.176588],[-82.903229,8.175784],[-82.908961,8.14722400100004],[-82.885832,8.108407],[-82.890825,8.099842],[-82.884538,8.077605001000052],[-82.895053,8.067483001000028],[-82.893531,8.053611],[-82.90301899799994,8.038637106000067],[-82.91892518399999,8.05872701100003],[-82.91636933699994,8.075727208000046],[-82.90297974999999,8.087060673000053],[-82.90789307999995,8.116588339000032],[-82.93886842199998,8.180449231000068],[-82.97878541299997,8.239559874000065],[-83.05195130699997,8.295088513000053],[-83.11545075799995,8.330060704000061],[-83.14900483499997,8.363560423000024],[-83.14145173499998,8.393671736000044],[-83.11448182399994,8.413116201000037],[-83.09484376299997,8.448755009000024],[-83.15509309199996,8.545532925000032],[-83.14409150499995,8.536948904000042],[-83.12000550599998,8.549810155000046],[-83.14250459099998,8.550366146000044],[-83.17975892499999,8.591949209000063],[-83.18492402399994,8.610337956000023],[-83.17492188899996,8.625393613000028],[-83.16989411699996,8.622949345000052],[-83.17570008599995,8.609643681000023],[-83.16900910799995,8.616116269000031],[-83.16664399499996,8.608560308000051],[-83.15325440599997,8.608810171000073],[-83.16220368799998,8.600838406000037],[-83.16150941299998,8.57683823900004],[-83.12586488199997,8.598115667000059],[-83.13814820599998,8.598560078000048],[-83.17575349299995,8.641171202000066],[-83.18186463799998,8.639754994000043],[-83.182726759,8.62064336100002],[-83.21461762799998,8.626199467000049],[-83.22811402699995,8.638615354000024],[-83.24131287899996,8.625282034000065],[-83.25722779599994,8.655338032000031],[-83.29678620699997,8.652115568000056],[-83.30794801099995,8.670226797000055],[-83.32219971999996,8.671060307000062],[-83.332423109,8.682254538000052],[-83.33339204199996,8.708254559000068],[-83.32348145899994,8.724671110000031],[-83.33381165899993,8.71961568100005],[-83.351786512,8.73383782600007],[-83.37467469599994,8.732616169000039],[-83.38398255699997,8.743698820000077],[-83.38150300399997,8.737782223000067],[-83.39425935199995,8.728587850000054],[-83.40648164199996,8.734698996000077],[-83.43170442,8.712115987000061],[-83.44733704799995,8.722004637000055],[-83.46828736699996,8.722948773000041],[-83.48306550399997,8.716143353000064],[-83.48564423799996,8.694366200000047],[-83.47403230099997,8.700310452000053],[-83.46922578299996,8.682254538000052],[-83.46406068199997,8.686310513000024],[-83.44445313899996,8.668476803000033],[-83.42720307699994,8.618199095000023],[-83.37642182699994,8.57683823900004],[-83.32786835999997,8.569337591000021],[-83.30642213199997,8.539337857000021],[-83.28961457699995,8.533643468000037],[-83.29331483299995,8.537699445000044],[-83.28556336599996,8.541171774000077],[-83.29239930499995,8.500782713000035],[-83.27144898799997,8.466866238000023],[-83.28325929099998,8.446366056000045],[-83.27308930699996,8.431393368000045],[-83.27733887999995,8.387755139000035],[-83.29061402699995,8.372865423000064],[-83.299899,8.373782856000048],[-83.45070161199999,8.436171277000028],[-83.51300324799996,8.446171505000052],[-83.57047547699995,8.439421399000025],[-83.59250916799994,8.457143528000074],[-83.60853089699998,8.486116154000058],[-83.65409364099997,8.51944898000005],[-83.70375336999996,8.574393971000063],[-83.73636903199997,8.59117101000004],[-83.74150361399995,8.622727140000052],[-83.73481263499997,8.630476698000052],[-83.73823060399997,8.640143141000067],[-83.71911897099994,8.650949224000044],[-83.71089448199996,8.686977131000049],[-83.65675629999998,8.696893437000028],[-83.65164460599993,8.731226666000055],[-83.63984193199997,8.73636601800007],[-83.64976014499996,8.767282231000024],[-83.62167634399998,8.774588330000029],[-83.61636628399998,8.793921217000047],[-83.58420075799995,8.795449002000055],[-83.57647980999997,8.804505093000046],[-83.58633698899996,8.79703210100007],[-83.62028779399998,8.801115735000053],[-83.63730897299996,8.777171835000047],[-83.65472688099999,8.791866047000042],[-83.63839234699998,8.817060215000026],[-83.61159028499998,8.827005132000068],[-83.60103120199994,8.84530995700004],[-83.57500733799998,8.843782171000043],[-83.57847871199994,8.86169884900005],[-83.58214844999998,8.846310362000054],[-83.58809174899994,8.858032927000068],[-83.62489594799996,8.873838171000045],[-83.62217225499995,8.894921048000072],[-83.61648072599996,8.896977169000024],[-83.61719788799996,8.887254460000065],[-83.56717194899994,8.88394902500005],[-83.56312074099998,8.898088201000064],[-83.57728089699998,8.887782797000057],[-83.60656251299997,8.898060544000032],[-83.61311616199998,8.918838247000053],[-83.63378419299994,8.914615377000075],[-83.61736573599995,8.934532864000062],[-83.61861695699997,8.954282505000037],[-83.61139192,8.964032872000075],[-83.62694825399996,9.00108788700004],[-83.62345399299994,9.017588362000026],[-83.613337415,9.015643820000037],[-83.62545289399998,9.023837788000037],[-83.62372865099996,9.040032132000022],[-83.65767182699994,9.06664346100007],[-83.65878571899998,9.060254797000027],[-83.66645326099996,9.064671261000058],[-83.73400391999996,9.14580987200003],[-83.75375642199998,9.151282055000024],[-83.76053132399994,9.141310437000072],[-83.77056397799998,9.14617131500006],[-83.76061524599999,9.160255178000057],[-83.78014649799997,9.190170987000045],[-83.84636964199996,9.218726857000036],[-83.84461488199997,9.23103211800003],[-83.85830964399997,9.24503205600007],[-83.94539918299995,9.30781053000004],[-84.03109254299994,9.342810376000045],[-84.03325929,9.355615362000037],[-84.03920258899996,9.347059948000037],[-84.09755982699994,9.372894033000023],[-84.12450684999999,9.368643507000058],[-84.13212098499997,9.38453267500006],[-84.14675416299997,9.375476582000033],[-84.15931214699998,9.393699391000041],[-84.17930878999994,9.393393261000028],[-84.16708649999998,9.403754933000073],[-84.17203797699995,9.43425439200007],[-84.20584382399994,9.462754948000054],[-84.23153199499995,9.46972726100006],[-84.24747742999995,9.492866261000074],[-84.22986878699999,9.464727148000065],[-84.20205964399997,9.457338079000067],[-84.21148194699998,9.452227338000057],[-84.26756562599996,9.483198866000066],[-84.29348267899996,9.487004979000062],[-84.26289643599995,9.480477078000035],[-84.26980866799994,9.476393446000031],[-84.33298005499995,9.490587934000075],[-84.32612122899997,9.49800465800007],[-84.331149,9.502226576000055],[-84.33433808699994,9.49403260500003],[-84.34356202499998,9.497282727000027],[-84.34025849699998,9.491282209000076],[-84.49267091099995,9.530782446000046],[-84.53703584099998,9.517116292000026],[-84.55411805499995,9.539199575000055],[-84.61836518699994,9.578893408000056],[-84.63156403899995,9.610893948000069],[-84.66478242199997,9.63005994200006],[-84.65725983999994,9.640115484000034],[-84.66222657499998,9.649504408000041],[-84.68142213199997,9.650504812000065],[-84.67125977899997,9.671087964000037],[-84.67706574799996,9.69569943700003],[-84.62887086299997,9.755671248000056],[-84.63875855799995,9.779559835000043],[-84.633898634,9.785421118000045],[-84.64280976599997,9.78681062100003],[-84.68125428499997,9.841088041000035],[-84.70400513999994,9.857893690000026],[-84.69381226899998,9.864976629000068],[-84.73378266699996,9.891670925000028],[-84.70917023999993,9.921671614000047],[-84.71219910999997,9.926393254000061],[-84.71536530899994,9.918560726000067],[-84.73861970299998,9.94019959800005],[-84.74270142899996,9.967810376000045],[-84.78800477399994,9.974671110000031],[-84.83401002299996,9.966976866000039],[-84.85192384199996,9.971754773000043],[-84.85100831399996,9.979726536000044],[-84.80078400999997,9.982893689000036],[-84.80536927599996,9.989421589000074],[-84.83603181199999,9.986059889000046],[-84.883730787,10.008866055000055],[-84.92170228299995,10.038393719000055],[-84.92959107799999,10.03630994100007],[-84.94750489599994,10.058699353000065],[-84.97037019099997,10.063699467000049],[-84.95000733799998,10.076893551000069],[-84.95992555,10.068310484000051],[-84.97014893899996,10.087921841000025],[-85.00372590499995,10.100393994000058],[-85.03036774999998,10.131421789000058],[-85.04770173499998,10.138949139000033],[-85.06128205699997,10.131227238000065],[-85.07959260399997,10.135504469000068],[-85.08208741599998,10.142254574000049],[-85.07123078599994,10.148727162000057],[-85.07712067899996,10.157088025000064],[-85.07125367499998,10.15894959800005],[-85.07972993299995,10.159616216000074],[-85.07681550399997,10.170615895000026],[-85.08406342899997,10.159310086000062],[-85.08956422199998,10.173004849000051],[-85.09231080399996,10.167782528000032],[-85.11881532099994,10.17467091900005],[-85.14617432999995,10.158810362000054],[-85.15125550599998,10.163643582000077],[-85.14634217499997,10.170504316000063],[-85.15611543099999,10.162865384000042],[-85.21708955199995,10.182087644000035],[-85.23628510799995,10.211199505000025],[-85.22953309299999,10.228727087000038],[-85.24795045299999,10.25053285000007],[-85.23980988799997,10.255254492000063],[-85.25281037699995,10.251976712000044],[-85.26633729299994,10.267226919000052],[-85.28392304799996,10.266560301000027],[-85.24711884899995,10.24311612400004],[-85.24800385799995,10.164532406000035],[-85.22878541299997,10.121588452000026],[-85.26564301899998,10.139698728000042],[-85.28248109299994,10.133838398000023],[-85.24297608699999,10.13217137600003],[-85.23967255899998,10.121366247000026],[-85.25814332399995,10.114532217000033],[-85.244532484,10.120365843000059],[-85.22875489599994,10.093115553000075],[-85.19725312599996,10.083199247000039],[-85.19230927799998,10.06519959700006],[-85.20369996399995,10.06755994200006],[-85.18703736699996,10.066254362000052],[-85.17561616299997,10.047893270000031],[-85.15389527599996,10.048171743000069],[-85.15903748699998,10.028865559000053],[-85.19147767399994,10.047171339000045],[-85.18636597999995,10.041337713000075],[-85.19211854399998,10.036032421000073],[-85.18053712299997,10.03556035400004],[-85.18719758399999,10.023837788000037],[-85.17058839199996,10.033977255000025],[-85.16553773299995,10.017865880000045],[-85.13456239099997,9.993032200000073],[-85.11844910999997,9.99133847500002],[-85.11709107699994,9.979171498000028],[-85.09186829899994,9.973893864000047],[-85.07992066699995,9.97964356700004],[-85.07489289699998,9.974671110000031],[-85.07989777999995,9.969810231000054],[-85.06886567499998,9.968143208000072],[-85.06422700299998,9.976448757000071],[-85.05144776699996,9.975449308000066],[-85.00795258899996,9.938921673000038],[-84.95997895599999,9.942310078000048],[-84.92203797699995,9.926393254000061],[-84.91420258899996,9.902699215000041],[-84.93225373699994,9.896088346000056],[-84.93703736499998,9.880977377000022],[-84.90633668299995,9.853699430000063],[-84.91989411699996,9.852115377000075],[-84.93286408799997,9.836449368000046],[-84.91653718399994,9.826366169000039],[-84.89622773499997,9.834754689000022],[-84.86372651499994,9.828615887000069],[-84.88144959799996,9.811393483000074],[-84.89583863699994,9.812810643000034],[-84.90114869499996,9.797338231000026],[-84.92141999599994,9.792365773000029],[-84.91906251299997,9.78350518600007],[-84.93333710999997,9.757476552000071],[-84.95253266699996,9.757949575000055],[-84.95639313999999,9.725421650000044],[-84.97758759899995,9.730838521000067],[-84.99347962599995,9.746476872000073],[-85.01106538199997,9.737643941000044],[-85.01639832899997,9.716782316000035],[-84.99956025499995,9.712198956000066],[-84.99464692499998,9.70275471900004],[-85.06617249699997,9.654366239000069],[-85.09250916899998,9.570005163000076],[-85.10744752299996,9.566143734000036],[-85.11139192,9.553809864000073],[-85.11734284799996,9.566532833000053],[-85.14287080099996,9.58044884900005],[-85.14861573599995,9.61847661400003],[-85.20122804099998,9.67036603200006],[-85.22548188599995,9.722810490000029],[-85.24786652999995,9.74531053000004],[-85.27731599199996,9.75803254300007],[-85.27205933999994,9.777699217000077],[-85.30700959599994,9.806115850000026],[-85.33803071399996,9.814643605000072],[-85.33726014499996,9.822227223000027],[-85.35425843599995,9.834644064000031],[-85.39892091199994,9.851282818000072],[-85.40572633199997,9.846310362000054],[-85.45305909499996,9.861421331000031],[-85.47095002499998,9.84880994200006],[-85.48881043799997,9.857949003000044],[-85.49158753699999,9.86972688000003],[-85.51220216199994,9.858865484000034],[-85.51247681999996,9.870004399000038],[-85.52456178099999,9.878782017000049],[-85.57287110699997,9.875365957000042],[-85.59884156599998,9.889615759000037],[-85.63034333599995,9.891282782000076],[-85.64342011799994,9.906948788000022],[-85.65462006999996,9.904309971000032],[-85.65384187099994,9.897171719000028],[-85.67217530599999,9.901921019000042],[-85.66628541299997,9.923310026000024],[-85.68656434399998,9.96903203200003],[-85.74217500099996,10.025365574000034],[-85.79145325999997,10.094643338000026],[-85.80372895599999,10.143032774000062],[-85.83875550699997,10.201254591000065],[-85.84125794799996,10.22883771200003],[-85.85628785499995,10.260421498000028],[-85.85559357999995,10.295504315000073],[-85.83609284799996,10.311282858000027],[-85.83384217599996,10.325505003000046],[-85.84134187199999,10.30803273600003],[-85.85795106299997,10.34219907000005],[-85.87803162899996,10.354782803000035],[-85.86881532099994,10.368865713000048],[-85.85048188599995,10.37214349200002],[-85.826922315,10.410643324000034],[-85.81698121399995,10.400504811000076],[-85.79964722999995,10.409782154000027],[-85.79572572099994,10.436532721000049],[-85.80289735199995,10.444838269000059],[-85.78300752099994,10.438894017000052],[-85.77456177999994,10.45047734600007],[-85.78622712499998,10.477087719000053],[-85.801340956,10.482087835000073],[-85.79786958099999,10.493893368000045],[-85.80800904699998,10.500532849000024],[-85.80206574799996,10.508032545000049],[-85.81553162899996,10.517393812000023],[-85.79458894099997,10.519088491000048],[-85.77875794799996,10.545560583000054],[-85.75131501599998,10.531282171000043],[-85.71458710999997,10.557309849000035],[-85.69889344599994,10.55392144600006],[-85.69378175099996,10.56394933000007],[-85.70286835999997,10.57225487900007],[-85.68045319899994,10.577143414000034],[-85.67881287999995,10.593060239000067],[-85.65550507899997,10.590476736000028],[-85.65294923199997,10.603032811000048],[-85.63039674099997,10.623838171000045],[-85.63620270999996,10.634615643000075],[-85.65445222299996,10.64219926100003],[-85.67544831599997,10.629560215000026],[-85.682032484,10.60969899500003],[-85.70214356799994,10.608810170000027],[-85.68792237699995,10.620588049000048],[-85.69375886399996,10.625560507000046],[-85.68973054299994,10.633004888000073],[-85.67459382399994,10.641421063000053],[-85.69303407099994,10.644782765000059],[-85.65633668299995,10.67225430700006],[-85.66633881999996,10.738727316000052],[-85.66234101699996,10.774865849000037],[-85.68539704699998,10.80322717000007],[-85.69800843599995,10.798115475000031],[-85.74706544299994,10.81828282600003],[-85.76706208599995,10.802171453000028],[-85.79470338299996,10.814698918000033],[-85.80562104599994,10.828116163000061],[-85.79053773299995,10.843143208000072],[-85.79639710799995,10.856560453000043],[-85.80887116799994,10.849032148000049],[-85.85628785499995,10.853921635000063],[-85.87050904699998,10.878144009000039],[-85.91142548899995,10.897227032000046],[-85.95386780999996,10.891477331000033],[-85.86634339699998,10.928893788000039],[-85.864787,10.939893467000047],[-85.88544740099996,10.951504452000052],[-85.81475343099999,10.946532949000073],[-85.81142701499994,10.934755070000051],[-85.820536512,10.923032505000037],[-85.79303254499996,10.90975449800004],[-85.78725709299994,10.91567109400006],[-85.80300416399996,10.931282743000054],[-85.79125489499995,10.933921560000044],[-85.79139222599997,10.940644009000039],[-85.72714509399998,10.939810498000043],[-85.72294892599996,10.926365597000029],[-85.71383943,10.927199108000025],[-85.70381440599994,10.948088391000056],[-85.72375764299994,10.959088072000043],[-85.70889558099998,10.956393940000055],[-85.70450867999995,10.965560658000072],[-85.69300355399997,10.964754803000062],[-85.69137086299997,10.974865658000056],[-85.758036512,11.022726758000033],[-85.73642243699999,11.034337742000048],[-85.74264802399995,11.045726521000063],[-85.72995271099995,11.051365599000064],[-85.71544923199997,11.027809841000021],[-85.69159211399995,11.02708791200007],[-85.67464722999995,11.03561566600007],[-85.67195405299998,11.059199078000063],[-85.69278680399998,11.079427515000077],[-85.609836,11.219681],[-85.56042599899996,11.210186],[-85.522149,11.167697001000022],[-85.496603,11.157539001000032],[-85.423861,11.128961],[-85.357467,11.126081001000045],[-85.227606,11.062528],[-84.911326,10.945053],[-84.680858,11.084625],[-84.605986,11.038381001000062],[-84.57467799899996,11.051074001000075],[-84.564417,11.03295600100006],[-84.485788,11.00056900100003],[-84.45029599899993,10.96056],[-84.4206,10.95487600100006],[-84.399823,10.974980001000063],[-84.376345,10.977359001000025],[-84.35869699899996,10.995503],[-84.341714,10.97382900100007],[-84.350816,10.950857001000031],[-84.336375,10.945956],[-84.3238,10.918862],[-84.310059,10.921851],[-84.292292,10.911826],[-84.283327,10.893695001000026],[-84.258053,10.891225001000066],[-84.225687,10.874108],[-84.214629,10.840399001000037],[-84.220611,10.825514],[-84.23763,10.816141001000062],[-84.222794,10.801155],[-84.205662,10.797291],[-84.203443,10.782567],[-84.190306,10.789814001000025],[-84.13775,10.78737],[-84.126299,10.764857],[-84.10242,10.774410001000035],[-84.080685,10.758667001000049],[-84.06238999899995,10.763726],[-84.055421,10.778319],[-84.0358,10.771435],[-84.022892,10.792161],[-84.00464,10.764544],[-83.9714,10.74551],[-83.966666,10.729143001000068],[-83.93711099899997,10.721377],[-83.932571,10.708172],[-83.890441,10.721246001000054],[-83.861641,10.717662],[-83.840105,10.743725],[-83.811117,10.746123],[-83.793043,10.768876],[-83.761319,10.769076],[-83.71508328399995,10.792521093000062],[-83.69472168099998,10.78787776200005],[-83.66931269099996,10.798352831000045],[-83.66058292299994,10.819835908000073],[-83.67504452399999,10.85318396100007],[-83.668273146,10.889271630000053],[-83.68288350999995,10.897654904000035],[-83.67564641599995,10.911572910000075],[-83.69773063899999,10.93846472100006],[-83.69773215399994,10.93849261400004]]]]}},{"type":"Feature","properties":{"shapeGroup":"SLV","shapeType":"ADM0","shapeName":"El Salvador"},"geometry":{"type":"MultiPolygon","coordinates":[[[[-87.71882082299999,13.218417092000038],[-87.70463014899997,13.214444085000025],[-87.69027162899994,13.170333787000061],[-87.70852114099995,13.161305352000056],[-87.70907045699994,13.16958324500007],[-87.72393251799997,13.164889260000052],[-87.729936851,13.186860963000072],[-87.72899080599996,13.210166856000058],[-87.72121645299995,13.218972131000044],[-87.71882082299999,13.218417092000038]]],[[[-89.355961,14.42046],[-89.32179,14.411119],[-89.299313,14.415878],[-89.231489,14.385568],[-89.214751,14.388798001000055],[-89.208799,14.373149],[-89.16773,14.365765001000057],[-89.148077,14.352817001000062],[-89.112734,14.402147],[-89.097769,14.402539],[-89.081489,14.374488001000032],[-89.08232,14.3412],[-89.037285,14.33335],[-89.034661,14.316575],[-89.022208,14.314222001000076],[-89.026001,14.271551],[-88.991295,14.258316001000026],[-88.97001199899995,14.225149],[-88.972378,14.213129001000027],[-88.940675,14.202666],[-88.902628,14.205640001000063],[-88.900466,14.191030001000058],[-88.86661499899998,14.178606],[-88.831225,14.104666],[-88.791978,14.11468],[-88.774598,14.102874],[-88.739136,14.122156001000064],[-88.728991,14.114325],[-88.73789,14.056260001000055],[-88.692288,14.043751],[-88.682441999,14.032106],[-88.683764,14.010123],[-88.670786,14.009918001000074],[-88.662781,14.024445],[-88.640438,14.016911],[-88.628167,14.022941],[-88.608425,14.005703],[-88.586638,14.007099],[-88.568285,13.977868],[-88.529502,13.985781001000078],[-88.500474,13.967839001000073],[-88.497744,13.952242],[-88.506562,13.9424],[-88.511033,13.911329],[-88.491935,13.878461001000062],[-88.492081,13.859968],[-88.46826,13.848831],[-88.466108,13.862852],[-88.439843,13.859571],[-88.431485,13.878649],[-88.418342,13.885753001000069],[-88.41364,13.87892],[-88.376196,13.885189001000072],[-88.356228,13.870276],[-88.345307,13.896449],[-88.317288,13.889814001000047],[-88.313369,13.90219200100006],[-88.289638,13.914416],[-88.267206,13.913094001000047],[-88.264677,13.937667001000023],[-88.227503,13.938227],[-88.220074,13.954968001000054],[-88.236032,13.97068100100006],[-88.238282,13.990771001000041],[-88.23008,13.999920001000078],[-88.163343,13.983559],[-88.107948,14.000966],[-88.072638,13.992117001000054],[-88.063855,13.944772],[-88.017112,13.893218],[-88.013475,13.871548],[-87.963849,13.89352],[-87.959502,13.902881],[-87.951367,13.891849],[-87.943204,13.896167001000038],[-87.922281,13.884911],[-87.921891,13.893771001000061],[-87.906874,13.901711],[-87.856335,13.894523],[-87.844327,13.898312001000022],[-87.830397,13.918400001000066],[-87.800029,13.92068400100004],[-87.799054,13.891904],[-87.748968,13.858455001000038],[-87.745656,13.833761001000028],[-87.716621,13.820109001000048],[-87.708203,13.803345],[-87.719325,13.768249],[-87.737027,13.747815],[-87.726559,13.733653],[-87.73237,13.715028],[-87.75546,13.690283],[-87.754305,13.604544001000022],[-87.768544,13.595039],[-87.773316,13.573797],[-87.784091,13.570949],[-87.778318,13.567370001000029],[-87.787054,13.543395],[-87.781089,13.53593],[-87.793327,13.524462],[-87.777356,13.51972900100003],[-87.780396,13.510916001000055],[-87.762925,13.508068001000026],[-87.752766,13.518266001000029],[-87.745797,13.505782001000057],[-87.736635,13.51172],[-87.721127,13.505794],[-87.717647,13.467546],[-87.72202499899998,13.444032],[-87.759809,13.440302],[-87.806443,13.409462],[-87.84305848399998,13.415920957000026],[-87.84051026699996,13.443699582000022],[-87.87594880499995,13.381809933000056],[-87.86689271299997,13.356588109000029],[-87.82389344599994,13.335088476000067],[-87.81150330899999,13.316171391000069],[-87.77889527699995,13.292282804000024],[-87.78750886399996,13.29111550600004],[-87.79355897299996,13.273060543000042],[-87.83233918499997,13.23594926100003],[-87.92825593399994,13.196004612000024],[-87.93611420999997,13.18161557600007],[-87.91383637799998,13.198698744000069],[-87.91647614899995,13.182504399000038],[-87.91345490799995,13.172282919000054],[-87.89803590199995,13.167226536000044],[-87.90047730799995,13.153004391000024],[-88.06400574899999,13.16783784100005],[-88.06420411499994,13.174282773000073],[-88.05575837499998,13.17219899500003],[-88.06444825499995,13.175421461000042],[-88.06986512599997,13.167810185000064],[-88.114008803,13.171143277000056],[-88.12978638999994,13.162921652000023],[-88.16231049899994,13.16794942100006],[-88.22420014699998,13.158532841000067],[-88.27775849699998,13.173643811000034],[-88.25797547699995,13.164560063000067],[-88.35631074299994,13.17283795700007],[-88.34320344199995,13.185143217000075],[-88.32483948999999,13.183005079000054],[-88.33706178099999,13.187754377000033],[-88.332949537,13.198810324000021],[-88.36108674399998,13.229810461000056],[-88.35547913899995,13.235754712000073],[-88.36036958099999,13.24072717000007],[-88.35667695399997,13.235866291000036],[-88.36664857299996,13.231920941000055],[-88.33536805499995,13.200338110000075],[-88.34434022299996,13.188810094000075],[-88.36908997899997,13.196476683000071],[-88.38598145799995,13.215560658000072],[-88.39586915299998,13.207255110000062],[-88.40336884899995,13.216337902000078],[-88.41300477399994,13.208865865000064],[-88.43525971799994,13.209949238000036],[-88.45214356799994,13.232643826000071],[-88.44895448099999,13.237671598000077],[-88.47311677299996,13.250393612000039],[-88.47881593199997,13.262921078000034],[-88.49228181199999,13.259448750000047],[-88.49869813399994,13.234782918000064],[-88.52575959499995,13.231310589000032],[-88.52375306499994,13.241643650000071],[-88.52878083499996,13.232838376000075],[-88.55286683499997,13.26892159700003],[-88.59492005699997,13.272144063000042],[-88.59320344399998,13.279449208000074],[-88.62217225399996,13.275254948000054],[-88.64226045099997,13.307032330000027],[-88.64380921699995,13.295254453000041],[-88.62700929,13.284337742000048],[-88.63170136799994,13.27925465800007],[-88.64050568999994,13.282032712000046],[-88.64275636099995,13.275227293000057],[-88.67203797699995,13.291004881000049],[-88.64839448299995,13.276338322000072],[-88.63456239099997,13.277115568000056],[-88.64336671199999,13.262310727000056],[-88.68803681799994,13.265282376000073],[-88.69725312599996,13.257949574000065],[-88.71814240799995,13.263615353000034],[-88.70669831699996,13.261560186000054],[-88.70637025199994,13.246393904000058],[-88.68589295699996,13.252338154000029],[-88.66900910799995,13.239421589000074],[-88.65825929099998,13.243782743000054],[-88.64981355099997,13.23694871300006],[-88.63459290899993,13.253810629000043],[-88.59553803799997,13.261060459000078],[-88.54795350499995,13.213782055000024],[-88.61028565799995,13.220559819000073],[-88.53683747699995,13.20867131500006],[-88.51995362599996,13.194199307000076],[-88.49534119999998,13.19519875900005],[-88.48206605399997,13.176115736000042],[-88.46978272799998,13.181393368000045],[-88.46612061899998,13.167810185000064],[-88.47873200799995,13.169643148000034],[-88.46467103399993,13.162782414000048],[-88.46917237599996,13.156309828000076],[-88.51875581099995,13.180254681000065],[-88.58153809899994,13.19794915400007],[-88.807894606,13.23864339100004],[-88.81547822299996,13.256949170000041],[-88.80817689299994,13.273255095000025],[-88.79192628299995,13.282088024000075],[-88.80814637499998,13.279616101000045],[-88.81942262099994,13.26606057400005],[-88.81900300399997,13.243504269000027],[-88.88347901699996,13.283199057000047],[-88.88092317,13.302448971000047],[-88.88972749199996,13.311560376000045],[-88.91561402699995,13.308060391000026],[-88.88634003899995,13.298337681000021],[-88.89092530599999,13.290143711000042],[-88.90870179499996,13.296115620000023],[-89.06981171899997,13.365643246000047],[-89.17172517199998,13.424894078000023],[-89.30459107799999,13.48308823800005],[-89.33355988899996,13.478005154000073],[-89.37167634199994,13.488837940000053],[-89.47416962999995,13.496449217000077],[-89.52886475899999,13.492115719000026],[-89.68231477099994,13.53044961200004],[-89.81197633099998,13.521116003000031],[-89.82792176599997,13.54100487900007],[-89.84520234499996,13.598671658000058],[-90.03503693899995,13.701171620000025],[-90.03386964199996,13.70947717100006],[-90.04189576499994,13.704365475000031],[-90.13465447599998,13.74535172000003],[-90.116408,13.749334],[-90.115548,13.7403],[-90.102547,13.74023500100003],[-90.092408,13.755904],[-90.100556,13.757812],[-90.096618,13.766675001000067],[-90.106425,13.782188],[-90.112963,13.777253],[-90.117248,13.782937],[-90.11725399899996,13.797994001000063],[-90.109894,13.800806001000069],[-90.115014,13.805305],[-90.105798,13.80866300100007],[-90.111797,13.834970001000045],[-90.095733,13.842917],[-90.081408,13.877635],[-90.036074,13.897626],[-90.037994,13.916728],[-90.028408,13.919220001000042],[-90.02446499899997,13.938157001000036],[-89.93826799899995,13.986901],[-89.927937,14.006614],[-89.907739,14.013317001000075],[-89.904535,14.03243],[-89.886441,14.043013001000077],[-89.860663,14.042914],[-89.855755,14.058587],[-89.822784,14.063496],[-89.789087,14.046989],[-89.778859,14.033519001000059],[-89.737481,14.031798],[-89.745952,14.063824001000057],[-89.725639,14.119891001000042],[-89.666972,14.185314],[-89.630304,14.204596],[-89.581613,14.202855],[-89.558394,14.210174],[-89.549036,14.222804001000043],[-89.52535,14.220112001000075],[-89.522364,14.241603001000044],[-89.553022,14.274415],[-89.54612999899996,14.296049001000029],[-89.56707399899994,14.316591],[-89.592555,14.311453001000075],[-89.58803799899994,14.346141],[-89.563566,14.35194400100005],[-89.580598,14.37387700100004],[-89.57412,14.416961001000061],[-89.542434,14.41606500100005],[-89.529606,14.379631001000064],[-89.509747,14.409459],[-89.501608,14.405989],[-89.491501,14.420011],[-89.470618,14.429488],[-89.434323,14.412206],[-89.392702,14.45055700100005],[-89.385199,14.427383],[-89.379765,14.437869],[-89.356386,14.42062700100007],[-89.355961,14.42046]]]]}},{"type":"Feature","properties":{"shapeGroup":"GTM","shapeType":"ADM0","shapeName":"Guatemala"},"geometry":{"type":"MultiPolygon","coordinates":[[[[-89.151961,17.815693099000043],[-89.150078,17.058631001000037],[-89.227588,15.896159001000058],[-89.21774199899994,15.887027],[-89.210527,15.897748],[-89.187467,15.897723],[-89.187629,15.908297],[-89.176639,15.913245],[-89.150337,15.896424],[-89.13246,15.907032],[-89.114775,15.895953],[-89.117311,15.906287],[-89.103039,15.912434],[-89.087779,15.909172],[-89.079935,15.89728800100005],[-89.075423,15.909837],[-89.064334,15.900629],[-89.05444,15.917279001000054],[-89.05096399899998,15.902028001000076],[-89.041896,15.914756],[-89.0202,15.910869],[-89.019686,15.894512],[-88.995432,15.90424900100004],[-88.956657,15.888259001000051],[-88.92461671299998,15.886255009000024],[-88.91042603899996,15.895449383000027],[-88.88144959799996,15.860699400000044],[-88.83886994799997,15.863810284000067],[-88.82903565799995,15.872949345000052],[-88.79858674399998,15.861226780000038],[-88.74969758399999,15.824559910000062],[-88.76401032799998,15.80705998700006],[-88.78341214699998,15.800877219000029],[-88.77491505499995,15.791358093000042],[-88.779307024,15.776988936000066],[-88.79364699299998,15.784216155000024],[-88.81012942999996,15.773488405000023],[-88.83324883599994,15.791506468000023],[-88.85005274199995,15.787507593000043],[-88.86504930499996,15.779368344000034],[-88.87470055499995,15.747160905000044],[-88.89139808599998,15.741800405000049],[-88.87825696099998,15.753865561000055],[-88.91088474199995,15.73029312500006],[-88.92988480499997,15.733766092000053],[-88.92608064899997,15.72203012400007],[-88.94238980499995,15.720999311000071],[-88.95162189899997,15.711471562000042],[-88.94367889799997,15.695559592000052],[-88.95283858599998,15.684583313000076],[-89.00147711799997,15.668238092000024],[-89.00540302399997,15.64135353100005],[-88.99543158599994,15.635825625000052],[-89.05201477399999,15.617341687000078],[-89.07187974299995,15.58890303000004],[-89.09893780499993,15.57763506200007],[-89.12885867999995,15.579371280000032],[-89.13305755499994,15.569431374000033],[-89.15372571099994,15.564071906000038],[-89.18074039799995,15.57963206100004],[-89.20206827399994,15.568533280000054],[-89.22602936699997,15.572232],[-89.24543680399995,15.562661155000058],[-89.24709674299999,15.543620562000058],[-89.26767908599999,15.521078092000039],[-89.299533866,15.517725405000022],[-89.31305702399999,15.531310344000076],[-89.37614630499996,15.507594061000077],[-89.39227383499997,15.479150530000027],[-89.40127546199994,15.481185999000047],[-89.41591561799999,15.46780699900006],[-89.40386174299994,15.466281092000031],[-89.41283961699997,15.453682125000057],[-89.39298864899996,15.473823374000062],[-89.38676280499999,15.461961061000068],[-89.39618580499996,15.451606344000027],[-89.37783743099999,15.456874592000077],[-89.37251305599995,15.471409],[-89.36830996199996,15.459959750000053],[-89.35586274299999,15.470442469000034],[-89.35114205599996,15.463426217000062],[-89.36587196199997,15.450395406000041],[-89.34733055499998,15.460094937000065],[-89.32282299299999,15.427717968000024],[-89.34425227399998,15.411780373000056],[-89.33202442899994,15.418195249000064],[-89.32601686599997,15.403385625000055],[-89.34278905399998,15.393098311000074],[-89.33724096099996,15.373362998000061],[-89.30809711699999,15.353924686000028],[-89.291266867,15.37022274800006],[-89.27409933699994,15.373613405000071],[-89.26450777399998,15.398513187000049],[-89.24599749199996,15.407903561000069],[-89.24988949299996,15.415078531000063],[-89.27018321199995,15.407170937000046],[-89.260704649,15.41661937300006],[-89.15353468,15.403843936000044],[-89.09469796099995,15.417636936000065],[-89.02592121199996,15.473336092000068],[-89.02259911799996,15.485562780000066],[-88.98462492999994,15.509667342000057],[-88.98898692999995,15.559339500000021],[-89.00636383599993,15.59063287400005],[-89.00524636699998,15.608426],[-88.99291096099995,15.608362186000022],[-88.98232861799994,15.621835874000055],[-88.99882789699996,15.65140371900003],[-88.99337599199998,15.665705592000052],[-88.95849920999996,15.674452906000056],[-88.95178874299995,15.668487030000051],[-88.93756114899998,15.695038655000076],[-88.89075242999996,15.685524249000025],[-88.88260552399998,15.707550249000064],[-88.86532020999994,15.715904592000072],[-88.84527058599997,15.74326534200003],[-88.84918271099997,15.755116625000028],[-88.84021139899994,15.752666311000041],[-88.84278352399997,15.758904813000072],[-88.82568908599995,15.766666342000065],[-88.83159033599998,15.770311217000028],[-88.82366336699994,15.77543256100006],[-88.80481224199997,15.771470061000059],[-88.78749536699996,15.78251606200007],[-88.77870717999997,15.773770656000067],[-88.77286749199999,15.790293311000028],[-88.78115177299998,15.801166999000031],[-88.75595368799998,15.813643200000058],[-88.72953309499997,15.817143185000077],[-88.70469941499994,15.793810590000078],[-88.62919892599996,15.752670987000045],[-88.62639893899996,15.742005095000025],[-88.63569916999995,15.740338072000043],[-88.62792481799994,15.730643972000053],[-88.63598145899994,15.730393154000069],[-88.63723267899996,15.71892140600005],[-88.64808930699996,15.712977154000043],[-88.64875306499994,15.698810322000043],[-88.62389649799997,15.69406007200007],[-88.60414399499996,15.700393422000047],[-88.59967317,15.711227163000046],[-88.60975922999995,15.733699543000057],[-88.58308686699996,15.750588162000042],[-88.57900513999994,15.758643849000066],[-88.58472718599995,15.754587874000038],[-88.58733643899996,15.762088522000056],[-88.55742158299995,15.812004788000024],[-88.56811799399998,15.823004467000032],[-88.56461610199995,15.86147664300006],[-88.55189790099996,15.840393766000034],[-88.54300965699997,15.847921116000066],[-88.50453461999996,15.832643254000061],[-88.49459351899998,15.849588139000048],[-88.51467408499997,15.857143148000034],[-88.51375855799995,15.868726477000052],[-88.54825868099994,15.877505049000035],[-88.56756104799996,15.910143597000058],[-88.61709107799999,15.935254795000048],[-88.62314881699996,15.96550439200007],[-88.59305848499997,15.963087780000023],[-88.55811585799995,15.946421368000074],[-88.47597779599994,15.875143750000063],[-88.31431092699995,15.783588154000029],[-88.26900758099998,15.739782078000076],[-88.23300193399996,15.723996383000042],[-88.25250972299995,15.722437340000056],[-88.24180339099996,15.71023137800006],[-88.24330275899996,15.698142266000048],[-88.25112063399996,15.696915371000046],[-88.24748085399995,15.68812207700006],[-88.25734636499999,15.691837146000069],[-88.26489072199996,15.680976091000048],[-88.26646602599999,15.692053564000048],[-88.27467388999997,15.684127543000045],[-88.28403094,15.694229464000045],[-88.281868923,15.674521889000061],[-88.30438761899995,15.670576585000049],[-88.31196315199998,15.681654924000043],[-88.31735620299997,15.669418092000058],[-88.32432909399995,15.672215562000076],[-88.32319606799996,15.652152786000045],[-88.34442709199999,15.618876100000023],[-88.56128478799997,15.44373936200003],[-88.57007291099995,15.426833209000051],[-88.60531621699994,15.413252641000042],[-88.67815205199997,15.342482348000033],[-88.84643594199997,15.24267911000004],[-88.97397634499998,15.13654550800004],[-89.15491677499995,15.06891424500003],[-89.15310692999998,15.056334804000073],[-89.17580553899995,15.036728850000031],[-89.16946288999998,15.029462107000029],[-89.18437990699994,15.002782297000067],[-89.15655964299998,14.979823037000074],[-89.16682967199995,14.944102232000034],[-89.17516185299996,14.941186986000048],[-89.17276863999996,14.92861074700005],[-89.18709356099998,14.904215061000059],[-89.20323991299995,14.902305734000038],[-89.22804261699997,14.882518374000028],[-89.22378465,14.834718058000021],[-89.16891391099995,14.775051423000036],[-89.16537616999994,14.731534874000033],[-89.13077078199996,14.712966351000034],[-89.15731968999995,14.670090904000062],[-89.14633432399995,14.629462244000024],[-89.15311940599997,14.617632155000024],[-89.14678976599998,14.611387768000043],[-89.15111051999997,14.583356438000067],[-89.16704339499995,14.571144022000055],[-89.23911279999999,14.584555815000044],[-89.26381391799998,14.547100327000066],[-89.28372657899996,14.532682845000068],[-89.28817287899994,14.51614726300005],[-89.30593783999996,14.50716780700003],[-89.30179030699998,14.493908518000069],[-89.35635721499995,14.46795256300004],[-89.34930575899995,14.438147577000052],[-89.355961,14.42046],[-89.379765,14.437869],[-89.385199,14.427383],[-89.392702,14.45055700100005],[-89.434323,14.412206],[-89.470618,14.429488],[-89.491501,14.420011],[-89.501608,14.405989],[-89.509747,14.409459],[-89.529606,14.379631001000064],[-89.542434,14.41606500100005],[-89.57412,14.416961001000061],[-89.580598,14.37387700100004],[-89.563566,14.35194400100005],[-89.58803799899994,14.346141],[-89.592555,14.311453001000075],[-89.56707399899994,14.316591],[-89.54612999899996,14.296049001000029],[-89.553022,14.274415],[-89.522364,14.241603001000044],[-89.52535,14.220112001000075],[-89.549036,14.222804001000043],[-89.558394,14.210174],[-89.581613,14.202855],[-89.630304,14.204596],[-89.666972,14.185314],[-89.725639,14.119891001000042],[-89.745952,14.063824001000057],[-89.737387,14.031849],[-89.778859,14.033519001000059],[-89.816514,14.063119001000075],[-89.855755,14.058587],[-89.860663,14.042914],[-89.886441,14.043013001000077],[-89.904535,14.03243],[-89.907739,14.013317001000075],[-89.927937,14.006614],[-89.93826799899995,13.986901],[-90.023782,13.938787],[-90.028408,13.919220001000042],[-90.037994,13.916728],[-90.036074,13.897626],[-90.081408,13.877635],[-90.095733,13.842917],[-90.112142,13.834218],[-90.105798,13.80866300100007],[-90.115014,13.805305],[-90.109894,13.800806001000069],[-90.11725399899996,13.797994001000063],[-90.117248,13.782937],[-90.112963,13.777253],[-90.106425,13.782188],[-90.096618,13.766675001000067],[-90.100556,13.757812],[-90.092393,13.756101],[-90.103965,13.74002100100006],[-90.115548,13.7403],[-90.116408,13.749334],[-90.125106,13.742549],[-90.14592199199996,13.749731386000065],[-90.18883790399997,13.767893536000031],[-90.18700684899994,13.774309857000048],[-90.20684327499998,13.775337918000048],[-90.44517030099996,13.876199467000049],[-90.61409272599997,13.919782385000076],[-90.71048249599994,13.926227316000052],[-90.89175691,13.912198765000028],[-91.05514802399995,13.912088139000048],[-91.18306245199994,13.923810704000061],[-91.30745210099997,13.948004467000032],[-91.53853120199994,14.04133771200003],[-91.72128571899998,14.155587895000053],[-91.78886689599994,14.188088163000032],[-92.04220094099998,14.395504697000035],[-92.23114310099999,14.535920238000074],[-92.221303,14.535960001000035],[-92.216107,14.554444001000036],[-92.183557,14.577443],[-92.175118,14.611661001000073],[-92.18258,14.614873],[-92.14651,14.661709],[-92.147562,14.715898001000028],[-92.157271,14.737136001000067],[-92.170113,14.74553],[-92.16064,14.772534001000054],[-92.17081,14.78132400100003],[-92.184161,14.828277],[-92.171739,14.860535],[-92.149002,14.867664001000037],[-92.137034,14.887989],[-92.148515,14.92906],[-92.14468,14.974847],[-92.151539,14.985678],[-92.130809,15.013645],[-92.099659,15.010077],[-92.085782,15.021635],[-92.078446,15.046086],[-92.07061,15.046794],[-92.073271,15.061809],[-92.059445,15.070380001000046],[-92.210638696,15.260647542000072],[-91.73157896299995,16.073898001000032],[-90.44216914599997,16.074025601000073],[-90.447749,16.082655001000035],[-90.426577,16.09852500100004],[-90.431171,16.106613],[-90.457416,16.094162],[-90.454415,16.124290001000077],[-90.430554,16.121201],[-90.429455,16.139034001000027],[-90.448992,16.144269],[-90.451352,16.151993],[-90.426005,16.164073001000077],[-90.432089,16.177067],[-90.454211,16.185958],[-90.458243,16.207951001000026],[-90.453219,16.224306],[-90.429513,16.233062],[-90.440366,16.246037001000047],[-90.450511,16.240830001000063],[-90.456093,16.248197],[-90.447069,16.261165],[-90.431496,16.254150001000028],[-90.424013,16.258553001000053],[-90.441464,16.279964],[-90.43319999899995,16.292639],[-90.43849,16.300978],[-90.412699,16.307646],[-90.413007,16.326934],[-90.401472,16.33802],[-90.383213,16.33817],[-90.402186,16.350804],[-90.404718,16.361060001000055],[-90.411489,16.346855],[-90.411698,16.362317],[-90.396749,16.374609001000067],[-90.381095,16.359742],[-90.372317,16.363946001000045],[-90.373573,16.373872001000052],[-90.403995,16.394587],[-90.388526,16.411982],[-90.39916999899998,16.41636600100003],[-90.409386,16.404129],[-90.42211,16.425249],[-90.485802,16.423094001000038],[-90.479238,16.459604],[-90.495539,16.453943001000027],[-90.513492,16.470135],[-90.530089,16.459239],[-90.547964,16.468184],[-90.544782,16.481283001000065],[-90.588182,16.469574],[-90.595815,16.49039300100003],[-90.612433,16.48889100100007],[-90.621543,16.477729],[-90.632959,16.480035001000033],[-90.634404,16.488558001000058],[-90.615702,16.490444],[-90.606794,16.503505],[-90.617758,16.52203],[-90.637457,16.513258],[-90.646096,16.517888001000074],[-90.64728899899995,16.560925],[-90.626594,16.577991001000044],[-90.640234,16.595514],[-90.644976,16.579026001000045],[-90.667677,16.582393],[-90.653619,16.594183],[-90.662482,16.627609],[-90.657667,16.63811],[-90.67523499899994,16.658551001000035],[-90.681979,16.688397],[-90.709405,16.704632],[-90.712043,16.724780001000056],[-90.754519,16.74886900100006],[-90.76222,16.762327],[-90.802421,16.775813],[-90.803378,16.798156],[-90.855204,16.797663],[-90.862087,16.813189],[-90.88216599899994,16.82497900100003],[-90.921457,16.821487001000037],[-90.935478,16.860497],[-90.97435099899997,16.863695001000053],[-90.954311,16.884658001000048],[-90.96392,16.901374],[-90.985056,16.89868000100006],[-90.980812,16.872529001000032],[-90.987953,16.863278],[-91.006272,16.885578],[-91.066655,16.903051],[-91.074756,16.913764],[-91.064264,16.924723],[-91.103336,16.969005],[-91.121362,16.978133],[-91.12299,17.003038],[-91.154653,17.004698],[-91.176061,17.015982001000054],[-91.214717,17.053322001000026],[-91.226577,17.094577],[-91.26692,17.108897],[-91.272812,17.138495],[-91.262861,17.158094],[-91.265472,17.170701],[-91.278209,17.180373],[-91.323541,17.183455],[-91.336727,17.161143],[-91.348682,17.160032],[-91.354013,17.190565],[-91.376603,17.205308],[-91.419455,17.210149],[-91.439439,17.247924],[-90.98783365999998,17.251306483000064],[-90.98783296699997,17.815695169000037],[-89.21460327699998,17.81569317000003],[-89.151961,17.815693099000043]]]]}},{"type":"Feature","properties":{"shapeGroup":"HND","shapeType":"ADM0","shapeName":"Honduras"},"geometry":{"type":"MultiPolygon","coordinates":[[[[-87.63996887199994,13.29994487700003],[-87.61961364699994,13.292694093000023],[-87.61096954399994,13.274110794000023],[-87.61444091799996,13.257916450000039],[-87.63447570799997,13.248332979000054],[-87.66055297899999,13.251777649000076],[-87.66419219999995,13.260194778000027],[-87.65802764899996,13.294500351000067],[-87.64550018299997,13.298999786000024],[-87.63996887199994,13.29994487700003]]],[[[-87.81939794199997,13.407894229000021],[-87.793216,13.412248],[-87.784459,13.428302001000077],[-87.774729,13.425059],[-87.756891,13.441437],[-87.746674,13.437059001000023],[-87.734674,13.446951001000059],[-87.72202499899998,13.444032],[-87.717647,13.467546],[-87.721127,13.505794],[-87.736635,13.51172],[-87.745797,13.505782001000057],[-87.752766,13.518266001000029],[-87.762925,13.508068001000026],[-87.780396,13.510916001000055],[-87.777356,13.51972900100003],[-87.793327,13.524462],[-87.781089,13.53593],[-87.787054,13.543395],[-87.778318,13.567370001000029],[-87.784091,13.570949],[-87.773316,13.573797],[-87.768544,13.595039],[-87.754305,13.604544001000022],[-87.75546,13.690283],[-87.73237,13.715028],[-87.726559,13.733653],[-87.737027,13.747815],[-87.719325,13.768249],[-87.708203,13.803345],[-87.716621,13.820109001000048],[-87.745656,13.833761001000028],[-87.748968,13.858455001000038],[-87.799054,13.891904],[-87.800029,13.92068400100004],[-87.830397,13.918400001000066],[-87.844327,13.898312001000022],[-87.856335,13.894523],[-87.906874,13.901711],[-87.921891,13.893771001000061],[-87.922281,13.884911],[-87.943204,13.896167001000038],[-87.951367,13.891849],[-87.959502,13.902881],[-87.963849,13.89352],[-88.013475,13.871548],[-88.017112,13.893218],[-88.063855,13.944772],[-88.072638,13.992117001000054],[-88.107948,14.000966],[-88.163343,13.983559],[-88.23008,13.999920001000078],[-88.238282,13.990771001000041],[-88.236032,13.97068100100006],[-88.220074,13.954968001000054],[-88.227503,13.938227],[-88.264677,13.937667001000023],[-88.267206,13.913094001000047],[-88.289638,13.914416],[-88.313369,13.90219200100006],[-88.317288,13.889814001000047],[-88.345307,13.896449],[-88.356228,13.870276],[-88.376196,13.885189001000072],[-88.41364,13.87892],[-88.418342,13.885753001000069],[-88.431485,13.878649],[-88.439843,13.859571],[-88.466108,13.862852],[-88.46826,13.848831],[-88.492081,13.859968],[-88.491935,13.878461001000062],[-88.511033,13.911329],[-88.506562,13.9424],[-88.497744,13.952242],[-88.500474,13.967839001000073],[-88.529502,13.985781001000078],[-88.568285,13.977868],[-88.586638,14.007099],[-88.608425,14.005703],[-88.628167,14.022941],[-88.640438,14.016911],[-88.662781,14.024445],[-88.670786,14.009918001000074],[-88.683764,14.010123],[-88.682441999,14.032106],[-88.692288,14.043751],[-88.73789,14.056260001000055],[-88.728991,14.114325],[-88.739136,14.122156001000064],[-88.774598,14.102874],[-88.791978,14.11468],[-88.831225,14.104666],[-88.86661499899998,14.178606],[-88.900466,14.191030001000058],[-88.902628,14.205640001000063],[-88.940675,14.202666],[-88.972378,14.213129001000027],[-88.97001199899995,14.225149],[-88.991295,14.258316001000026],[-89.026001,14.271551],[-89.022208,14.314222001000076],[-89.034661,14.316575],[-89.037285,14.33335],[-89.08232,14.3412],[-89.081489,14.374488001000032],[-89.097769,14.402539],[-89.112734,14.402147],[-89.148077,14.352817001000062],[-89.16773,14.365765001000057],[-89.208799,14.373149],[-89.214751,14.388798001000055],[-89.231489,14.385568],[-89.299313,14.415878],[-89.32179,14.411119],[-89.355961,14.42046],[-89.34930575899995,14.438147577000052],[-89.35635721499995,14.46795256300004],[-89.30179030699998,14.493908518000069],[-89.30593783999996,14.50716780700003],[-89.28817287899994,14.51614726300005],[-89.28372657899996,14.532682845000068],[-89.26381391799998,14.547100327000066],[-89.23911279999999,14.584555815000044],[-89.16704339499995,14.571144022000055],[-89.15106870899996,14.583491022000032],[-89.14678976599998,14.611387768000043],[-89.15311940599997,14.617632155000024],[-89.14633432399995,14.629462244000024],[-89.15731968999995,14.670090904000062],[-89.13077078199996,14.712966351000034],[-89.16537616999994,14.731534874000033],[-89.16891391099995,14.775051423000036],[-89.22378465,14.834718058000021],[-89.22804261699997,14.882518374000028],[-89.20323991299995,14.902305734000038],[-89.18709356099998,14.904215061000059],[-89.17276863999996,14.92861074700005],[-89.17516185299996,14.941186986000048],[-89.16682967199995,14.944102232000034],[-89.15655964299998,14.979823037000074],[-89.18437990699994,15.002782297000067],[-89.16946288999998,15.029462107000029],[-89.17580553899995,15.036728850000031],[-89.15310692999998,15.056334804000073],[-89.15491677499995,15.06891424500003],[-88.97397634499998,15.13654550800004],[-88.84643594199997,15.24267911000004],[-88.67815205199997,15.342482348000033],[-88.60531621699994,15.413252641000042],[-88.57007291099995,15.426833209000051],[-88.56128478799997,15.44373936200003],[-88.34442709199999,15.618876100000023],[-88.32319606799996,15.652152786000045],[-88.32425464199997,15.672277780000059],[-88.31735620299997,15.669418092000058],[-88.31196315199998,15.681654924000043],[-88.30438761899995,15.670576585000049],[-88.281868923,15.674521889000061],[-88.28403094,15.694229464000045],[-88.27467388999997,15.684127543000045],[-88.26646602599999,15.692053564000048],[-88.26489072199996,15.680976091000048],[-88.25734636499999,15.691837146000069],[-88.24748085399995,15.68812207700006],[-88.25112063399996,15.696915371000046],[-88.24330275899996,15.698142266000048],[-88.24180339099996,15.71023137800006],[-88.25114579899997,15.723650273000032],[-88.22717817399996,15.721687036000048],[-88.16058625599999,15.682254536000073],[-88.12008943,15.68997739100007],[-88.10714234699998,15.706449254000063],[-88.10473145699996,15.727199299000063],[-88.08714570399997,15.733143553000048],[-88.07881440399996,15.74817155200003],[-88.04897584299994,15.766226515000028],[-88.05053223999994,15.783782705000021],[-88.00128449699997,15.786754353000049],[-87.94128693899995,15.816310628000053],[-87.93439759699999,15.827198727000052],[-87.93800629999998,15.838948950000031],[-87.96625794799996,15.845366223000042],[-87.94887055799995,15.866393788000039],[-87.90795411499994,15.863810284000067],[-87.87750520199995,15.886143429000072],[-87.81481446599997,15.902171835000047],[-87.75564851199994,15.895560010000054],[-87.72378816,15.92467091800006],[-87.67228211799994,15.89400456800007],[-87.64875306499994,15.894532902000037],[-87.65208711099996,15.880504353000049],[-87.64133729299994,15.875615820000064],[-87.63711823799997,15.890616162000072],[-87.64209260399997,15.902809843000057],[-87.64850892399994,15.895560010000054],[-87.64712037499999,15.905560238000078],[-87.63967408499997,15.910643322000055],[-87.63456239099997,15.905587895000053],[-87.62800874099997,15.91806004800003],[-87.60358704999999,15.929004416000055],[-87.62872590399996,15.90567181800003],[-87.62036408799997,15.880393727000069],[-87.51108826999996,15.776310667000075],[-87.52189912199998,15.792977078000035],[-87.45798005499995,15.782032712000046],[-87.432894606,15.814643605000072],[-87.39792146099995,15.817976698000052],[-87.37700929,15.848115667000059],[-87.14678468099999,15.787921652000023],[-87.09295167299996,15.787949308000066],[-86.90981568699993,15.755615934000048],[-86.83225526299998,15.768893942000034],[-86.78397645399997,15.799727185000052],[-86.67750825299998,15.788116200000047],[-86.52639283499997,15.807199223000055],[-86.50450410199994,15.817421659000047],[-86.41720094099998,15.77822659800006],[-86.39898194699998,15.786199315000033],[-86.36189545999997,15.781393751000053],[-86.33462037399994,15.802088482000045],[-86.28725709299994,15.813671811000063],[-86.22347535499995,15.871309979000046],[-86.18153657199997,15.888699276000068],[-86.16131104799996,15.888699276000068],[-86.12481202499998,15.905532582000035],[-86.07581605299998,15.897865994000028],[-86.01367463499997,15.901338322000072],[-85.93850983999994,15.929671033000034],[-85.91642274299994,15.964643224000042],[-85.91831483299995,15.998865827000031],[-85.94230927699994,16.009894117000044],[-85.98228730499994,16.00303338300006],[-86.01056184199996,16.01886628400007],[-86.00908936899998,16.02797768800002],[-85.86653413199997,16.008976682000025],[-85.72942628299995,15.971198780000066],[-85.69425477399994,15.958588345000067],[-85.59122743099994,15.896116001000053],[-85.50380982799999,15.865171179000072],[-85.46664704699998,15.859476789000041],[-85.40523042099994,15.878810629000043],[-85.29689301899998,15.878449185000022],[-85.21636475999998,15.894393667000031],[-85.170481581,15.914254887000027],[-85.09097566,15.973365529000034],[-85.05545319899994,15.986171467000077],[-85.01333894199996,15.98453210100007],[-84.92436494199995,15.957921727000041],[-84.77964295599998,15.89708779600005],[-84.65886964199996,15.867949230000022],[-84.64969910999997,15.862115605000042],[-84.66720093999999,15.843754513000022],[-84.67395295499995,15.80969880300006],[-84.65192689399998,15.775282606000076],[-84.64053620699997,15.772921307000047],[-84.61844910999997,15.785532696000075],[-84.62064637599997,15.817282422000062],[-84.60222901699996,15.805893643000047],[-84.58600892399994,15.780532583000024],[-84.56156434399998,15.78247712500007],[-84.55442323099999,15.771226628000022],[-84.55589570399997,15.781282170000054],[-84.54606141499994,15.77628205600007],[-84.53451051099995,15.78211568200004],[-84.53475465199995,15.79875443700007],[-84.52014436199994,15.797338232000072],[-84.51753510799995,15.808365567000067],[-84.50683869799997,15.80458806300004],[-84.49953736499998,15.817809803000046],[-84.48894776699996,15.80631040000003],[-84.48614777899996,15.811004383000068],[-84.489535231,15.821254477000025],[-84.50211610199995,15.818921788000068],[-84.51572694199996,15.834671719000028],[-84.61184205399996,15.85464356700004],[-84.60489930499995,15.85031007200007],[-84.61480988899996,15.848754629000041],[-84.64861573499996,15.866393788000039],[-84.46769990399997,15.827921612000068],[-84.30611695599998,15.81622670400003],[-84.08370484799997,15.636504873000035],[-83.89125336999996,15.465366109000058],[-83.80308808699994,15.413171514000055],[-83.72873200799995,15.392199262000076],[-83.74109162699995,15.373810513000024],[-83.75864686299997,15.368755086000021],[-83.83783997899997,15.424615605000042],[-83.88461579699998,15.439671263000037],[-83.92544831699996,15.441310629000043],[-83.93961610199995,15.453671201000077],[-83.92544831699996,15.451226933000044],[-83.93292512299996,15.473032698000054],[-83.95637025299999,15.488032086000032],[-83.96551026699996,15.50528214700006],[-83.96959199299994,15.49719880400005],[-83.99050416399996,15.497949346000041],[-84.04597749099997,15.526365979000047],[-84.05559052899997,15.524532064000027],[-84.04539765699997,15.522171719000028],[-84.07258881999996,15.479921086000047],[-84.08681000999997,15.487004980000052],[-84.10739411699996,15.465254530000038],[-84.12042512399995,15.476143582000077],[-84.10278596299997,15.434727414000065],[-84.11214722999995,15.424643261000028],[-84.12792481799994,15.430366262000064],[-84.13962068,15.42253278000004],[-84.12803162999995,15.409254774000033],[-84.13936890999997,15.402643902000023],[-84.13875855799995,15.394088491000048],[-84.10241975199995,15.342504246000033],[-84.08098115399997,15.333004697000035],[-84.05608643899996,15.334449513000038],[-84.03795136799994,15.321893438000075],[-84.03197755199994,15.338476881000076],[-84.04178132399994,15.367921576000072],[-84.05286683499997,15.374560101000043],[-84.05286683499997,15.382338269000059],[-84.04650391999996,15.381005032000076],[-84.05105866799994,15.388921484000036],[-84.02539338499997,15.394032225000046],[-84.02161683399999,15.402115568000056],[-83.97548188599995,15.396365866000053],[-83.89795197899997,15.347948773000041],[-83.87709321399996,15.326199277000057],[-83.83384217599996,15.317115529000034],[-83.82114686399996,15.299977049000063],[-83.80378236199994,15.292171225000061],[-83.80369843799997,15.282170994000069],[-83.82619752199997,15.267226919000052],[-83.80200471299997,15.268949254000063],[-83.79208649999998,15.278893217000075],[-83.79614533799997,15.287143452000066],[-83.79039277399994,15.28636620900005],[-83.76703156799994,15.256421788000068],[-83.77786530899994,15.231393559000026],[-83.76861848199997,15.205588086000034],[-83.77447785799995,15.197199566000052],[-83.76945008599995,15.193143591000023],[-83.76611604099998,15.204754576000028],[-83.75528230099997,15.198060736000059],[-83.75778474199996,15.209005102000049],[-83.73028077499998,15.196366056000045],[-83.71612061799993,15.203032239000038],[-83.71031464899994,15.233949408000058],[-83.67786683399999,15.24553273600003],[-83.67450990099996,15.256393178000053],[-83.65539826799994,15.263866169000039],[-83.65200318699993,15.290505154000073],[-83.63622559999999,15.303087933000029],[-83.63417329199996,15.290782673000024],[-83.59212006899998,15.293115362000037],[-83.59044923199997,15.28222726100006],[-83.56639375099996,15.287198765000028],[-83.55450715399996,15.27964375700003],[-83.55120362699995,15.290532812000038],[-83.55453767199998,15.297254309000039],[-83.57367219299994,15.287420971000074],[-83.57372559899994,15.304727299000035],[-83.58964814599994,15.303060277000043],[-83.59948243499997,15.313894018000042],[-83.62872590499995,15.298810704000061],[-83.63203706199994,15.308005079000054],[-83.65278138499997,15.313837751000051],[-83.65528382499997,15.33319924600005],[-83.66628541399996,15.326060040000073],[-83.65714539899994,15.322227224000073],[-83.66614808499997,15.313004239000065],[-83.68031586999996,15.339782460000038],[-83.68436707799998,15.328838093000059],[-83.69108857499998,15.341365560000042],[-83.73864259099997,15.354615911000053],[-83.73872651499994,15.373893483000074],[-83.71883668299995,15.39558766600004],[-83.67956056,15.364616140000066],[-83.62267579499996,15.335421307000047],[-83.47384156599998,15.288810475000048],[-83.39295472499998,15.25453255900004],[-83.35961427099994,15.211282477000054],[-83.33778657299996,15.138365492000048],[-83.30786408799997,15.088643774000047],[-83.23608674399998,15.032809956000051],[-83.15117158299995,15.002171263000037],[-83.15120432499998,14.996070086000032],[-83.17317803899994,14.990823290000037],[-83.20008787299997,14.99870934300003],[-83.23344631399993,14.982323372000053],[-83.27923825099998,14.990135245000033],[-83.28394958399997,14.977428925000027],[-83.29173042199994,14.98792234800004],[-83.27911318399998,14.993014970000047],[-83.27569899399998,15.005716387000064],[-83.30062194499999,14.999181215000021],[-83.34363353199996,15.010214571000063],[-83.34783274299997,14.995206875000065],[-83.36038768999998,15.014586044000055],[-83.38313179399995,15.015703709000036],[-83.40160237099997,15.029737038000064],[-83.40599170999997,14.999347582000041],[-83.41376263199999,15.003714527000056],[-83.42014508999995,14.990703272000076],[-83.43857583599998,14.99486866500007],[-83.46108239699998,14.98080486400005],[-83.48006101699997,14.990529405000075],[-83.47660184599994,15.004028052000024],[-83.50105673599995,15.010880796000038],[-83.51534448299998,14.990860033000047],[-83.52832596699994,14.99341688000004],[-83.52484378399998,14.97400329800007],[-83.54045492199998,14.979428281000025],[-83.52922440799995,14.94971311300003],[-83.54812642699994,14.95726815300003],[-83.53821308999994,14.941830817000039],[-83.55945836199999,14.939665366000042],[-83.56036880199997,14.912150523000037],[-83.57176465599997,14.918823880000048],[-83.57938005199998,14.91117446000004],[-83.59691677,14.920570887000054],[-83.59354265199994,14.903969032000077],[-83.615071388,14.899459274000037],[-83.60860392799998,14.892884023000022],[-83.61762730199996,14.86152214200007],[-83.62350704499994,14.862728244000039],[-83.62377582799996,14.878393107000022],[-83.66135689399994,14.879672547000041],[-83.68176593399994,14.866425836000076],[-83.692281859,14.88055885500006],[-83.69951604899995,14.858353245000046],[-83.71981803099999,14.856406199000048],[-83.71913459799998,14.847885228000052],[-83.69997734799995,14.850184089000038],[-83.70135880399994,14.824538446000076],[-83.71087037299998,14.842351791000056],[-83.72570142999996,14.834680852000076],[-83.74221893099997,14.846413961000053],[-83.73082428199996,14.819930594000027],[-83.75207172099994,14.831740049000075],[-83.75913823199994,14.80625270400003],[-83.77610934799998,14.811361543000032],[-83.78218224099999,14.823667459000035],[-83.78991510199995,14.803743466000071],[-83.81542937499995,14.812464831000057],[-83.81377327099995,14.802756632000069],[-83.79384290499996,14.799787063000053],[-83.78967408899996,14.790649933000054],[-83.79607007999994,14.788251438000032],[-83.80351872599994,14.798373566000066],[-83.81416225499999,14.789947341000072],[-83.82711246799994,14.795552142000076],[-83.84306414099996,14.773351431000037],[-83.87124902299996,14.767161213000065],[-83.87986460199994,14.770029082000065],[-83.87452058899999,14.783963879000055],[-83.88306538199998,14.78913243900007],[-83.88964427399998,14.763523099000054],[-83.89577450899998,14.768716607000044],[-83.89191123499995,14.787599847000024],[-83.89862131499996,14.78959859400004],[-83.90507343599995,14.774543766000022],[-83.91541432599996,14.792248931000074],[-83.91598539799998,14.774355384000046],[-83.93885596399997,14.773190103000047],[-83.92163212299994,14.756902256000046],[-83.92628601599995,14.747645545000069],[-83.94308390299994,14.758889428000032],[-83.98636568899997,14.748236926000061],[-83.99938222699996,14.76004650300007],[-84.01424692399996,14.746592540000051],[-84.02990530099999,14.746272659000056],[-84.04540982199995,14.752542593000044],[-84.03951901299996,14.765055205000067],[-84.04611783499996,14.774251437000032],[-84.08065221299995,14.757726844000047],[-84.08381536799999,14.787800084000025],[-84.11196566699994,14.790467695000075],[-84.11737108599993,14.775725643000044],[-84.09618694599999,14.73030742700007],[-84.12518683199994,14.733826029000056],[-84.16809429899996,14.714130799000031],[-84.18968214999995,14.716256687000055],[-84.21103878699995,14.733863050000025],[-84.22725589499998,14.733390261000068],[-84.22303362699995,14.754891041000064],[-84.23439910799993,14.760703355000032],[-84.27201255599994,14.733863050000025],[-84.26675555799994,14.686901771000066],[-84.25811729799995,14.678806488000077],[-84.27173522399994,14.664897647000032],[-84.29749903299995,14.663432847000024],[-84.31044134299998,14.684714512000028],[-84.32710746399994,14.675932485000033],[-84.34897295499997,14.67982661800005],[-84.35392793299997,14.689814098000056],[-84.34454925199998,14.701759577000075],[-84.36425585799998,14.717190249000055],[-84.38319929099998,14.681570732000068],[-84.41501758799996,14.656564187000072],[-84.41459319299997,14.642278992000058],[-84.43315310899999,14.63294967400003],[-84.46236804199998,14.63296428800004],[-84.46982868899994,14.615919962000078],[-84.49893297499995,14.621793882000077],[-84.50896590899998,14.636929765000048],[-84.53050972399996,14.630823250000049],[-84.53861989899997,14.644996998000067],[-84.52371502499994,14.648703142000045],[-84.52649566899998,14.657334244000026],[-84.56080029899994,14.650253355000075],[-84.56543917,14.658835027000066],[-84.58053943699997,14.653572332000067],[-84.58527143999999,14.666391264000026],[-84.59632070899994,14.658763256000043],[-84.62595905299997,14.662961453000037],[-84.63305544299999,14.677830938000056],[-84.66538728799998,14.672983094000074],[-84.67274702999998,14.694730723000077],[-84.70224719599997,14.665246879000051],[-84.70338340799998,14.692678396000076],[-84.71538680899994,14.692674672000066],[-84.74484223099995,14.715259220000064],[-84.74945130899994,14.731698941000047],[-84.74265583199997,14.748790731000042],[-84.758149098,14.740804509000043],[-84.77186080199994,14.749897408000038],[-84.76777458599997,14.761190800000065],[-84.75179096599999,14.753900331000068],[-84.74970828399995,14.76736098400005],[-84.78518174399994,14.792477400000053],[-84.79032044299998,14.816284382000049],[-84.81938514499996,14.829405934000022],[-84.84485951799996,14.82446608600003],[-84.85253393099998,14.812612175000027],[-84.89941404899997,14.815032201000065],[-84.93152553799996,14.771079745000065],[-84.92346567599998,14.766306589000067],[-84.92703997299998,14.759480548000056],[-84.96035189099996,14.757144883000024],[-85.02856291899997,14.702920091000067],[-85.02039970399994,14.68801088600003],[-85.02737244999997,14.673101683000027],[-85.04562630499998,14.671287634000066],[-85.05101175899995,14.660800171000062],[-85.05038939099995,14.65132888900007],[-85.03228520399995,14.646831711000061],[-85.02375518199995,14.63245034700003],[-85.04344880999997,14.611513755000033],[-85.02178949999995,14.609336935000044],[-85.04285977499995,14.574861955000074],[-85.08773472299998,14.552492187000041],[-85.10616421999998,14.560681619000036],[-85.12234557599999,14.585965594000072],[-85.15221706999995,14.571530863000078],[-85.14214255,14.561943819000078],[-85.14777561499994,14.544096753000076],[-85.13897395099997,14.518747960000042],[-85.14940053799995,14.488199413000075],[-85.18234433999999,14.471169321000048],[-85.18114069399996,14.42884911300007],[-85.19221424099999,14.407713081000054],[-85.20232487099997,14.406413143000066],[-85.20608024799998,14.387202946000059],[-85.22172765099998,14.375984962000075],[-85.21984996299994,14.368474208000066],[-85.19712511799997,14.365441020000048],[-85.199580557,14.346014166000032],[-85.19258335899997,14.329323603000034],[-85.18199127099996,14.333111078000059],[-85.18045060299994,14.315265013000044],[-85.15327461699997,14.302384993000032],[-85.18478367699998,14.250022358000024],[-85.20170398499994,14.257557229000042],[-85.24100814199994,14.252400796000074],[-85.26953446499994,14.262290638000025],[-85.28568459399997,14.260413632000052],[-85.29195053099994,14.250587538000048],[-85.30990646399994,14.256577331000074],[-85.34063222199995,14.248904346000074],[-85.34120657099999,14.23315148100005],[-85.35594514499996,14.231885043000034],[-85.36135401399997,14.213011169000026],[-85.36881272899996,14.213121057000023],[-85.36949044999994,14.22485576300005],[-85.38339457999996,14.221473696000032],[-85.37490657899997,14.21580666500006],[-85.37356853499995,14.19768907100007],[-85.38097671099996,14.194925033000061],[-85.37517387699995,14.182068206000054],[-85.39816230799994,14.162800942000047],[-85.40084536699999,14.144962418000034],[-85.39478635599994,14.139861359000065],[-85.40418324399997,14.134042200000067],[-85.40412414399998,14.122856152000054],[-85.42556596399999,14.11681248900004],[-85.43126270999994,14.106159095000066],[-85.45450348999998,14.114169315000026],[-85.46681996299998,14.092831543000045],[-85.47824384999996,14.093584218000046],[-85.47798171399995,14.08386990400004],[-85.49259939799998,14.088158645000021],[-85.49314198699994,14.076034493000066],[-85.50554400099998,14.088279145000058],[-85.50669416099998,14.063232502000062],[-85.52055567499997,14.059901478000029],[-85.51962908199994,14.047181481000052],[-85.56118084899998,14.050833251000029],[-85.55491538399997,14.06372663600007],[-85.57325606799998,14.06513482300005],[-85.57702581299998,14.043777290000037],[-85.59056516799996,14.044736391000072],[-85.60345442399995,14.02671659300006],[-85.62433375799998,14.021041417000049],[-85.62443075399995,14.008675492000066],[-85.66464800399996,14.012080538000077],[-85.66759970099997,13.985989260000053],[-85.67775188799999,13.979190861000063],[-85.68667854299997,13.989421651000043],[-85.70681834999993,13.992900102000021],[-85.73207126199998,13.969916651000062],[-85.75305346,13.967956662000063],[-85.75195811099996,13.928713877000064],[-85.76415904199996,13.88472015700006],[-85.73885720799996,13.871906243000069],[-85.73330201399995,13.86074977800007],[-85.74218718599997,13.85273281700006],[-85.73814789099998,13.84291950100004],[-85.75240992199997,13.832097512000075],[-85.75513428099998,13.84624924600007],[-85.79342571399997,13.841849981000053],[-85.81950214099999,13.848607531000027],[-85.82654942799996,13.870050837000065],[-85.84196476199998,13.884285968000029],[-85.83607581499996,13.905221677000043],[-85.84752034599995,13.918583568000031],[-85.88183359199996,13.929539548000037],[-85.89238164099999,13.904137908000052],[-85.91358132099998,13.90855773100003],[-85.91868468199993,13.937480141000037],[-85.92198376599998,13.931684354000026],[-85.96436570699996,13.95078355000004],[-85.96655917699997,13.959958493000045],[-85.98386304499996,13.969194720000075],[-85.99527335599998,13.963666832000058],[-86.02408933499999,13.997026665000021],[-86.04215920399997,13.996039385000074],[-86.00867508699997,14.055722414000059],[-86.00366385699994,14.070010567000054],[-86.01163625899994,14.080218377000051],[-86.03930633899995,14.076646346000075],[-86.04283922899998,14.069505950000064],[-86.07608218399997,14.06964393800007],[-86.07709609799997,14.063052612000035],[-86.10690835799994,14.058448608000049],[-86.11855427999996,14.04478129100005],[-86.13500477899998,14.049791279000033],[-86.13304519699994,14.044103623000069],[-86.15292570999998,14.034825777000037],[-86.15747191599996,14.024373570000023],[-86.14086368299996,14.007894831000044],[-86.14261314699996,13.997826509000049],[-86.15830619099995,13.993537371000059],[-86.16694534799996,13.980737589000057],[-86.19006728999994,13.984071732000075],[-86.18479438699995,13.958997947000057],[-86.19539341999996,13.95400735800007],[-86.19909018599998,13.935331806000022],[-86.21694134899997,13.936823367000045],[-86.22615440899995,13.92586691400004],[-86.22618102999996,13.906545639000058],[-86.24240147399996,13.904292740000074],[-86.24921200999995,13.885793288000059],[-86.27792031399997,13.875546041000064],[-86.27925735299993,13.857638375000022],[-86.29774462299997,13.852173629000049],[-86.30207892799996,13.836795490000043],[-86.29563193999996,13.817067563000023],[-86.31634549599994,13.802134986000056],[-86.31536277399994,13.792320523000058],[-86.33400615899996,13.768765869000049],[-86.36386051699998,13.762581303000047],[-86.37719723699996,13.770990391000055],[-86.38684241399994,13.76132285400007],[-86.41623200299995,13.757661676000055],[-86.44415359799996,13.767583265000042],[-86.45332874899998,13.790218646000028],[-86.47349761599997,13.770810403000041],[-86.48082883999996,13.776276267000071],[-86.49130905199996,13.76861279700006],[-86.52221698099999,13.779804198000022],[-86.53910553699995,13.804805789000056],[-86.58687508899999,13.785889058000066],[-86.60949968599994,13.781951695000032],[-86.62955274599994,13.787988880000057],[-86.65865736999996,13.77521293500007],[-86.66590961999998,13.784012975000053],[-86.72340347499994,13.786979202000055],[-86.76099406199995,13.768882088000055],[-86.76943837599998,13.754640259000041],[-86.76082073099997,13.717791388000023],[-86.78612453399995,13.662504374000036],[-86.75508828299996,13.651621200000022],[-86.74915117699999,13.639637651000044],[-86.76978538999998,13.577251470000022],[-86.75080803499998,13.56644976900003],[-86.741533641,13.486548810000045],[-86.72377087699994,13.457007937000071],[-86.72104648199996,13.434164975000044],[-86.74421053499998,13.401423592000071],[-86.73685800099997,13.38118627700004],[-86.71892876199996,13.379925163000053],[-86.70719823099995,13.365715212000055],[-86.70573184799997,13.303018929000075],[-86.75423446799994,13.267375135000066],[-86.80115996999996,13.303952121000066],[-86.83024411399998,13.314185183000063],[-86.84986311599994,13.30069538400005],[-86.867685425,13.304334180000069],[-86.87558613999994,13.280212676000076],[-86.90905842999996,13.268934269000056],[-86.91590749399995,13.260483769000075],[-86.90551266899996,13.25259188900003],[-86.91375754199998,13.233732522000025],[-86.90936623499994,13.224558948000038],[-86.92287159899996,13.223674001000063],[-86.91575236299997,13.211693528000069],[-86.93331287699993,13.180111977000024],[-86.91334348699996,13.155263992000073],[-86.93450539,13.12574965400006],[-86.92738132799997,13.119824827000059],[-86.92822193899997,13.10240940500006],[-86.91588841499998,13.099840290000031],[-86.91800986599998,13.091973473000053],[-86.95431134699999,13.063267991000032],[-86.95569677499998,13.037333226000044],[-86.97934133599995,13.021792821000076],[-86.99581756299995,13.021023417000038],[-87.00976288299995,13.002964180000049],[-87.01933826299995,13.000222763000068],[-87.02214890399995,13.008475984000029],[-87.02848419299994,12.98610826600003],[-87.04846985299997,12.988233206000075],[-87.05033537899999,12.980827562000059],[-87.04968255599994,12.992568427000037],[-87.06036209999996,12.993222531000072],[-87.064921756,13.002355425000076],[-87.31096308499997,12.987515342000052],[-87.29750336899997,13.01853249900006],[-87.27823151899997,13.025671705000036],[-87.27278413199997,13.02064393300003],[-87.27572907899997,13.04044888900006],[-87.28567017899996,13.025449497000068],[-87.31114472799999,13.02058766600004],[-87.34308900199994,13.040643437000028],[-87.37067689299994,13.08172677300007],[-87.31011475899999,13.09450505500007],[-87.33325471299997,13.100726828000063],[-87.33269776699996,13.106116040000074],[-87.34228791599998,13.09806035300005],[-87.35566987399994,13.110810025000035],[-87.36203278799996,13.10625432300003],[-87.39064301899998,13.114032492000035],[-87.40106477199998,13.108198865000077],[-87.42614259099997,13.113032087000022],[-87.43350495699997,13.100809796000021],[-87.42869843799997,13.12872670400003],[-87.43709077199998,13.169532521000065],[-87.46620454199996,13.222977383000057],[-87.45322694199996,13.222504361000063],[-87.44936646899998,13.233115896000072],[-87.46061982599997,13.228921637000042],[-87.48578156899998,13.263087971000061],[-87.50678529199996,13.268893940000055],[-87.51883973499997,13.26331017700005],[-87.51006593099999,13.292782528000032],[-87.48623170299999,13.304671032000044],[-87.47362031399996,13.277921422000077],[-87.46020020799995,13.277504666000027],[-87.44408692699994,13.31972668900005],[-87.46039857299996,13.29897664300006],[-87.46348084799996,13.277254803000062],[-87.47255982799999,13.28269933000007],[-87.47947968799997,13.310699209000063],[-87.47100343099999,13.319948895000039],[-87.46886720099997,13.342199071000039],[-87.45620240599999,13.334449514000028],[-87.44584168799997,13.339643223000053],[-87.45408906299997,13.334644063000042],[-87.45997895599999,13.354615910000064],[-87.42673005499995,13.352309926000032],[-87.41181458899996,13.368977293000057],[-87.38800324799996,13.371948941000028],[-87.38798035999997,13.385087713000075],[-87.37811555299999,13.391255124000054],[-87.40700806999996,13.403088314000058],[-87.40536774999998,13.416587575000051],[-87.41528596299997,13.409559948000037],[-87.41231049899994,13.41967175700006],[-87.42392243599994,13.415310606000048],[-87.43147553699998,13.387560589000032],[-87.44320191699995,13.384949429000073],[-87.43294801099995,13.384004338000068],[-87.44300355299998,13.372310384000059],[-87.47045411499994,13.371421559000055],[-87.48156251299997,13.386893971000063],[-87.47617616099996,13.362560018000067],[-87.48272980999997,13.354782804000024],[-87.51198090899999,13.375920994000069],[-87.51272858999994,13.369893773000058],[-87.50311555199994,13.370893225000032],[-87.50292481799994,13.358198865000077],[-87.51039399499996,13.352393849000066],[-87.51375855799995,13.359338507000075],[-87.52222718599995,13.34553216200004],[-87.53373231299997,13.342338307000034],[-87.56119813399994,13.356282933000045],[-87.55606355099997,13.36836598800005],[-87.56403626799994,13.360198721000074],[-87.59398164199996,13.358171208000044],[-87.57542695399997,13.345004782000046],[-87.57642640499995,13.321921093000071],[-87.58806123099998,13.30392144600006],[-87.59872712499998,13.311088308000024],[-87.628565687,13.308949215000041],[-87.64573182499998,13.316698773000041],[-87.66231049899994,13.336976751000066],[-87.65792359699998,13.36594937600006],[-87.65086640699997,13.363143667000031],[-87.63825501799994,13.37494920000006],[-87.62314881699996,13.364421591000053],[-87.60739411699996,13.379615530000024],[-87.58642091199994,13.378865940000026],[-87.59533967399994,13.381587728000056],[-87.58900727699995,13.386949284000025],[-87.62142457399995,13.377004370000066],[-87.60278596299997,13.40597699400007],[-87.60986604099998,13.421976788000052],[-87.62428559699998,13.419198735000066],[-87.61944856099996,13.430115446000059],[-87.62714661999996,13.438587889000075],[-87.60830964399997,13.459754689000022],[-87.62161530899994,13.453199132000066],[-87.62655915699997,13.456921323000074],[-87.61981477199998,13.46358846000004],[-87.62709321399996,13.466088041000035],[-87.64867677099994,13.461449368000046],[-87.64869965999998,13.453004582000062],[-87.67436494199995,13.433143360000031],[-87.65301026799995,13.433060392000073],[-87.65386475899999,13.407866224000031],[-87.66881074299994,13.406449063000025],[-87.65886964199996,13.391310438000062],[-87.67312134999997,13.39128278000004],[-87.67891969099998,13.370004399000038],[-87.69511689499996,13.372143492000077],[-87.6964520399999,13.36455987200003],[-87.71614350699997,13.363143667000031],[-87.71895112399994,13.356698736000055],[-87.74495210099997,13.351699574000065],[-87.74553193499997,13.363171324000064],[-87.75419892599996,13.358198865000077],[-87.76655854599994,13.375338299000077],[-87.78714265199994,13.37631009300003],[-87.78000916899998,13.384477360000062],[-87.79895295499995,13.38297723200003],[-87.80120362599996,13.39003251500003],[-87.78575410299999,13.399116262000064],[-87.80230988899996,13.393032773000073],[-87.81892670999997,13.407088025000064],[-87.81939794199997,13.407894229000021]]],[[[-86.89558488299997,16.12288259500002],[-86.87810681999997,16.121092282000063],[-86.87155569499998,16.112063470000066],[-86.88747225799995,16.086975159000076],[-86.89922600799997,16.096339408000063],[-86.91225100799994,16.08816203400005],[-86.90273244499997,16.096104784000033],[-86.91302913299995,16.097603221000043],[-86.92387588299994,16.086224970000046],[-86.91374363299997,16.088794407000023],[-86.91720544499998,16.08216203300003],[-86.95578119499999,16.068126282000037],[-86.99054669599997,16.080877095000062],[-86.98009213299997,16.100192158000027],[-86.94754607099998,16.105663095000068],[-86.93632682099997,16.121165033000068],[-86.91016563299996,16.11468128300004],[-86.89629388299994,16.122339345000057],[-86.89558488299997,16.12288259500002]]],[[[-86.20387231999996,16.411180595000076],[-86.20694856999995,16.416421783000033],[-86.20323544399997,16.411346597000033],[-86.20387231999996,16.411180595000076]]],[[[-86.19218100799998,16.425841470000023],[-86.22667031999998,16.408087159000047],[-86.22768213199998,16.425335533000066],[-86.19275044499994,16.42687534500004],[-86.19218100799998,16.425841470000023]]],[[[-86.27600200799998,16.430401720000077],[-86.23043419499999,16.426447345000042],[-86.22490686899994,16.419730068000035],[-86.26146919499996,16.413237409000033],[-86.26007013299994,16.420080222000024],[-86.26785806999999,16.419014783000023],[-86.27165381999998,16.407283970000037],[-86.29747744499997,16.413733783000055],[-86.32399856999996,16.39247503300004],[-86.33609169499994,16.39310572000005],[-86.33735738299998,16.40840209600003],[-86.33786250799994,16.39091565800004],[-86.35407144499999,16.398047846000054],[-86.35705300799998,16.386605470000063],[-86.36561038299999,16.395184533000076],[-86.37316507,16.385539908000055],[-86.38006769499998,16.391601407000053],[-86.38501025699998,16.387723032000054],[-86.37562369499994,16.381311909000033],[-86.38735756999995,16.38383584500002],[-86.39271069499995,16.365934908000042],[-86.41060900699995,16.36885940800005],[-86.41449025699995,16.35959609500003],[-86.41952288199997,16.368889784000032],[-86.42094825699996,16.358627408000075],[-86.43484919499997,16.363325407000048],[-86.45388400699994,16.349155284000062],[-86.46009519499995,16.35265290800004],[-86.47538894499996,16.33560765800007],[-86.48575981999994,16.335054597000067],[-86.48822975699994,16.32193634500004],[-86.49806269499999,16.32900578300007],[-86.50736931999995,16.319388407000076],[-86.55116713299998,16.312233408000054],[-86.60147175799995,16.266218783000056],[-86.59450419499996,16.308941034000043],[-86.54312094499994,16.345996659000036],[-86.52513919499995,16.35304572000007],[-86.51961407099998,16.34822372000002],[-86.51719175599999,16.356476533000034],[-86.51192656899997,16.358484908000037],[-86.51293588199997,16.352623471000072],[-86.46042719499997,16.378547345000072],[-86.44542881999996,16.375995158000023],[-86.39902563199996,16.404101345000072],[-86.35190256999994,16.42078603400006],[-86.27681919499997,16.43040565800004],[-86.27600200799998,16.430401720000077]]],[[[-86.18391531999998,16.428486409000072],[-86.19134313299998,16.430008972000053],[-86.18380782,16.431652158000077],[-86.18391531999998,16.428486409000072]]],[[[-86.14270444499994,16.44642972200006],[-86.12279863199996,16.44526490800007],[-86.12890925699998,16.436702720000028],[-86.165703695,16.427343595000025],[-86.16527281999998,16.434887783000022],[-86.14467475799995,16.446471658000064],[-86.14270444499994,16.44642972200006]]],[[[-85.85572956899995,16.51572784500007],[-85.84201756899995,16.513099908000072],[-85.84876594399998,16.50522703400003],[-85.82207419299993,16.50790859500006],[-85.81811094399995,16.492235409000045],[-85.85235025699996,16.485436720000052],[-85.84760969499996,16.46808297000007],[-85.86086556899994,16.451461597000048],[-85.87412594399996,16.456599658000073],[-85.90400575699994,16.44134297000005],[-85.897528132,16.437301284000057],[-85.95061150699996,16.401728346000027],[-85.93097756999998,16.453325782000036],[-85.91471638199994,16.451936033000038],[-85.90776369399998,16.481409283000062],[-85.88405313199996,16.50261972000004],[-85.86748056999994,16.500005283000064],[-85.85650644499998,16.51595128400004],[-85.85572956899995,16.51572784500007]]],[[[-83.92130279599996,17.407499313000073],[-83.94550323399994,17.407499313000073],[-83.93341827399996,17.418722152000043],[-83.92136383099995,17.410833360000026],[-83.92130279599996,17.407499313000073]]]]}},{"type":"Feature","properties":{"shapeGroup":"MEX","shapeType":"ADM0","shapeName":"Mexico"},"geometry":{"type":"MultiPolygon","coordinates":[[[[-114.68716430599994,18.384639741000058],[-114.68614196799996,18.370416641000077],[-114.69953155499996,18.35352706900005],[-114.76850128199999,18.342889787000047],[-114.77324676499995,18.37919425900003],[-114.72660827599998,18.377500535000024],[-114.69447326699998,18.384860994000064],[-114.68716430599994,18.384639741000058]]],[[[-91.54511261,18.788999559000047],[-91.52127838099995,18.763805391000062],[-91.51930236799996,18.74358367900004],[-91.53919219999995,18.741333008000026],[-91.57775116,18.717527391000033],[-91.58613586499996,18.721027375000062],[-91.58628082299998,18.733083726000075],[-91.56307983399995,18.74175071700006],[-91.576194763,18.744943620000072],[-91.62772369399994,18.71716690200003],[-91.66652679499998,18.677333832000045],[-91.67844390899995,18.654527664000057],[-91.70116424499997,18.64302825900006],[-91.72888946399996,18.644777298000065],[-91.73136138899997,18.65241623000003],[-91.71616363499999,18.66561126700003],[-91.73680877699996,18.664611816000047],[-91.76366424499997,18.640527726000073],[-91.82546996999997,18.622333527000023],[-91.85260772699996,18.640861512000072],[-91.85291290299995,18.651582717000053],[-91.75588989299996,18.684028626000043],[-91.63344573999996,18.755582809000032],[-91.55580902099996,18.785528184000043],[-91.54511261,18.788999559000047]]],[[[-110.97208404599996,18.870639802000028],[-110.95666503899997,18.864389419000076],[-110.91249847399996,18.796833040000024],[-110.90805816699998,18.77799987900005],[-110.92524719299996,18.721138],[-110.96102905299995,18.70827865700005],[-110.96824645999999,18.728195190000065],[-111.02655792299998,18.75166702200005],[-111.06008148199999,18.786972046000074],[-111.044723509,18.801666261000037],[-111.05755615199996,18.81991577100007],[-111.03255462499999,18.826583862000064],[-111.02369689999995,18.842750549000073],[-110.97655487099996,18.87169456400005],[-110.97208404599996,18.870639802000028]]],[[[-110.79923184399996,19.33176984800002],[-110.79195695399994,19.327970782000023],[-110.80048616,19.312751156000047],[-110.79598897899996,19.302400500000033],[-110.81376355199995,19.298188854000045],[-110.81876042,19.307183217000045],[-110.80020062499995,19.330026043000032],[-110.79923184399996,19.33176984800002]]],[[[-86.73441314699994,20.568666458000052],[-86.76674652099996,20.504749299000025],[-86.81230926499995,20.444084168000074],[-86.82766723599997,20.44147300800006],[-86.89352416999998,20.34983253400003],[-86.93025207599999,20.311527253000065],[-86.99114227299998,20.267583848000072],[-87.00597381599994,20.29438972500003],[-87.02219390899995,20.298444748000065],[-87.01330566399997,20.311582566000027],[-87.02991485599995,20.369249343000035],[-87.01997375499997,20.416666032000023],[-86.92739105199996,20.554111480000074],[-86.89813995399999,20.569139481000036],[-86.88088989299996,20.559888839000052],[-86.88077545099998,20.548194887000022],[-86.87075042699996,20.54158401500007],[-86.86013793999996,20.55322265600006],[-86.82772064199997,20.556583406000073],[-86.84333038299997,20.548944473000063],[-86.83894348099994,20.543277742000043],[-86.82089233399995,20.55024910000003],[-86.82655334499998,20.558639526000036],[-86.79261016799995,20.560777665000046],[-86.73094177199994,20.601610183000048],[-86.72994232199994,20.581916809000063],[-86.73441314699994,20.568666458000052]]],[[[-86.74182087599996,21.250678554000046],[-86.70969390899995,21.201944351000066],[-86.73346086399994,21.22017829300006],[-86.75152587899998,21.247499466000022],[-86.73998350999994,21.23901128600005],[-86.75293693499998,21.257660542000053],[-86.74546375299997,21.258735827000066],[-86.74182087599996,21.250678554000046]]],[[[-106.22804769299995,21.332543744000077],[-106.22216812499994,21.321090835000064],[-106.22725150199994,21.321764535000057],[-106.22933384899994,21.290713064000045],[-106.23815320199998,21.299348680000037],[-106.25732304499996,21.293469112000025],[-106.27942659499996,21.314837970000042],[-106.25769051799995,21.335238547000074],[-106.22823142999994,21.333033708000073],[-106.22804769299995,21.332543744000077]]],[[[-97.42515418999994,21.424210075000076],[-97.45000879999998,21.373434764000024],[-97.46788523599997,21.36353414900003],[-97.47384302899997,21.384684306000054],[-97.47108881699995,21.40679619900004],[-97.46534388299995,21.405712825000023],[-97.47306482999994,21.417767268000034],[-97.46395533299994,21.41979668700003],[-97.46870081699996,21.423796397000046],[-97.48678248199997,21.411629420000054],[-97.48695032899997,21.431017619000045],[-97.40764185799998,21.481699374000073],[-97.39989970199997,21.479517550000025],[-97.42588918899997,21.427041961000043],[-97.42515418999994,21.424210075000076]]],[[[-106.43877410899995,21.49583244300004],[-106.37002563299995,21.47741699200003],[-106.35780334499998,21.454584123000075],[-106.37930297899999,21.44572258000005],[-106.38758087199994,21.41663932800003],[-106.44477844199997,21.431472778000057],[-106.468170166,21.448139192000042],[-106.48058319099994,21.446416855000052],[-106.49822235099998,21.46319389300004],[-106.46174621599994,21.493165970000064],[-106.44239044199998,21.494943620000072],[-106.43877410899995,21.49583244300004]]],[[[-106.65608215399999,21.697471620000044],[-106.60011291499995,21.692417146000025],[-106.53491973899997,21.66022300700007],[-106.53730773899997,21.636110306000035],[-106.50524902399997,21.604389192000042],[-106.51496887199994,21.589776994000033],[-106.51002502499995,21.569805145000032],[-106.53089141799995,21.552083969000023],[-106.531608582,21.53905487000003],[-106.54125213599997,21.541666030000044],[-106.53839111299999,21.554138185000056],[-106.54853057899999,21.562305452000032],[-106.59696960499997,21.578361511000026],[-106.63097381599994,21.599082947000056],[-106.63275146399997,21.619138718000045],[-106.65682983399995,21.654861451000045],[-106.65016937299998,21.67822265800004],[-106.66005706799996,21.696527481000032],[-106.65608215399999,21.697471620000044]]],[[[-106.673638687,21.775113270000077],[-106.65841465399996,21.740770361000045],[-106.672807961,21.730120328000055],[-106.67910426499998,21.729496932000075],[-106.68826590799995,21.74920422200006],[-106.67492750899999,21.774443811000026],[-106.673638687,21.775113270000077]]],[[[-97.671663132,21.825120438000056],[-97.662210642,21.791931695000073],[-97.65521536599994,21.79231365100003],[-97.639964207,21.763453559000027],[-97.61788896699994,21.74676979800006],[-97.61446676999998,21.75087078000007],[-97.60243521499996,21.73012073500007],[-97.60446463399995,21.725314216000072],[-97.61732779299996,21.74020297900006],[-97.61011691899995,21.718202272000042],[-97.63280289499994,21.741098304000047],[-97.65368948699995,21.745898322000073],[-97.65485870599997,21.75643234300003],[-97.67627249499998,21.773675041000047],[-97.66809219199996,21.77323677000004],[-97.66909792999996,21.780048264000072],[-97.68972789099996,21.80600540200004],[-97.68447650799999,21.803064628000072],[-97.68405639699995,21.811046730000044],[-97.69738302999997,21.836897926000063],[-97.69191275399999,21.842703895000056],[-97.69918356699998,21.87528713200004],[-97.67271340899998,21.826170714000057],[-97.671663132,21.825120438000056]]],[[[-97.83801280199998,22.691810188000034],[-97.84052789199995,22.679790341000057],[-97.84858784499994,22.684959133000064],[-97.83801280199998,22.69255258000004],[-97.83801280199998,22.691810188000034]]],[[[-97.81625719199997,22.727725517000067],[-97.83963942299994,22.677766727000062],[-97.82539268799997,22.72748475000003],[-97.81514641099994,22.73281769600004],[-97.81625719199997,22.727725517000067]]],[[[-97.78853636599996,22.790454261000036],[-97.80965180299995,22.74324328600005],[-97.81435079099998,22.74603949400006],[-97.78815907999996,22.791539295000064],[-97.78853636599996,22.790454261000036]]],[[[-97.78378061399997,22.804008071000055],[-97.77714304099999,22.842147414000067],[-97.78286508699995,22.804980819000036],[-97.78378061399997,22.804008071000055]]],[[[-111.61783525399994,24.379291968000075],[-111.56580352799995,24.377416611000058],[-111.55611419699994,24.368499756000062],[-111.53263854999994,24.36750030500008],[-111.46077728299997,24.33663940400004],[-111.46150207499994,24.330749512000068],[-111.58058166499995,24.36819458000008],[-111.66696929899996,24.352972031000036],[-111.67082126399998,24.358917965000046],[-111.653546458,24.375591909000036],[-111.64513437799997,24.367630476000045],[-111.62185094399996,24.37709406600004],[-111.61783525399994,24.379291968000075]]],[[[-109.79430389399994,24.15552711500004],[-109.79730224599996,24.14105606100003],[-109.85913848899997,24.150806427000077],[-109.89058685299995,24.19319534300007],[-109.91913604799998,24.270305633000078],[-109.91405487099996,24.295389175000025],[-109.93424987799995,24.32736206000004],[-109.92955780099999,24.378583908000053],[-109.91677856499996,24.370416641000077],[-109.83522033699995,24.231666566000058],[-109.81397247199999,24.211778641000024],[-109.79352569599996,24.15672302400003],[-109.79430389399994,24.15552711500004]]],[[[-97.68377685499996,24.46163940400004],[-97.70541381899994,24.32999992400005],[-97.73503112799995,23.997249603000057],[-97.73491668699995,23.77577781800005],[-97.75338745099998,23.78069496300003],[-97.73833465599995,23.824028016000057],[-97.74361419699994,23.826360702000045],[-97.73983001699997,23.86711120600006],[-97.75027465799997,23.871665954000036],[-97.73921966399996,23.89286041400004],[-97.740806578,23.942304612000044],[-97.74575042699996,23.951639175000025],[-97.74327850399999,23.936639787000047],[-97.74991607699997,23.934917450000057],[-97.75502777099996,23.948028565000072],[-97.73999786399997,23.97319412300004],[-97.74211120599995,24.01502799900004],[-97.73288726799996,24.055833816000074],[-97.73791503899997,24.066667557000073],[-97.73041534399994,24.085805894000032],[-97.73711395199996,24.09330558700003],[-97.72877502499995,24.10580635100007],[-97.73377990699998,24.113306047000037],[-97.721252441,24.210805893000042],[-97.72836303699995,24.194555283000057],[-97.72958373999995,24.215000152000073],[-97.71961212199994,24.231666566000058],[-97.72255706799996,24.242860794000023],[-97.72880554199998,24.22497177100007],[-97.70794677699996,24.34497261200005],[-97.71544647199994,24.340000152000073],[-97.71794128399995,24.348333358000048],[-97.71294403099995,24.36497306800004],[-97.70458221499996,24.368278505000035],[-97.71461486799996,24.36830520700005],[-97.69877624599997,24.396610260000045],[-97.69958496099997,24.42416572700006],[-97.69294738799994,24.42747306800004],[-97.69713592499994,24.435832978000064],[-97.68961334199997,24.454971314000034],[-97.69464111299999,24.45913887000006],[-97.68624877799994,24.475805282000067],[-97.69047546299998,24.487499237000065],[-97.68289184599996,24.491611482000053],[-97.67961120599995,24.518304826000076],[-97.67211151099997,24.51663970900006],[-97.68294525099998,24.462499618000038],[-97.68377685499996,24.46163940400004]]],[[[-111.98394647699996,24.524805110000045],[-111.975815905,24.51812677600003],[-111.84605407699996,24.517471313000044],[-111.85522460899995,24.510084152000047],[-111.81922149699994,24.478555679000067],[-111.81996917699996,24.468416214000058],[-111.78121948199998,24.463222504000044],[-111.74894714399994,24.442583084000034],[-111.72255706799996,24.39399910000003],[-111.69488525399998,24.372417450000057],[-111.70508575399998,24.36238861100003],[-111.69374847399996,24.349582672000054],[-111.70960998499999,24.319639206000033],[-111.70994567899999,24.30133247400005],[-111.74708557099996,24.34886169400005],[-111.87472534199998,24.439611435000074],[-111.89649963399995,24.44772148100003],[-111.95749664299996,24.494083405000026],[-112.00452423099995,24.510639191000053],[-111.98733520499997,24.524860382000043],[-111.98394647699996,24.524805110000045]]],[[[-110.33586120599995,24.51844406200007],[-110.32580566399997,24.498443603000055],[-110.30872344999995,24.507999421000022],[-110.31160736099997,24.484111787000074],[-110.29888915999999,24.472000122000054],[-110.30036163199998,24.45438957300007],[-110.31755828899998,24.448860168000067],[-110.318496703,24.422361375000037],[-110.33322143599997,24.411527634000038],[-110.33197021499996,24.39966583300003],[-110.357780457,24.398277284000073],[-110.36311340299994,24.40844535900004],[-110.35324859599996,24.416610718000072],[-110.36508178699995,24.417861940000023],[-110.35902404799998,24.433721542000058],[-110.38055419899996,24.42933273400007],[-110.38416290099997,24.444221498000047],[-110.38513946499995,24.452028275000032],[-110.36086273199999,24.45655632000006],[-110.37733459499998,24.458694458000025],[-110.36425018299997,24.468555452000032],[-110.38324737499994,24.467082977000075],[-110.36827850399999,24.479639054000074],[-110.39236450199996,24.474916458000052],[-110.38983154299996,24.492305756000064],[-110.396469116,24.492944718000047],[-110.38858032199994,24.50536155700007],[-110.40261077899999,24.51786041200006],[-110.36475372299998,24.532499313000073],[-110.33922576899994,24.520750046000046],[-110.33586120599995,24.51844406200007]]],[[[-110.38216536999994,24.584380234000037],[-110.36039929699996,24.544519475000072],[-110.36739241299995,24.53254376500007],[-110.38024226299996,24.539973950000046],[-110.39038228099997,24.532019281000032],[-110.38793468999995,24.538924983000072],[-110.39737539599997,24.53875015500006],[-110.37254983599996,24.55212448800006],[-110.38417588999994,24.556670014000076],[-110.40795248399996,24.54486913100004],[-110.40533006499999,24.552911214000062],[-110.41109938599999,24.553610526000057],[-110.39213055899995,24.562788990000058],[-110.41485818499996,24.565848478000078],[-110.39571453099995,24.580009537000024],[-110.39772505199994,24.590848866000044],[-110.38373882099995,24.584904718000075],[-110.38216536999994,24.584380234000037]]],[[[-97.56708526499995,24.89836120700005],[-97.67127990699998,24.523332595000056],[-97.67877960199996,24.526666641000077],[-97.66874694799998,24.554971696000052],[-97.67044067399996,24.579195023000068],[-97.65791320799997,24.600000383000065],[-97.66130828799999,24.625833512000042],[-97.65169525199997,24.625389099000074],[-97.64708709799999,24.63500022900007],[-97.64377593999995,24.667472839000027],[-97.62455749499998,24.720806122000056],[-97.62963867199994,24.72249984700005],[-97.62127685499996,24.72827720600003],[-97.60461425799997,24.78661155700007],[-97.61125183099995,24.794195176000073],[-97.60041809099994,24.803304672000024],[-97.57794189499998,24.88330650300003],[-97.58210754399994,24.892471314000034],[-97.57624816899994,24.893333435000045],[-97.55213928199998,24.973304750000068],[-97.54544067399996,24.95994377100004],[-97.56541442899999,24.901666641000077],[-97.56708526499995,24.89836120700005]]],[[[-108.11499786399997,25.018749237000065],[-108.09252929699994,25.003694534000033],[-108.07169341999997,25.007888794000053],[-108.06377410899995,25.002445221000073],[-108.06044769299996,24.960832596000046],[-108.03713989299996,24.929138184000067],[-108.04374694799998,24.907499313000073],[-108.04958343499999,24.907499313000073],[-108.04208373999995,24.90333366400006],[-108.04291534399994,24.844165802000077],[-108.05377960199996,24.844999313000073],[-108.07375335699999,24.889972687000068],[-108.05041503899997,24.825000763000048],[-108.08833312999997,24.836221695000063],[-108.08750152599998,24.847055435000073],[-108.07752990699998,24.842082977000075],[-108.07544708299997,24.84749984700005],[-108.08208465599995,24.866638184000067],[-108.08628082299998,24.854110718000072],[-108.09130859399994,24.862472534000062],[-108.08794403099995,24.87666702300004],[-108.10044097899998,24.89497184800007],[-108.10208129899996,24.922500610000043],[-108.12000274699994,24.95122146600005],[-108.12291717499994,24.942499161000057],[-108.10710906999998,24.922500610000043],[-108.10749816899994,24.91291618300005],[-108.11589050299995,24.92374992400005],[-108.11416626,24.910417557000073],[-108.11877441399997,24.930860519000078],[-108.14630889899996,24.96163940400004],[-108.12875366199995,24.964166641000077],[-108.14666747999996,24.967027664000057],[-108.15083312999997,24.96119499200006],[-108.15708160399998,24.967527390000043],[-108.15419769299996,24.982084274000044],[-108.13835906999998,24.967889786000057],[-108.12458038299997,24.97669410700007],[-108.14211273199999,25.049139023000066],[-108.13291931199996,25.049139023000066],[-108.11711120599995,25.020805359000065],[-108.11499786399997,25.018749237000065]]],[[[-110.66603088399995,25.050443649000044],[-110.59708404499997,25.036556245000043],[-110.57646942099996,25.004222871000024],[-110.57152557399996,24.985416413000053],[-110.57663726799996,24.963138580000077],[-110.55222320499996,24.912082672000054],[-110.53416442899999,24.892471314000034],[-110.55586242699997,24.878250123000043],[-110.59566497799995,24.872749330000033],[-110.58078002899998,24.890193940000074],[-110.61902618399995,24.921443939000028],[-110.64438629099999,24.91916656500007],[-110.63835906999998,24.936916351000036],[-110.65316772399996,24.948888778000025],[-110.68055725099998,25.017084123000075],[-110.71819305399998,25.033388138000078],[-110.71477508499999,25.100833893000072],[-110.69991302499994,25.091972351000038],[-110.68653106699998,25.064138412000034],[-110.66919708199998,25.05083274800006],[-110.66603088399995,25.050443649000044]]],[[[-108.32203179599998,25.125781783000036],[-108.33107755499998,25.11628373600007],[-108.31802573599998,25.12155116100007],[-108.31961959299997,25.111459332000038],[-108.29466728399996,25.10519413000003],[-108.30883506999999,25.114389457000073],[-108.29821129699997,25.11748983800004],[-108.23672203299998,25.076444664000064],[-108.22841362199995,25.05141643500008],[-108.20758537499995,25.033166923000067],[-108.21922020199997,25.034805336000034],[-108.20171837099997,25.002306022000027],[-108.18008140799998,24.987278022000055],[-108.17755607799995,24.97480587000007],[-108.13010887399997,24.928112068000075],[-108.11253074899997,24.89974979400006],[-108.12594322399997,24.907278099000052],[-108.11678032099996,24.885612526000045],[-108.11636070499998,24.895195045000037],[-108.10341362199995,24.88977817500006],[-108.10677818499994,24.861473121000074],[-108.09672264299996,24.834806480000054],[-108.11630729899997,24.83519557900007],[-108.11964134399994,24.84269527400005],[-108.12008384899997,24.837278404000074],[-108.11127952799995,24.829361],[-108.09216789499999,24.83105663300006],[-108.10005668899998,24.826444664000064],[-108.09047416899995,24.827693977000024],[-108.08505729899997,24.815610923000065],[-108.11797050699994,24.82772258700004],[-108.12758354399995,24.838945427000056],[-108.12839225999994,24.860639610000078],[-108.22743865799998,25.018084403000046],[-108.27797416899995,25.071889915000042],[-108.33176406099994,25.103090287000043],[-108.34087712699994,25.119902040000056],[-108.32429323499997,25.12728941000006],[-108.32203179599998,25.125781783000036]]],[[[-112.12767028699994,25.274250030000076],[-112.12249755899995,25.212472916000024],[-112.15769195499996,25.135665893000066],[-112.16774749799998,25.086860657000045],[-112.16269683899998,25.05936050400004],[-112.17849731499996,25.039443970000036],[-112.16310882499994,25.024110794000023],[-112.15824890199997,24.98994445900007],[-112.16658019999994,24.98722267100004],[-112.15583038399996,24.973333359000037],[-112.181663513,24.966583253000067],[-112.19005584699994,24.95511055000003],[-112.18486023,24.930444718000047],[-112.16757965099998,24.91297149600007],[-112.180030822,24.886499405000052],[-112.19569396999998,24.90655517600004],[-112.19091796699996,24.912445068000068],[-112.18380737299998,24.906473161000065],[-112.18052673399995,24.91883277900007],[-112.19730377199994,24.92261123800006],[-112.19836425799997,24.915582657000073],[-112.19333648499997,24.889028551000024],[-112.17825317399996,24.871723175000056],[-112.19405364999994,24.860694885000044],[-112.20519256499995,24.869028091000075],[-112.20947265599995,24.856832506000046],[-112.22247314499998,24.855028154000024],[-112.218193053,24.848917008000058],[-112.24752807599998,24.841333390000045],[-112.22164154099994,24.846666336000055],[-112.21233367899998,24.840639114000055],[-112.20952606199995,24.82433319100005],[-112.22808074999995,24.836389541000074],[-112.22941589399994,24.826860427000042],[-112.22469329699999,24.830638887000077],[-112.21791839599996,24.81927871700003],[-112.19149780299995,24.810722351000038],[-112.19628143299997,24.804082872000038],[-112.18824768099995,24.805860519000078],[-112.18052673399995,24.793027878000032],[-112.17060851999997,24.794082643000024],[-112.17661285399998,24.791055679000067],[-112.16727447499994,24.77983284100003],[-112.17258453399995,24.76991653500005],[-112.13385772699996,24.737304687000062],[-112.13346862799995,24.715972900000054],[-112.12078094499998,24.70499992400005],[-112.11653137199994,24.687194824000073],[-112.14421844399999,24.653610231000073],[-112.14005279499997,24.637556077000056],[-112.10380554199998,24.61797142000006],[-112.080192566,24.587417604000052],[-112.07186126699997,24.58625030500008],[-112.07219696099997,24.574556350000023],[-112.05828094499998,24.558361053000056],[-112.05855560299995,24.540527343000065],[-112.08927917399996,24.548110962000067],[-112.10336303699995,24.55994415200007],[-112.104026794,24.580472946000043],[-112.11569213899998,24.601528168000073],[-112.14755248999995,24.621610643000054],[-112.15994262699996,24.645750045000057],[-112.1760253899999,24.653083803000072],[-112.16841888399995,24.672416688000055],[-112.14666747999996,24.669834137000066],[-112.13833618099994,24.684000015000038],[-112.14072418299997,24.726083755000047],[-112.15161132799994,24.74324989300004],[-112.20361328099995,24.781305313000075],[-112.22985839799998,24.789249421000022],[-112.25805664099994,24.782028198000035],[-112.26969146699997,24.801471710000044],[-112.26049804699994,24.786417009000047],[-112.26155853299997,24.749750137000035],[-112.28077697699996,24.779193879000047],[-112.30500030599995,24.796361923000063],[-112.30400085499997,24.809389116000034],[-112.28414154099994,24.820110321000072],[-112.21005248999995,24.999055863000024],[-112.15599822999997,25.18499946700007],[-112.14597320499996,25.269750595000062],[-112.12983703599997,25.275833130000024],[-112.12767028699994,25.274250030000076]]],[[[-109.01164245599995,25.444528580000053],[-109.01002502399996,25.43872261000007],[-108.91500091599994,25.44124984700005],[-108.90669250499997,25.42874908400006],[-108.91046905499996,25.439971924000076],[-108.902496338,25.440361023000037],[-108.82746887199994,25.410388947000058],[-108.82336425799997,25.415445328000033],[-108.79889959099995,25.369131904000028],[-108.89416503899997,25.415445328000033],[-109.02419280999999,25.438749313000073],[-109.01916503899997,25.444583893000072],[-109.01164245599995,25.444528580000053]]],[[[-110.77020004899998,25.697091847000024],[-110.76425139699995,25.691857033000076],[-110.76972415699998,25.67662848300006],[-110.75543753699998,25.606836935000047],[-110.75925452899997,25.59429913200006],[-110.787778318,25.60622618000008],[-110.80621913999994,25.65961533600006],[-110.78233529999994,25.708989152000072],[-110.77424513299997,25.71232039800003],[-110.77020004899998,25.698519524000062],[-110.77020004899998,25.697091847000024]]],[[[-111.08916473399995,26.055084228000055],[-111.09919738699995,26.03497314400005],[-111.10044097899998,26.00405502500007],[-111.08464050299995,25.99744415300006],[-111.08125305199997,25.969165802000077],[-111.11666870099998,25.993749619000027],[-111.13124847399996,25.986694336000028],[-111.13710784899996,25.962499618000038],[-111.18377685499996,25.898332596000046],[-111.18877410899995,25.853305818000024],[-111.20713806199996,25.84163856600003],[-111.20422363299997,25.80041694600004],[-111.23210906899999,25.816667557000073],[-111.23791503899997,25.83833313100007],[-111.230415344,25.854972841000063],[-111.22047424199997,25.858304977000046],[-111.22460937499994,25.875000001000046],[-111.21294403099995,25.900806427000077],[-111.20794677699996,25.94416618500003],[-111.18211364699994,25.973333360000026],[-111.18875121999997,25.993333816000074],[-111.17866516099997,26.01027870300004],[-111.19078063899997,26.026500703000067],[-111.15633392299998,26.043167114000028],[-111.15005492999995,26.054916382000044],[-111.12844085599994,26.044055938000042],[-111.08411407499995,26.06588936000003],[-111.08916473399995,26.055084228000055]]],[[[-110.03652193,27.087864738000064],[-110.00286427799995,27.081365222000045],[-109.97410284799997,27.064587720000077],[-109.94917627399997,27.040523990000054],[-109.94073010999995,27.017531519000045],[-109.96144781799995,27.04991939100006],[-110.01331426499996,27.07599642100007],[-110.04341789599994,27.08251567900004],[-110.03881606699997,27.08884319400005],[-110.03652193,27.087864738000064]]],[[[-115.23149871899994,28.37913894600007],[-115.21830749499998,28.36911201500004],[-115.21333312999997,28.344917297000052],[-115.19163513199999,28.32561111600006],[-115.17839050299995,28.287277222000057],[-115.17919158899997,28.243165970000064],[-115.16091918999996,28.214834213000074],[-115.15071868899997,28.170749664000027],[-115.15322113099995,28.15402793900006],[-115.17191314699994,28.12702751100005],[-115.16813659699994,28.08947181700006],[-115.182693482,28.06286048900006],[-115.17730712899998,28.04541587800003],[-115.18436431799995,28.033306122000056],[-115.20180511499996,28.044250488000046],[-115.229530335,28.03499984900003],[-115.23741912799994,28.043277740000065],[-115.255470275,28.043693544000064],[-115.25228118899997,28.05386161900003],[-115.26628112799995,28.084054947000027],[-115.29338836699998,28.105777740000065],[-115.33858489899995,28.104084014000023],[-115.35069274899996,28.09508323700004],[-115.36580657899998,28.104084014000023],[-115.35238647499995,28.11916732900005],[-115.35019683899998,28.139305114000024],[-115.32749938999996,28.13999939000007],[-115.31552887,28.148555757000054],[-115.25263977099996,28.23144531400004],[-115.24819183399995,28.249111175000053],[-115.279975891,28.305778503000056],[-115.26760864299996,28.329055786000026],[-115.27083587599998,28.354360582000027],[-115.26422119199998,28.371084213000074],[-115.23486328099995,28.37913894600007],[-115.23149871899994,28.37913894600007]]],[[[-112.90130615199996,28.684110643000054],[-112.86799621599994,28.67816734300004],[-112.75885772699996,28.602666855000052],[-112.77872466999997,28.582971573000066],[-112.79497528099995,28.59083366400006],[-112.82272338899998,28.62400055100005],[-112.85752868599997,28.645584106000058],[-112.88275146499996,28.650499344000025],[-112.87911224399994,28.656639100000064],[-112.90480804499998,28.684333801000037],[-112.90130615199996,28.684110643000054]]],[[[-112.55319213899998,28.729804993000073],[-112.543083191,28.70844459700004],[-112.55577850399999,28.669889450000028],[-112.607444763,28.66661071900006],[-112.61499786399997,28.72724914500003],[-112.55494689999995,28.733472824000046],[-112.55319213899998,28.729804993000073]]],[[[-118.25744628899997,29.19605636600005],[-118.28480529799998,29.154193878000058],[-118.28411102299998,29.135749817000033],[-118.28052520699998,29.116167070000074],[-118.25152587899998,29.101778030000048],[-118.22560882599998,29.06900024400005],[-118.219108582,29.014389038000047],[-118.22730255099998,29.002639772000066],[-118.22775268599997,28.980667114000028],[-118.21913909899996,28.967472076000035],[-118.22519683699994,28.93005561900003],[-118.24847412099996,28.892915725000023],[-118.29972076399997,28.883832932000075],[-118.28416442899999,28.900028230000032],[-118.30355834899996,28.93991661000007],[-118.29747009299996,28.94191741900005],[-118.30078124999994,28.957000734000076],[-118.29252624499998,28.970500946000072],[-118.31647491299998,28.98608398600004],[-118.30774688699995,28.992750168000043],[-118.30644226099997,29.012416839000025],[-118.32197570799997,29.04980468800005],[-118.36566924999994,29.083471298000063],[-118.351585388,29.124305726000046],[-118.36763763399995,29.159610748000034],[-118.33166503899997,29.179527284000073],[-118.29419708199998,29.17936134300004],[-118.25802612299998,29.197027208000065],[-118.25744628899997,29.19605636600005]]],[[[-112.28755187999997,29.223388672000056],[-112.279113769,29.222610474000078],[-112.28097534199998,29.20855522100004],[-112.26338958699995,29.192777635000027],[-112.27433013899997,29.167472839000027],[-112.27505493199999,29.136806488000047],[-112.23352813699995,29.092721939000057],[-112.22172546399997,29.05838966300007],[-112.19591522199994,29.020860672000026],[-112.196029663,29.004278183000054],[-112.212913513,28.99297142000006],[-112.21785736099997,28.959167480000076],[-112.20246887199994,28.976722719000065],[-112.19163513199999,28.974527359000035],[-112.21508026199996,28.957195282000043],[-112.23241424499997,28.90069389300004],[-112.24341583299997,28.888944627000058],[-112.24166870099998,28.868694305000076],[-112.25669097899998,28.85747146700004],[-112.27591705299994,28.816110612000045],[-112.27669525099998,28.793582916000048],[-112.26941680899995,28.78877830500005],[-112.27580261199995,28.784000396000067],[-112.25502777099996,28.766332627000054],[-112.29069519099994,28.76261138900003],[-112.315170288,28.744138717000055],[-112.33341979899996,28.761611939000034],[-112.34774780299995,28.764110565000067],[-112.36019134499998,28.756639482000026],[-112.36983489999994,28.772361755000077],[-112.38935851999997,28.77405548200005],[-112.41180419899996,28.797500611000032],[-112.46172332699996,28.798221588000047],[-112.47252654999994,28.818056107000075],[-112.49563598699996,28.819805145000032],[-112.50761413599997,28.835945131000074],[-112.55102539099994,28.854473115000076],[-112.56085967999996,28.867666245000066],[-112.57702636699997,28.865694047000034],[-112.58730316199996,28.874055862000034],[-112.53324890199997,28.903388977000077],[-112.48997497599998,28.95408248900003],[-112.50749969499998,29.012332916000048],[-112.50241851799996,29.054056169000035],[-112.50833129899996,29.064805985000078],[-112.49505615199996,29.07663917700006],[-112.48011016799995,29.167194366000047],[-112.46422576899994,29.188333513000032],[-112.44669341899998,29.200834274000044],[-112.41680908199999,29.186889648000033],[-112.40413665799997,29.18847274700005],[-112.36421966599994,29.220861435000074],[-112.30016326899994,29.224250795000046],[-112.27786254899996,29.242666246000056],[-112.27175140399999,29.240167619000033],[-112.289085388,29.225778580000053],[-112.28755187999997,29.223388672000056]]],[[[-113.53233337399996,29.57233238300006],[-113.52811431899994,29.55813980100004],[-113.49641418399995,29.553249360000052],[-113.46580505399999,29.52827835100004],[-113.44572448699995,29.507165909000037],[-113.44241332999997,29.48997306900003],[-113.41139221199995,29.47908401500007],[-113.37735748299997,29.40661048900006],[-113.36722564699994,29.40155601600003],[-113.39588928199998,29.360610962000067],[-113.39258575399998,29.321611406000045],[-113.315635682,29.293167115000074],[-113.30052947999997,29.301555635000057],[-113.29480743399995,29.296499252000046],[-113.28485870399999,29.301555635000057],[-113.28477477999996,29.294860839000023],[-113.20644378699996,29.303277970000067],[-113.19078063999996,29.290861131000042],[-113.20571899399994,29.259805680000056],[-113.19580840999998,29.20569420000004],[-113.20244598399995,29.14308357300007],[-113.177360535,29.10477829000007],[-113.17585754299995,29.077304841000057],[-113.12589263899997,29.063999177000028],[-113.14011382999996,29.042249680000054],[-113.14080810499996,29.005666733000055],[-113.14780426099998,29.000804901000038],[-113.27108001699997,29.07508277900007],[-113.29158019999994,29.111583711000037],[-113.32839202899999,29.15258407600004],[-113.37880706799996,29.18144416900003],[-113.39141845699999,29.202304840000068],[-113.42983245799996,29.22222137600005],[-113.46646880999998,29.293277740000065],[-113.51586151099997,29.29830551300006],[-113.52669524999999,29.31327820000007],[-113.52738952599998,29.34152793900006],[-113.54435729999994,29.350944519000052],[-113.56275176999998,29.38775062600007],[-113.59066772499995,29.419055940000078],[-113.60563659699994,29.42547226100004],[-113.61174774199998,29.45827865700005],[-113.58164215099998,29.524917604000052],[-113.590919494,29.559333801000037],[-113.57405853299997,29.56658363500003],[-113.57683563299997,29.556583406000073],[-113.56180572499994,29.553194046000044],[-113.53822326699998,29.57244491700004],[-113.53233337399996,29.57233238300006]]],[[[-114.78874969499998,31.805778503000056],[-114.75716400099998,31.79716682600008],[-114.70927429199998,31.74813842800006],[-114.71125030499996,31.736499786000024],[-114.70597076499996,31.74663925200008],[-114.65580749499998,31.71394538900006],[-114.64172363299997,31.68219375600006],[-114.64605712899998,31.65644455100005],[-114.68225097699997,31.668167115000074],[-114.68763732899998,31.683305742000073],[-114.68180846999996,31.68905639600007],[-114.68822479199997,31.684804918000054],[-114.71675109899996,31.717277528000068],[-114.69008636499996,31.687305450000053],[-114.68863677999997,31.675500870000064],[-114.70008087199994,31.67072296300006],[-114.71152496299999,31.676195146000055],[-114.71580505299994,31.690471649000074],[-114.71258544899996,31.67724990800008],[-114.726585388,31.68202781800005],[-114.78505706799996,31.721195222000063],[-114.80046844499998,31.751861572000053],[-114.79586029099994,31.805500030000076],[-114.78874969499998,31.805778503000056]]],[[[-97.22842304499994,25.95884127200003],[-97.20801038899998,25.963972788000035],[-97.18838087399996,25.953927168000064],[-97.17540232199997,25.965984460000072],[-97.15817442499997,25.96168833100006],[-97.15806305199999,25.94882012000005],[-97.14576277899994,25.957542886000056],[-97.15161408799997,25.830672010000058],[-97.17833985699997,25.69478295500005],[-97.20581330699997,25.625672085000076],[-97.43253602399994,25.229754193000076],[-97.52756013299995,25.015505537000024],[-97.53380860699997,25.014254315000073],[-97.53750886299997,25.025532467000062],[-97.52589692499998,25.028866513000025],[-97.52669801099995,25.05133889600006],[-97.51756562599996,25.051365598000075],[-97.52089204199996,25.06383775000006],[-97.50675477399994,25.098032696000075],[-97.51711549199996,25.099282009000035],[-97.51842011799994,25.107199414000036],[-97.50006379499996,25.103810055000054],[-97.51336945899999,25.11719964300005],[-97.50042237699995,25.110115750000034],[-97.496676343,25.138865216000056],[-97.48839845099997,25.146364912000024],[-97.49253358199996,25.152199490000044],[-97.48384370199994,25.154282315000046],[-97.48506440499995,25.170504315000073],[-97.47003449799996,25.18881104700006],[-97.46089448399994,25.223810896000032],[-97.40253724499996,25.316422209000052],[-97.39339722999995,25.34886620700007],[-97.37842072799998,25.358921749000046],[-97.38381471099996,25.367644055000028],[-97.40214814499996,25.368532880000032],[-97.42128266699996,25.33767197900005],[-97.41217317,25.375170454000056],[-97.42631043799997,25.365172131000065],[-97.42087068,25.37642167300004],[-97.43045319999999,25.376003964000063],[-97.451731581,25.356394513000055],[-97.43133820899999,25.381005032000076],[-97.41298188599995,25.381031736000068],[-97.39589204199996,25.40389321600003],[-97.41128816,25.423477873000024],[-97.43628205699997,25.418476803000033],[-97.44130982799999,25.430170759000077],[-97.45089234699998,25.43142197800006],[-97.44711579699998,25.44933770600005],[-97.46170319899994,25.438866360000077],[-97.45420350299997,25.433060391000026],[-97.46881379499996,25.42764352200004],[-97.46839417899997,25.439755185000024],[-97.49884309199996,25.450144513000055],[-97.51211823799997,25.446781857000076],[-97.50378693899995,25.456866010000056],[-97.520449537,25.452671751000025],[-97.53050507999995,25.47850488100005],[-97.55384339699998,25.475977644000068],[-97.55967225499995,25.485171063000053],[-97.56920136799994,25.473892912000053],[-97.56586732299996,25.45639298800006],[-97.55833710999997,25.453087552000056],[-97.57419861999995,25.446366055000055],[-97.56923188599995,25.440588696000077],[-97.57503785499995,25.434754118000058],[-97.56295289399998,25.430948957000055],[-97.54045380999997,25.43933747600005],[-97.54758729399998,25.42892144600006],[-97.53834046699995,25.429726345000063],[-97.53922547699995,25.418921217000047],[-97.515452284,25.39683793300003],[-97.50756348999994,25.407253965000052],[-97.51339234699998,25.390560850000043],[-97.50258912499999,25.390560850000043],[-97.50670136899998,25.370531781000068],[-97.49714936599997,25.376003964000063],[-97.49839295799995,25.362253889000044],[-97.48422517199998,25.36056016200007],[-97.49550904699998,25.351837857000078],[-97.52214326199999,25.37597726200005],[-97.53714265299999,25.373476727000025],[-97.52833833099999,25.38056062000004],[-97.53964509399998,25.386004193000076],[-97.56420411499994,25.37472604000004],[-97.55339326299998,25.37392114100004],[-97.55922974899994,25.357254727000054],[-97.551699537,25.353060467000034],[-97.55089845099997,25.337227566000024],[-97.55672730899994,25.33475564200006],[-97.54300965699997,25.337643370000023],[-97.55670442,25.315588696000077],[-97.53131379499996,25.301810011000043],[-97.52711762699994,25.320172055000057],[-97.52339448399994,25.31561540000007],[-97.53628816,25.285977110000033],[-97.56964387299996,25.28258775000006],[-97.56669892699995,25.300560698000027],[-97.57503785499995,25.29972718500005],[-97.56759156599998,25.312254650000057],[-97.57544984299994,25.323532804000024],[-97.61378754899994,25.308476194000036],[-97.61922730699996,25.328921064000042],[-97.63842286399995,25.333922133000044],[-97.62628449799996,25.342644438000036],[-97.62672700299998,25.358059629000024],[-97.61756409999998,25.37058900100004],[-97.64003266699996,25.358921749000046],[-97.647173781,25.38767121500007],[-97.65589417799998,25.379727110000033],[-97.65175904699998,25.367254956000068],[-97.66669740099996,25.367254956000068],[-97.67547883399999,25.38517068300007],[-97.68797578299996,25.377670987000045],[-97.69298066499994,25.39347718500005],[-97.70592011799994,25.394726498000068],[-97.69753541399996,25.398087248000024],[-97.70383729399998,25.41267083400004],[-97.71419801199994,25.404782040000043],[-97.70672883299994,25.401449902000024],[-97.71000947399995,25.388920529000075],[-97.72500886299997,25.378893597000058],[-97.71756257399994,25.379753812000047],[-97.71753205599998,25.37144921600003],[-97.74006165799995,25.34719918500008],[-97.72464265199994,25.349255307000078],[-97.72589387299996,25.330532773000073],[-97.70878114099997,25.309283003000075],[-97.69172944399998,25.34053300100004],[-97.72169770599999,25.279671414000063],[-97.72172822399995,25.25383828400004],[-97.73050965699997,25.25264428500003],[-97.73670472499998,25.261337980000064],[-97.73086823799997,25.265532240000027],[-97.75042237599996,25.270920500000045],[-97.75008668399994,25.278837904000056],[-97.78711976399995,25.291754469000068],[-97.77256287899996,25.271338209000078],[-97.81045045299999,25.25761674200004],[-97.81256379499996,25.250504239000065],[-97.79717530499994,25.250948652000034],[-97.78544892699995,25.26261590400003],[-97.760477918,25.26258729400007],[-97.73464478899996,25.230950102000065],[-97.72795380999997,25.230950102000065],[-97.72550477399994,25.241755230000024],[-97.70967377999995,25.243393643000047],[-97.69925965699997,25.220560774000035],[-97.70425691,25.19553254400006],[-97.67087068,25.17550538300003],[-97.68128480299998,25.157616360000077],[-97.73047913899995,25.15758775000006],[-97.73670472499998,25.163809521000076],[-97.72339906099995,25.18469880400005],[-97.73337068,25.183865292000064],[-97.738337415,25.19547723000005],[-97.75336732299996,25.185532315000046],[-97.74250306499994,25.17636559700003],[-97.74297608799998,25.155115826000042],[-97.76711549099997,25.140116437000074],[-97.77797974899994,25.144282086000032],[-97.78589906099995,25.13383744600003],[-97.76797761299997,25.130949720000046],[-97.75628175199995,25.142588362000026],[-97.73461427099994,25.135948880000058],[-97.72797669799996,25.14844964400004],[-97.72128571899998,25.138394102000063],[-97.71297730799995,25.150143368000045],[-97.69589509399998,25.150503857000047],[-97.70675935199995,25.120505078000065],[-97.70342530599999,25.076309902000048],[-97.72333802599996,25.055504545000076],[-97.72175874099997,25.039671644000066],[-97.73958863699994,25.035921795000036],[-97.72167481799994,25.035532697000065],[-97.72672547699995,25.020504698000025],[-97.71583833099999,25.013809904000027],[-97.73964204199996,25.001755459000037],[-97.75339784099998,24.978005154000073],[-97.73878754999998,24.967615826000042],[-97.72214783899994,24.98761628500006],[-97.72045411499994,24.970892651000042],[-97.68922700299998,24.95469926100003],[-97.69378175199995,24.939255459000037],[-97.64092530599999,24.927199108000025],[-97.65169801199994,24.92300484900005],[-97.64795197799998,24.909254774000033],[-97.66923035999997,24.926365599000064],[-97.68047608799998,24.894282086000032],[-97.68878449799996,24.905949338000028],[-97.70003785499995,24.90053246900004],[-97.68961610199995,24.899254545000076],[-97.69336976399995,24.888838513000053],[-97.68216981199998,24.890921337000066],[-97.675837415,24.881365522000067],[-97.68628205699997,24.876810772000056],[-97.70300568999994,24.88261674200004],[-97.68920411299996,24.874644026000055],[-97.70962037399994,24.855087979000075],[-97.71753205599998,24.89886544600006],[-97.73675813099999,24.90217088000003],[-97.72503175099996,24.896338209000078],[-97.73589600799994,24.886337980000064],[-97.72423066499994,24.87047646800005],[-97.74544801099995,24.860977871000046],[-97.73339356799994,24.85300515600005],[-97.74547852899997,24.845949872000062],[-97.73339356799994,24.843031628000062],[-97.74420441899997,24.84220002400008],[-97.73672761199998,24.83469842200003],[-97.75128449799996,24.830921872000033],[-97.74253358299995,24.833809599000062],[-97.74131287999995,24.823422177000054],[-97.73044862199998,24.821781857000076],[-97.73711671199999,24.809283003000075],[-97.72384156599998,24.819283230000053],[-97.71964539899994,24.80925439300006],[-97.70923127499998,24.810477002000027],[-97.74217500099996,24.782616360000077],[-97.72964753499997,24.78928254400006],[-97.71759309199996,24.78550408600006],[-97.72842683199997,24.774698956000066],[-97.71673096999996,24.776310667000075],[-97.71666993499997,24.768004162000068],[-97.73253144599994,24.75969956600005],[-97.720003981,24.75553201100007],[-97.72836579699998,24.749699339000074],[-97.72089661999996,24.749699339000074],[-97.72086610199995,24.721365673000037],[-97.73092164399998,24.69633744600003],[-97.72211732299996,24.703421339000045],[-97.72086610199995,24.697170956000036],[-97.74089326199999,24.67719911000006],[-97.71211518599995,24.685921414000063],[-97.71795167299996,24.67511628400007],[-97.73256196399996,24.67047761300006],[-97.72628297299997,24.671755537000024],[-97.71712006899998,24.65344880300006],[-97.71509065099997,24.659670576000053],[-97.70923127499998,24.656365140000048],[-97.72756471099996,24.593838437000045],[-97.74256409999998,24.485531552000054],[-97.76631440499995,24.486754162000068],[-97.76339234699998,24.497172100000057],[-97.77292145999996,24.506783232000032],[-97.77586640699997,24.50133775000006],[-97.77170075799995,24.557171568000058],[-97.82256592999994,24.54800484900005],[-97.81503571899998,24.555504545000076],[-97.82001008399999,24.572170956000036],[-97.82250489599994,24.553032621000057],[-97.83756532099994,24.568005307000078],[-97.82714356799994,24.580088360000047],[-97.84500397999994,24.58217118500005],[-97.84170045299999,24.574700102000065],[-97.85003175199995,24.568838818000074],[-97.84006013299995,24.555533154000045],[-97.84051026699996,24.534254774000033],[-97.83545197899997,24.54345010000003],[-97.83503236099995,24.536337597000056],[-97.85003175199995,24.533005461000073],[-97.84420289399998,24.53389428500003],[-97.85714234699998,24.556753858000036],[-97.86255921699995,24.549671872000033],[-97.85503663499998,24.53464387200006],[-97.86756409999998,24.52386544600006],[-97.85964478899996,24.517588360000047],[-97.86378754999998,24.510115368000072],[-97.84586610199995,24.502976163000028],[-97.84464539899994,24.49094842200003],[-97.81089295799995,24.516365751000023],[-97.85342683199997,24.477171643000077],[-97.85839356799994,24.462198956000066],[-97.833811659,24.41755936900006],[-97.79964722999995,24.414253933000055],[-97.83548249599994,24.413449034000053],[-97.82920350499995,24.406338437000045],[-97.83592500099996,24.398838742000066],[-97.82750977899997,24.393032773000073],[-97.83130921799994,24.38761590400003],[-97.81753816,24.38803170400007],[-97.82170380999997,24.379671795000036],[-97.81295289399998,24.37175439300006],[-97.80670442,24.375504239000065],[-97.82089509399998,24.357199415000025],[-97.81628693899995,24.34844849900003],[-97.80589570399997,24.348032696000075],[-97.80964936599997,24.334282621000057],[-97.79672517199998,24.337172254000052],[-97.79756440499995,24.316364988000032],[-97.79506196399996,24.368866667000077],[-97.78753175099996,24.37797616200004],[-97.79047669799996,24.389309628000035],[-97.79423035999997,24.38383744500004],[-97.78006257399994,24.41136620700007],[-97.78253449799996,24.420532925000032],[-97.76633729399998,24.444283232000032],[-97.74586762699994,24.44967149000007],[-97.75339784099998,24.42964433000003],[-97.75333680599994,24.33803246900004],[-97.74589814599994,24.30636666500004],[-97.75503816,24.25717233000006],[-97.75342072799998,24.268004162000068],[-97.74837006899998,24.266365750000034],[-97.76586427099994,24.183865292000064],[-97.77503480299998,24.172976240000025],[-97.76586427099994,24.150503857000047],[-97.77584351899998,24.10722611700004],[-97.77253236199994,24.087172253000062],[-97.79378785499995,24.06594918600007],[-97.79922761299997,24.073004469000068],[-97.78750886299997,24.083060011000043],[-97.79925813099999,24.08131097100005],[-97.78917207099994,24.104698880000058],[-97.80547608799998,24.09094880300006],[-97.80675782599997,24.101338131000034],[-97.81753816,24.099699720000046],[-97.80926026699996,24.095505461000073],[-97.80670442,24.05969880400005],[-97.79253663499998,24.04800484900005],[-97.795840162,24.032198651000044],[-97.80589570399997,24.033838971000023],[-97.80044831599997,24.02592156700007],[-97.79425324799996,24.02381013300004],[-97.78839387299996,24.042172177000054],[-97.79089631499994,24.062144026000055],[-97.77589692499998,24.068005307000078],[-97.77476014499996,23.97531007200007],[-97.79106416099995,23.968170866000037],[-97.77547730899994,23.97292207000004],[-97.78078736599997,23.964365706000024],[-97.77720155199995,23.90200494000004],[-97.77205933999994,23.87683747500006],[-97.77139558199997,23.896143659000074],[-97.76711549099997,23.874281629000052],[-97.76053132299995,23.871977551000043],[-97.76431550399997,23.849005444000056],[-97.75467194899994,23.837811215000045],[-97.75720490699996,23.822865232000026],[-97.74703492499998,23.80236504800007],[-97.75433625599999,23.78189347600005],[-97.77153291099995,23.781227812000054],[-97.78898133699994,23.76950524600005],[-97.77628602399994,23.77455972000007],[-97.75311555299999,23.76519845300004],[-97.73625459099998,23.769476637000025],[-97.76061524699998,23.41875527700006],[-97.76417054499996,23.410227520000035],[-97.76980866799994,23.41350434700007],[-97.76728333799997,23.43050454400003],[-97.77314271299997,23.429337248000024],[-97.77403535299999,23.412615522000067],[-97.76217164399998,23.405394299000022],[-97.76570405399997,23.339310391000026],[-97.77814759599994,23.33792184300006],[-97.76470460299998,23.326864941000053],[-97.76562012999995,23.275311215000045],[-97.77984132199998,23.27525399500007],[-97.76717652599996,23.270283445000075],[-97.75720490699996,23.051920636000034],[-97.76739777899996,23.054615719000026],[-97.76308717199998,23.085560543000042],[-97.76989259099997,23.051310284000067],[-97.78070344299994,23.049671871000044],[-97.75986756699996,23.043616040000074],[-97.76137055699996,22.891588910000053],[-97.77628602399994,22.84439347600005],[-97.76562012999995,22.887671217000047],[-97.76856507699995,22.937254652000036],[-97.76811494199995,22.88194917100003],[-97.78811921499994,22.840809568000054],[-97.785509962,22.827143414000034],[-97.80137147299996,22.775366528000063],[-97.82734193199997,22.762116177000053],[-97.84914674199996,22.71278260400004],[-97.869700331,22.72636674300003],[-97.85814179799996,22.711199505000025],[-97.84475983999994,22.707365735000053],[-97.85309113799997,22.685227140000052],[-97.88569917099994,22.64439271200007],[-97.89236726199994,22.596949322000057],[-97.86645020899994,22.572226270000044],[-97.86125458999999,22.557032331000073],[-97.84972657599997,22.622227414000065],[-97.85447968799997,22.630755171000033],[-97.84372987099994,22.652060254000048],[-97.84717072899997,22.675198300000034],[-97.83864869499996,22.675310833000026],[-97.85373200799995,22.57167123100004],[-97.85214509399998,22.465365156000075],[-97.82964600999998,22.359392865000075],[-97.784479993,22.26147721500007],[-97.80828370399996,22.253864987000043],[-97.78303803799997,22.25700448400005],[-97.79292573399994,22.225365384000042],[-97.79197968799997,22.186115965000056],[-97.72947968799997,22.006115658000056],[-97.59706391699996,21.811754927000038],[-97.56183900299999,21.77164338500006],[-97.45200623799997,21.671755536000035],[-97.34359254199995,21.59208749000004],[-97.32367219399998,21.56939385800007],[-97.32542695399997,21.519116147000034],[-97.34495057399994,21.460005505000026],[-97.40478791599998,21.351198896000028],[-97.42295350399996,21.248810513000024],[-97.43680848499997,21.250088437000045],[-97.43114747399994,21.31417153600006],[-97.44789399499996,21.35505937000005],[-97.43639649799997,21.382199032000074],[-97.41395081899998,21.402449354000055],[-97.42128266699996,21.40442155200003],[-97.40848054299994,21.428726895000068],[-97.414309399,21.433310254000048],[-97.37672700299998,21.478310330000056],[-97.37445344399998,21.497921690000055],[-97.38447846799994,21.520449383000027],[-97.37475861899998,21.52517197900005],[-97.39820374899995,21.55653260400004],[-97.44286622299995,21.58603165900007],[-97.45009126099995,21.593615278000073],[-97.44478120199994,21.59725449800004],[-97.45833863699994,21.597365124000078],[-97.49739350699997,21.643671734000065],[-97.51059235899999,21.673199400000044],[-97.54217042299996,21.694588407000026],[-97.56714906099995,21.73836587200003],[-97.58697785699997,21.74547646700006],[-97.60978211699995,21.781115277000026],[-97.62361420999997,21.784199460000025],[-97.62850465199995,21.818032010000024],[-97.63869752299996,21.826893553000048],[-97.63794984299994,21.84628175200004],[-97.65239228599995,21.858727201000022],[-97.65792359699998,21.885393841000052],[-97.67598237399994,21.91931031400003],[-97.69631470999997,21.91742203900003],[-97.69545258899996,21.948837979000075],[-97.72783936899998,21.986309750000032],[-97.76122559899994,22.068171246000077],[-97.77456178099999,22.07850526200008],[-97.76445283299995,22.063893063000023],[-97.76775636099995,22.04695008500005],[-97.75033845299998,22.023644192000063],[-97.75200929,22.012005551000073],[-97.71712006899998,21.95400498600003],[-97.72133912399994,21.928032620000067],[-97.69950379699998,21.883532270000046],[-97.70325745799994,21.84692071300003],[-97.71878327799999,21.83544991900004],[-97.69286622399994,21.787699444000054],[-97.69056214699998,21.717171414000063],[-97.67542542899997,21.660282835000032],[-97.66389741299997,21.63458894000007],[-97.64731110999998,21.627588971000023],[-97.65519990199994,21.61822770400005],[-97.64322938399994,21.62489388700004],[-97.62778748899996,21.55928300200003],[-97.61155976699996,21.53144906400007],[-97.59747590399996,21.52283738400007],[-97.59275330899999,21.497671826000044],[-97.57536591899998,21.470282301000054],[-97.539454359,21.465420469000037],[-97.50853242299996,21.480366452000055],[-97.48717011799994,21.45389436100004],[-97.48889436099995,21.435337767000078],[-97.5028943,21.414755568000032],[-97.48723115299998,21.34181092500006],[-97.43795289399998,21.300532086000032],[-97.43975343199997,21.24375413300004],[-97.42492188799997,21.24850533700004],[-97.420313734,21.204449399000055],[-97.40091981299997,21.15183900100004],[-97.30792512299996,20.971255047000056],[-97.32889832899997,20.968754515000057],[-97.33039368999994,20.961144192000063],[-97.30572785599998,20.966587765000043],[-97.26906098799998,20.888088925000034],[-97.23150910799995,20.839255078000065],[-97.22262086299997,20.800781950000044],[-97.20456208599995,20.78033898600006],[-97.19200410199994,20.746783003000075],[-97.19745149,20.731920941000055],[-97.20312012999995,20.746670469000037],[-97.20425691,20.734003766000058],[-97.19564332399995,20.72833894000007],[-97.18764771799994,20.695059521000076],[-97.160509962,20.64525483400007],[-97.05764283599996,20.53092072900006],[-96.99631013299995,20.476977094000063],[-97.05775727599996,20.468920453000067],[-97.01217164399998,20.47305939900008],[-96.98500336999996,20.467142805000037],[-96.94178284999998,20.403837902000078],[-96.79409302999994,20.258198483000058],[-96.79061402699995,20.24994920000006],[-96.79953278899995,20.247727139000062],[-96.77900971799994,20.229393705000064],[-96.78986634499995,20.247616513000025],[-96.78283967399994,20.246699078000063],[-96.70947541599998,20.168226942000047],[-96.61131562599996,20.05017159700003],[-96.61442078899995,20.045059903000038],[-96.56331147599997,19.998255475000065],[-96.55987061899998,19.972866757000077],[-96.52034272499998,19.922949537000022],[-96.48122681999996,19.880366070000036],[-96.44809235899999,19.85728333900005],[-96.43897523299995,19.820282682000027],[-96.41972627099994,19.79714272700005],[-96.42214478899996,19.782032712000046],[-96.39367188899996,19.726977093000073],[-96.40633668299995,19.706976637000025],[-96.39278687799998,19.675699934000022],[-96.40084351899998,19.67306016300006],[-96.39892091099995,19.645504698000025],[-96.37709321399996,19.60969994900006],[-96.37978638999994,19.572060331000046],[-96.32878388699999,19.50522683400004],[-96.31400575099997,19.462921841000025],[-96.32464875599999,19.448837980000064],[-96.32370271099995,19.409670575000064],[-96.30700959599994,19.369810803000064],[-96.30964936699996,19.338837368000043],[-96.28614320199995,19.309477551000043],[-96.30639924399998,19.31131051400007],[-96.28375520099996,19.308754666000027],[-96.24158753699999,19.27278207200004],[-96.18181123199997,19.248142942000072],[-96.170313734,19.217921002000026],[-96.14712037499999,19.20975564400004],[-96.13856019399998,19.215809568000054],[-96.12514771699995,19.206337674000054],[-96.12350739799996,19.174948439000048],[-96.09528626899998,19.149672253000062],[-96.10717286399995,19.126282437000043],[-96.10514344599994,19.099421246000077],[-96.05875672699995,19.062865002000024],[-96.015978712,19.057949766000036],[-95.98592652699995,19.063032849000024],[-95.97117127799999,19.051338894000025],[-95.96789826699995,18.998865826000042],[-95.95884217599996,18.96389268200005],[-95.93878449799996,18.92953179600005],[-95.93636597999995,18.904671414000063],[-95.82470216199994,18.81983826900006],[-95.74375428599996,18.784588559000042],[-95.75478638999994,18.75969956600005],[-95.79061402699995,18.787310345000037],[-95.803088087,18.783060772000056],[-95.80961884799996,18.799643263000064],[-95.82294740099996,18.80219911000006],[-95.82636536999996,18.812254652000036],[-95.83892335299998,18.809754116000022],[-95.84897889499996,18.82461617900003],[-95.86561860399996,18.82133744600003],[-95.86822785799995,18.809033139000064],[-95.84051026699996,18.80308793300003],[-95.85228242299996,18.795393689000036],[-95.85458649999998,18.777809842000067],[-95.82039918299995,18.76389382600007],[-95.80956544299994,18.74283860500003],[-95.81539430099997,18.73133729400007],[-95.82473267899996,18.731421217000047],[-95.83133973499997,18.74203179700004],[-95.82814301899998,18.730448468000077],[-95.83650483499997,18.74472688000003],[-95.84803284999998,18.74219964200006],[-95.85884370199994,18.72964356700004],[-95.85869874399998,18.715420469000037],[-95.80956544299994,18.71725533800003],[-95.80317200999997,18.723837599000035],[-95.80347718599995,18.748726590000047],[-95.7815045299999,18.753115399000023],[-95.77517213199997,18.747532591000038],[-95.76834382399994,18.753588421000075],[-95.72381104899995,18.727171644000066],[-95.66794862199998,18.718920453000067],[-95.73395051399996,18.737311110000064],[-95.74478425399997,18.766449674000057],[-95.73706330599998,18.78403161400007],[-95.68297852899997,18.745615705000034],[-95.59198274,18.722170575000064],[-95.46551026699996,18.713087780000023],[-95.31869782799998,18.71550439300006],[-95.290507215,18.72392152200007],[-95.25950898499997,18.710531933000027],[-95.21222962699994,18.707838759000026],[-95.18709077299997,18.71800492500006],[-95.182558912,18.703310713000064],[-95.16381348999994,18.691422207000073],[-95.12381257399994,18.67892144600006],[-95.12542237699995,18.664616330000058],[-95.11697663699994,18.657198652000034],[-95.07612122899997,18.647198423000077],[-95.07542695399997,18.629477247000068],[-95.06125916799994,18.628088696000077],[-95.05794801099995,18.606976254000074],[-95.04381074299994,18.603005155000062],[-95.04975404099997,18.59203217700008],[-95.04303254499996,18.58211587200003],[-94.98786439299994,18.559422238000025],[-95.00973023799997,18.55872605600007],[-95.01198090899999,18.536392910000075],[-95.03228272799998,18.533644421000076],[-95.02559174899994,18.511393292000037],[-95.01061524599999,18.511393292000037],[-95.01811494199995,18.514698727000052],[-95.01703156799994,18.525616392000074],[-95.00545014799997,18.516449673000068],[-95.01714600899999,18.529616101000045],[-95.00850953399998,18.53561662100003],[-94.98972596599998,18.527088864000063],[-95.01050843599995,18.554587110000057],[-94.97461976399995,18.562199339000074],[-94.93275727699995,18.55253289500007],[-94.83625306499994,18.55006097100005],[-94.80536927599996,18.54042123200003],[-94.77581300199995,18.504893048000042],[-94.76636781099995,18.450421078000034],[-94.73353089699998,18.418726667000044],[-94.72695435799994,18.38744996400004],[-94.66128816,18.332337126000027],[-94.65587128999994,18.306227430000035],[-94.62137116799994,18.28442071300003],[-94.62384309199996,18.257309660000033],[-94.60039796199999,18.191254362000052],[-94.54025544499996,18.157088024000075],[-94.45292176599997,18.149672254000052],[-94.41745270999996,18.155726178000066],[-94.41103638999994,18.14942048300003],[-94.42814912199998,18.097866758000066],[-94.43853272799998,18.093476042000077],[-94.44117249899995,18.108282788000054],[-94.44384278599995,18.094309552000027],[-94.43936433099998,18.08464310900007],[-94.42776002299996,18.087088331000075],[-94.41811646899998,18.059672102000036],[-94.42486848199997,18.096005184000035],[-94.41198243499997,18.133921368000074],[-94.40725983999994,18.13722680500007],[-94.40375794799996,18.118809445000068],[-94.38686646799994,18.129503949000025],[-94.40628327699994,18.12764428500003],[-94.40864838999994,18.15808747500006],[-94.32964600899999,18.165894253000033],[-94.14387025199994,18.212172253000062],[-94.13297547699995,18.20930932400006],[-94.14295472499998,18.203060849000053],[-94.14062012999995,18.193144543000074],[-94.13986481999996,18.200449690000028],[-94.13539399499996,18.19306062000004],[-94.13392152199998,18.198921902000052],[-94.13212098499997,18.17264436100004],[-94.13183869699998,18.184754118000058],[-94.12311829999999,18.18108819200006],[-94.12234010099996,18.192003948000036],[-94.11131562599996,18.183060391000026],[-94.095171828,18.19547723200003],[-94.12600983899995,18.191977247000068],[-94.13061799399998,18.216337902000078],[-93.85939301899998,18.299698576000026],[-93.85475434599994,18.296782240000027],[-93.87956513799998,18.28222726200005],[-93.89055909499996,18.25794862200007],[-93.88036622399994,18.240366680000022],[-93.81800355399997,18.24806092500006],[-93.76314820699997,18.268837674000054],[-93.75686921499994,18.263754591000065],[-93.76628388799998,18.312199337000038],[-93.74061860499995,18.326199278000047],[-93.73276032799998,18.31750558300007],[-93.69122590399996,18.339699490000044],[-93.69789399499996,18.32547639300003],[-93.68284119899994,18.316309674000024],[-93.60520448099999,18.33136628400007],[-93.58717622199998,18.350533232000032],[-93.59620179499996,18.357170804000077],[-93.58958711099996,18.39294885000004],[-93.63264741299997,18.378922207000073],[-93.65445222299996,18.36203263500005],[-93.68125428499997,18.36039422300007],[-93.69606294,18.35006020800006],[-93.689677137,18.347727521000024],[-93.69459046699995,18.343060240000057],[-93.70034303099999,18.351643307000074],[-93.72345246699996,18.34380982600004],[-93.728869337,18.333809597000027],[-93.73292054599995,18.340004666000027],[-93.76784028499998,18.325394376000077],[-93.78170289399998,18.306282742000064],[-93.83803071399996,18.29972718600004],[-93.848009962,18.289532406000035],[-93.85048188599995,18.30133889600006],[-93.54883851399995,18.416144116000055],[-93.44958771899996,18.44622682000005],[-93.34556092599996,18.451338513000053],[-93.15217103299995,18.442116484000053],[-93.17444886599998,18.42414353600003],[-93.165148634,18.43292115500003],[-93.15394868299995,18.421227200000033],[-93.16228761099995,18.410198910000076],[-93.16386689599994,18.41783784300003],[-93.17859162699995,18.408116087000053],[-93.17795075799995,18.37047646900004],[-93.13714875599999,18.372227415000054],[-93.11545075699996,18.38819955100007],[-93.11200990099996,18.376143200000058],[-93.12709321399996,18.365504010000052],[-93.13036622399994,18.342226727000025],[-93.10808839199996,18.376143200000058],[-93.09283723299995,18.374560101000043],[-93.07895173399999,18.384949429000073],[-93.07534303099999,18.398894055000028],[-93.11961640699997,18.412115795000034],[-93.12447633199997,18.420449003000044],[-93.12603272799998,18.413143856000033],[-93.13753785499995,18.42042229900005],[-93.13939179799996,18.414004071000022],[-93.14837159599995,18.420727476000025],[-93.15142335299998,18.415615781000042],[-93.15297974999999,18.42300485000004],[-93.13608826999996,18.430477842000073],[-93.14717378099994,18.440338833000055],[-93.10122956699996,18.439755185000024],[-93.07703675699997,18.42231057400005],[-93.06489838899995,18.42369912500004],[-93.078310865,18.424587950000046],[-93.09461488099998,18.438032849000024],[-93.06219758399999,18.431309446000057],[-92.95420350299997,18.433977826000046],[-92.77292146099995,18.50539277300004],[-92.73044862199998,18.546087963000048],[-92.70308961299997,18.60119889500004],[-92.69028748899996,18.592282040000043],[-92.68436707799998,18.57672761300006],[-92.69189729099998,18.57375405700003],[-92.682032484,18.573172314000033],[-92.65364350699997,18.502281888000027],[-92.65536774999998,18.54317162700005],[-92.68194855999997,18.58389352100005],[-92.67947663699994,18.611338362000026],[-92.68773164199996,18.612032636000038],[-92.68531312399995,18.618059858000038],[-92.66770448099999,18.60975526200002],[-92.59881104899995,18.613865599000064],[-92.47687043599996,18.651449902000024],[-92.47025574999998,18.634031994000054],[-92.471979993,18.65378259000005],[-92.34636964299995,18.67805932300007],[-91.97658814799996,18.717449887000043],[-91.95434083399994,18.704394085000047],[-91.91442384099997,18.64622758200005],[-91.85839356799994,18.615198835000058],[-91.85361756699996,18.59519837600004],[-91.87050904599994,18.570282682000027],[-91.88181580999998,18.570172055000057],[-91.883898634,18.58292077300007],[-91.90675629999998,18.564587338000024],[-91.92928590199995,18.569922192000035],[-91.93145264999998,18.58206055900007],[-91.94025697099994,18.585421308000036],[-91.92375459099998,18.600088820000053],[-91.92583741599998,18.613394483000036],[-91.94636811599997,18.611170514000037],[-91.97300996199994,18.586060270000075],[-92.00878419299994,18.598948225000072],[-92.01253785499995,18.585587246000046],[-92.00372590399996,18.58072732200003],[-91.98122681999996,18.586115583000037],[-91.97719849899994,18.57708810200006],[-92.01481141499994,18.558115704000045],[-92.02350892299995,18.572060330000056],[-92.02028169,18.57967065100007],[-92.03042115599999,18.58475564200006],[-92.02617158299995,18.58061669700004],[-92.03705872899997,18.577282651000075],[-92.02105988899996,18.576338513000053],[-92.02781190199994,18.56461594800004],[-92.01825990099996,18.56617043700004],[-92.01828278999994,18.547505124000054],[-92.03042115599999,18.553032620000067],[-92.03367127799999,18.542422041000066],[-92.01945008599995,18.535143597000058],[-92.01525391999996,18.542172178000044],[-92.01286591899998,18.52733872700003],[-91.97906007199998,18.515976651000074],[-91.95053376499999,18.53033898600006],[-91.94856538199997,18.538643582000077],[-91.96859254199995,18.569283232000032],[-91.96414460499994,18.57856057400005],[-91.92661561399996,18.54719994800007],[-91.90108765999997,18.557032330000027],[-91.89869965899999,18.54600404000007],[-91.90936555299999,18.53389428400004],[-91.87559022299996,18.526921017000063],[-91.86042298699994,18.51289437500003],[-91.86889924499997,18.501282438000032],[-91.87328614599994,18.51261590400003],[-91.884425062,18.511088117000043],[-91.88498200799995,18.501892790000056],[-91.87308778199997,18.494421704000047],[-91.82314576499994,18.492005094000035],[-91.78039826799994,18.473032696000075],[-91.63775910699997,18.44186662100003],[-91.55753602399994,18.438532576000057],[-91.53473176399996,18.446255429000075],[-91.52344788899995,18.48067162800004],[-91.49517335299998,18.501143200000058],[-91.38464631399995,18.547171338000055],[-91.32294740099996,18.561310513000024],[-91.30439271199998,18.60631058900003],[-91.308588881,18.622698529000047],[-91.28781403899995,18.646198971000047],[-91.28025330899999,18.675282223000067],[-91.25281037699995,18.697865231000037],[-91.24606599199996,18.738865598000075],[-91.232645887,18.74850533700004],[-91.25264252999995,18.744253859000025],[-91.29950990099996,18.78853295600004],[-91.31325806999996,18.78922723100004],[-91.34267701499994,18.766199810000046],[-91.38544740099996,18.78619836100006],[-91.39506043699998,18.81175492500006],[-91.40403260599999,18.80781053000004],[-91.40711488099998,18.81381104700006],[-91.37956513799998,18.846087201000046],[-91.37739838999994,18.864504559000068],[-91.38878144699999,18.863505109000073],[-91.39972962799999,18.84225533700004],[-91.41775788699994,18.842116102000034],[-91.41437043599996,18.816282971000078],[-91.42550935099996,18.817921383000055],[-91.43817414699998,18.80264352100005],[-91.45270051399996,18.802782757000045],[-91.47525300399997,18.78447602500006],[-91.48464478899996,18.793337567000037],[-91.51228608499997,18.787144407000028],[-91.50928773299995,18.808338864000063],[-91.46567048399999,18.847977384000046],[-91.45303620699997,18.87014268300004],[-91.40133942799997,18.907837612000037],[-91.24528779399998,18.969477398000038],[-91.18539704699998,19.001311048000048],[-91.11245240599999,19.04706071100003],[-91.07992066699995,19.078671201000077],[-90.89695252799999,19.19133828400004],[-90.75828828299996,19.30625413200005],[-90.72047700299998,19.361922009000068],[-90.72545136799994,19.39508889500007],[-90.70778169,19.43150399500007],[-90.69861878699999,19.481337292000035],[-90.70881165799995,19.512726529000076],[-90.70039643699994,19.55189393300003],[-90.70986451499994,19.563393339000072],[-90.67953767199998,19.631476147000058],[-90.68800629999998,19.657088025000064],[-90.70203675599998,19.66644929200004],[-90.70139588799998,19.690420849000077],[-90.66369904799996,19.730698330000052],[-90.66800965599998,19.758061154000075],[-90.65550507899997,19.773255093000046],[-90.51447572099994,19.86653207200004],[-90.48731507699995,19.90614388800003],[-90.48964204199996,19.966088040000045],[-90.50986756699996,19.986504300000036],[-90.50172700299998,19.990282758000035],[-90.51125611699996,19.99117158300004],[-90.50644959799996,19.995394453000074],[-90.52320374899995,19.99478219300005],[-90.47103394899995,20.011227354000027],[-90.49300660399996,20.06842110900004],[-90.47944917099994,20.11886666500004],[-90.49889649699998,20.158476576000055],[-90.48206605299998,20.182949765000046],[-90.48314179799996,20.20511506300005],[-90.49653138599996,20.216477140000052],[-90.494532484,20.351837857000078],[-90.47958649999998,20.380392775000075],[-90.48389710799995,20.408449871000073],[-90.47861756699996,20.410588011000073],[-90.48530854599994,20.41042207000004],[-90.48709382499999,20.435198528000058],[-90.47864808399999,20.450226529000076],[-90.48269929299994,20.446366055000055],[-90.49192323099999,20.45964310900007],[-90.47436799399998,20.458254559000068],[-90.46795167299996,20.467726454000058],[-90.48211945899999,20.472227795000038],[-90.49361695499994,20.464531645000022],[-90.49864472799999,20.48869965800003],[-90.48970307699994,20.548588497000026],[-90.45539368999994,20.644531949000054],[-90.44961823899996,20.71783898600006],[-90.45784272599997,20.688671810000073],[-90.46031464899994,20.71208833000003],[-90.41703309399998,20.76306031400003],[-90.38703431499994,20.82364342900007],[-90.38305939999998,20.856171354000026],[-90.35481538199997,20.881170971000074],[-90.34125794799996,20.92300484900005],[-90.33120240599999,20.932171568000058],[-90.33211793299995,20.952837690000024],[-90.34559144399998,20.957699521000052],[-90.35386933699994,20.902838453000072],[-90.39064301799993,20.848143322000055],[-90.39226045099997,20.82436631400003],[-90.40125550699997,20.829560026000024],[-90.40072907899997,20.84961579700007],[-90.40308655999996,20.808865293000053],[-90.41217317,20.80797646800005],[-90.41942109499996,20.780920727000023],[-90.41970338299996,20.813616497000055],[-90.40545167299996,20.85964272900003],[-90.34706391699996,21.00236581200005],[-90.283427137,21.052088482000045],[-90.19964875599999,21.09394906400007],[-90.10111512599997,21.156393750000063],[-89.99647797999995,21.17633889500007],[-89.92820252799999,21.21869920000006],[-89.85412110699997,21.248005612000043],[-89.66816987399994,21.29289315500006],[-89.59228791599998,21.297920926000074],[-89.395617384,21.332894072000045],[-89.14067353599995,21.355532392000043],[-88.84078492499998,21.402949078000063],[-88.81739320199995,21.419504864000032],[-88.75092591599997,21.428116543000044],[-88.69880952199998,21.451365216000056],[-88.70637025199994,21.436838849000026],[-88.66903199499995,21.46628258900006],[-88.64350404099997,21.469643339000072],[-88.63144959899995,21.486614926000073],[-88.63550843599995,21.49892113900006],[-88.65269746199994,21.47414277400003],[-88.69667329199996,21.45700524600005],[-88.62176026699996,21.523783430000037],[-88.52636994699998,21.534865124000078],[-88.40462006999996,21.567837460000078],[-88.36458863499996,21.56881020800006],[-88.32233704999999,21.555783018000056],[-88.22853364399998,21.564587338000024],[-88.21512116799994,21.57547639300003],[-88.23667420699996,21.571282133000068],[-88.20955933899995,21.593449337000038],[-88.13808717099994,21.628893598000047],[-88.07111634599994,21.614533169000026],[-87.95945252799999,21.605837567000037],[-87.79656495499995,21.54375527600007],[-87.55167664899994,21.491226895000068],[-87.48828400999997,21.485449536000033],[-87.48631562599996,21.46308778100007],[-87.47750367499998,21.457365736000042],[-87.43175782599997,21.468170864000058],[-87.35964478899996,21.448477490000073],[-87.34464539899994,21.432392820000075],[-87.32573212999995,21.434838040000045],[-87.32161988599995,21.44203255900004],[-87.27914704699998,21.43480942900004],[-87.27878083599995,21.443865521000077],[-87.26481141499994,21.442421658000058],[-87.24145020799995,21.42247651400004],[-87.22931184199996,21.429032070000062],[-87.22570313899996,21.417921766000063],[-87.21917237599996,21.446894390000068],[-87.19367493999994,21.441254361000063],[-87.18905915699997,21.43264268200005],[-87.19086732299996,21.44342111000003],[-87.17228211799994,21.450726254000074],[-87.16330994799995,21.46389268200005],[-87.13645448099999,21.460587248000024],[-87.12842072799998,21.472227795000038],[-87.11844910999997,21.472227795000038],[-87.11744965899999,21.520310147000032],[-87.10373200799995,21.533116087000053],[-87.10778321599997,21.549059613000054],[-87.13434113899996,21.557087644000035],[-87.10969819499996,21.57689355100007],[-87.11387147399995,21.58825562800007],[-87.08841981299997,21.591253979000044],[-87.07103242299996,21.573532803000035],[-87.020617384,21.560755475000065],[-87.02878083599995,21.573477490000073],[-87.03798188599995,21.570561154000075],[-87.02375306499994,21.578476651000074],[-87.04822816199999,21.587643368000045],[-87.02369965899999,21.585755093000046],[-86.97951020599999,21.54972718500005],[-86.96620454199996,21.52958749100003],[-86.97136964199996,21.525448544000028],[-86.96228303299995,21.527615294000043],[-86.94936646899998,21.500033123000037],[-86.95769776699996,21.491949780000027],[-86.91114320199995,21.441309674000024],[-86.90136994699998,21.416365368000072],[-86.88700379699998,21.40792153700005],[-86.88106049899994,21.364365323000072],[-86.86284150499995,21.324476941000057],[-86.86464204199996,21.290116056000045],[-86.85048188499997,21.25297616200004],[-86.82197846799994,21.246004803000062],[-86.83425416299997,21.255837185000075],[-86.83320130699997,21.272171719000028],[-86.84017457399995,21.27328179700004],[-86.82289399499996,21.281283123000037],[-86.82981385599999,21.300282223000067],[-86.82225312599996,21.31875489500004],[-86.79117097099999,21.341448530000036],[-86.81959046699995,21.283060774000035],[-86.80208863599995,21.236227734000067],[-86.80608643899996,21.180809719000024],[-86.78520478599995,21.148087246000046],[-86.73933686599997,21.13744996500003],[-86.75145234499996,21.141199811000035],[-86.76217164399998,21.133698210000034],[-86.76642121699996,21.119587644000035],[-86.75828828199997,21.111672146000046],[-86.78131379499996,21.061838848000036],[-86.78386964199996,21.02620004000005],[-86.80653657299996,21.031866772000058],[-86.82409181,21.004921658000058],[-86.83792390299999,20.92828248400008],[-86.84636964199996,20.90286515500003],[-86.86372651499994,20.88211510900004],[-86.87389649799997,20.84375451300008],[-86.93045319899994,20.792948469000066],[-86.96206178099999,20.744642956000064],[-86.96128358299995,20.727699980000068],[-87.00981416099995,20.69811509400006],[-87.02975739899995,20.661282286000073],[-87.10267152199998,20.585810406000064],[-87.17067231599998,20.532837614000073],[-87.24589814399997,20.48703263500005],[-87.27970399299994,20.45139382700006],[-87.30928315499995,20.393616421000047],[-87.35561646799994,20.32794831600006],[-87.35245026899997,20.319588406000037],[-87.36564912299997,20.297171338000055],[-87.37234010099996,20.297671063000053],[-87.36995210099997,20.287810071000024],[-87.37833680599994,20.286310896000032],[-87.38061799399998,20.270560009000064],[-87.39397706399996,20.263838513000053],[-87.43056001099995,20.211254820000022],[-87.46125306499994,20.14775536800005],[-87.47873200799995,20.079615338000053],[-87.47711457499997,20.014698727000052],[-87.48292054599995,20.00717233000006],[-87.46289338499997,19.99375413300004],[-87.46492280399997,19.962753994000025],[-87.45136536899997,19.937838300000067],[-87.43303193499997,19.93264268100006],[-87.42539491099996,19.88803170400007],[-87.44642152199998,19.837782606000076],[-87.47306336799994,19.817976698000052],[-87.46861543099999,19.773087246000046],[-87.47825898499997,19.771866545000023],[-87.48530854599994,19.78281091100007],[-87.47550477399994,19.828699811000035],[-87.46567048499998,19.840365156000075],[-87.45170106299997,19.83700440700005],[-87.42967500099996,19.89725564200006],[-87.43348206899998,19.914532407000024],[-87.45997895599999,19.92936585800004],[-87.46353425399997,19.945254071000022],[-87.47264375099996,19.94536660400007],[-87.46217622199998,19.91858743100005],[-87.45559205399996,19.919865353000034],[-87.46226014499996,19.896309599000062],[-87.45695008599995,19.889559491000057],[-87.44392670999997,19.891365750000034],[-87.45645417599997,19.881115660000034],[-87.457590956,19.859837277000054],[-87.47492493999994,19.851921780000055],[-87.49483765999997,19.805338604000042],[-87.53025330899999,19.79111550700003],[-87.54064454499996,19.79419968900004],[-87.52894868199996,19.79806016200007],[-87.52692689299994,19.804226620000065],[-87.53575410099995,19.804476484000077],[-87.53136719999998,19.81039307800006],[-87.54464234699998,19.81203339900003],[-87.54450501799994,19.79444955300005],[-87.56087006899998,19.806753857000047],[-87.58003510799995,19.78861497200006],[-87.63483704899994,19.70194886400003],[-87.67239655899994,19.680588468000053],[-87.73878754899994,19.680504545000076],[-87.74483765899998,19.670727475000035],[-87.745058912,19.622172100000057],[-87.75417603899996,19.600727780000057],[-87.74817170499995,19.589339003000077],[-87.72753419299994,19.589865431000078],[-87.74075593299995,19.584671719000028],[-87.71341981299997,19.57500527600007],[-87.71989716899998,19.562144026000055],[-87.70647706399996,19.553642973000024],[-87.68492402399994,19.563893063000023],[-87.68258943,19.554644331000077],[-87.68062104599994,19.565226301000052],[-87.695704359,19.569004757000073],[-87.67906464999999,19.567976696000073],[-87.66967286499994,19.552866680000022],[-87.67734040699997,19.54800484900005],[-87.67306031599998,19.539587719000053],[-87.68611420999997,19.536337597000056],[-87.66764344599994,19.532726986000057],[-87.66797913899995,19.523894056000074],[-87.68123139699998,19.51925538300003],[-87.66723145699996,19.516365750000034],[-87.67917146099995,19.505476697000063],[-87.67536439299994,19.509810193000078],[-87.66650666599998,19.502087338000024],[-87.62880982799999,19.54978249900006],[-87.614535231,19.556393368000045],[-87.55664338499997,19.568865522000067],[-87.551340956,19.55792115500003],[-87.53683747699995,19.561810239000067],[-87.54047669799996,19.54789422400006],[-87.53386964199996,19.540644391000058],[-87.52250947399995,19.562643750000063],[-87.50017060599998,19.571837170000038],[-87.51945008599995,19.574003920000052],[-87.51050843599995,19.58344911000006],[-87.52383698799997,19.586283429000048],[-87.52217377999995,19.592781767000076],[-87.50306214699998,19.583643658000028],[-87.46264924399998,19.595505461000073],[-87.44750489599994,19.592171415000053],[-87.43045319899994,19.573837979000075],[-87.43306245099996,19.604698880000058],[-87.44303406999995,19.615698561000045],[-87.45386781099995,19.61378167500004],[-87.46367158299995,19.63092111000003],[-87.46000947399995,19.645394070000066],[-87.45389832899997,19.629172071000028],[-87.41645325999997,19.592699749000076],[-87.44934357999995,19.46825478900007],[-87.48066987399994,19.44472764300008],[-87.50067414699998,19.439392790000056],[-87.53483857499998,19.397227032000046],[-87.56717194999999,19.392893537000077],[-87.58239259099997,19.39983819300005],[-87.54870118499997,19.40200494000004],[-87.54717530599999,19.416060194000067],[-87.55428590199995,19.420532925000032],[-87.54672517199998,19.428116545000023],[-87.56125916899998,19.428087934000075],[-87.60922517199998,19.401060803000064],[-87.639925856,19.373198254000044],[-87.65919770599999,19.309643492000077],[-87.67317475699997,19.301394207000044],[-87.65983857499998,19.29242203900003],[-87.66166962999995,19.268032772000026],[-87.68758668299995,19.235449536000033],[-87.70153321499998,19.233643278000045],[-87.67853822199999,19.234226927000066],[-87.68734254199995,19.21864388700004],[-87.67861451499994,19.214504942000076],[-87.68239869499996,19.204615338000053],[-87.67375459099998,19.20372651400004],[-87.67403687799998,19.195172056000047],[-87.62928285099997,19.188782437000043],[-87.61292542799998,19.237505658000032],[-87.59578217899997,19.243977293000057],[-87.60064210299998,19.245920881000075],[-87.58989228599995,19.268755657000042],[-87.58462037499999,19.27569840700005],[-87.57775391999996,19.272116406000066],[-87.57514466599997,19.284559948000037],[-87.59161652899996,19.27242158300004],[-87.60444917099994,19.248255476000054],[-87.60792054499996,19.253864987000043],[-87.63686646799994,19.225783093000075],[-87.65328492499998,19.22203324700007],[-87.63325776499994,19.232144100000028],[-87.56500520099996,19.303587658000026],[-87.54667176599997,19.314560637000056],[-87.52936829899994,19.313004238000076],[-87.49964417799998,19.334671720000074],[-87.50492371799999,19.303726895000068],[-87.51973237399994,19.285032971000078],[-87.51648225099996,19.267004712000073],[-87.49550904599994,19.307421431000023],[-87.50336732299996,19.30814431600004],[-87.48806275699997,19.325615628000037],[-87.48042573399994,19.31761620700007],[-87.48542298599995,19.310366377000037],[-87.47098054299994,19.313393338000026],[-87.47423066599998,19.330198986000028],[-87.45817078899995,19.315949185000022],[-87.54159058899995,19.222059948000037],[-87.55359162699995,19.085392698000078],[-87.62623109199995,18.939005596000072],[-87.64062013099993,18.855726941000057],[-87.66231049899994,18.825588926000023],[-87.67214478699998,18.749809965000054],[-87.71219910999997,18.704783185000053],[-87.72467317,18.663698896000028],[-87.73800935199995,18.54547761200007],[-87.75739564299994,18.50736497300005],[-87.75445069699998,18.453837140000076],[-87.76208772099994,18.414837583000065],[-87.82145203799996,18.314560635000078],[-87.82878388599994,18.251171812000052],[-87.84972448299999,18.185008537000044],[-87.85941279099995,18.18747105700004],[-87.85470369199999,18.20515467900003],[-87.86223115399997,18.216227278000076],[-87.88346556399995,18.179075639000075],[-87.89638221799999,18.172473701000058],[-87.89366912799994,18.200860977000048],[-87.88774871799995,18.206222534000062],[-87.88416290299995,18.197584153000037],[-87.87930297899999,18.20277786300005],[-87.88852691699998,18.207834244000026],[-87.87555694599996,18.206972122000025],[-87.87700929,18.21508858900006],[-87.86245240599999,18.223810894000053],[-87.88925446899998,18.21319840800004],[-87.89470185699997,18.222977383000057],[-87.89219941499994,18.215420468000048],[-87.89742555,18.21653245400006],[-87.89972962699994,18.323782666000056],[-87.91809357899996,18.353199705000065],[-87.91378297199998,18.382643444000053],[-87.93886842099994,18.393671734000065],[-87.93139924399998,18.436394437000047],[-87.97297944399998,18.443144545000052],[-87.99481477099994,18.454783186000043],[-88.02814759599994,18.45467065200006],[-88.05381287899996,18.473059400000068],[-88.08214844999998,18.477726682000025],[-88.07289399499996,18.487755522000043],[-88.07859315299999,18.48589394800007],[-88.07492341399995,18.493838056000072],[-88.08139313999999,18.488615736000042],[-88.08648194699998,18.50442193300006],[-88.06186951999996,18.523726208000028],[-88.05428590199995,18.521422132000055],[-88.03975953399998,18.559504255000036],[-88.05386628599996,18.56528161400007],[-88.04078187399995,18.587088331000075],[-88.04372681999996,18.59575532200006],[-88.02706422199998,18.606394513000055],[-88.01897706399996,18.645226225000044],[-88.00534333599995,18.65808747500006],[-88.02556123099998,18.68703339800004],[-88.00814332399995,18.728726133000066],[-88.02156342899997,18.744366392000074],[-88.01817597799999,18.750365002000024],[-88.00634278599995,18.746115429000042],[-88.00878419299994,18.75286553600006],[-87.99867524499996,18.757422192000035],[-88.01172913899995,18.76331017700005],[-88.00814332399995,18.777783139000064],[-88.02428712299997,18.77833817900006],[-88.02075471299997,18.791365368000072],[-88.027003187,18.787893994000058],[-88.052287,18.80222771900003],[-88.04286469799996,18.841337904000056],[-88.05328645099996,18.855698330000052],[-88.05817689299994,18.848088009000037],[-88.07409181,18.851948483000058],[-88.08831300199995,18.832476361000033],[-88.08462037499999,18.826199278000047],[-88.11200990099996,18.812477810000075],[-88.114535231,18.795532927000068],[-88.13297547699995,18.777977690000057],[-88.13459290899993,18.758698208000055],[-88.15142335299998,18.736672148000025],[-88.14950837499998,18.717921002000026],[-88.16703309399998,18.719309553000073],[-88.15472688099999,18.768616423000026],[-88.17339600999998,18.74278329300006],[-88.16792573299995,18.74231026900003],[-88.17730988899996,18.717755063000027],[-88.19059266499994,18.73133729400007],[-88.19067658799997,18.71525452900005],[-88.20972718599995,18.709503872000028],[-88.21048249599994,18.680533154000045],[-88.20381440499995,18.68297646800005],[-88.20064820699997,18.702921614000047],[-88.17206086499993,18.714560255000038],[-88.16031159799996,18.705059750000032],[-88.18319978099998,18.681448683000042],[-88.19848145899994,18.676699385000063],[-88.21226014499996,18.63547776400003],[-88.23306550399997,18.60739396300005],[-88.28692139999998,18.492171034000023],[-88.365333,18.48626800100004],[-88.37938599899996,18.478767],[-88.403352,18.495914],[-88.447554,18.47552100100006],[-88.4549,18.487934],[-88.476363,18.49422000100003],[-88.517853,18.463036001000035],[-88.532069,18.407997],[-88.55157,18.375818],[-88.544388,18.36024400100007],[-88.605492,18.291822],[-88.597162,18.288979],[-88.606506,18.264203001000055],[-88.604477,18.24081700100004],[-88.632302999,18.213134],[-88.641325,18.216266001000065],[-88.694284,18.186780001000045],[-88.697617,18.180704],[-88.684494,18.17779100100006],[-88.680055,18.160243],[-88.71866,18.108782],[-88.710345,18.097106],[-88.719611,18.084019],[-88.716393,18.060977001000026],[-88.768806,18.031542],[-88.769668,18.006976001000055],[-88.78841,17.992949],[-88.784778,17.979852],[-88.81561799899998,17.950105001000054],[-88.830269,17.948938001000045],[-88.859234,17.925287],[-88.854051,17.907845001000055],[-88.859966,17.89415800100005],[-88.882577,17.896],[-88.885016,17.907941],[-88.920399,17.915707001000044],[-88.94479699899995,17.95929300100005],[-88.969415,17.952251001000036],[-88.982873,17.95803],[-88.98717,17.947194],[-89.003616,17.972024001000023],[-89.000924,17.984811],[-89.041497,18.003139],[-89.058063,17.990037],[-89.07945,17.99291500100003],[-89.11145799899998,17.96972400100003],[-89.134033,17.971105],[-89.135824,17.955797],[-89.151961,17.939474],[-89.151961,17.815693099000043],[-90.98783296699997,17.815695169000037],[-90.98783365999998,17.251306483000064],[-91.439439,17.247924],[-91.419455,17.210149],[-91.376603,17.205308],[-91.354013,17.190565],[-91.348682,17.160032],[-91.336727,17.161143],[-91.323541,17.183455],[-91.278209,17.180373],[-91.265472,17.170701],[-91.262861,17.158094],[-91.272812,17.138495],[-91.26692,17.108897],[-91.226577,17.094577],[-91.214717,17.053322001000026],[-91.176061,17.015982001000054],[-91.154653,17.004698],[-91.12299,17.003038],[-91.121362,16.978133],[-91.103336,16.969005],[-91.064264,16.924723],[-91.074756,16.913764],[-91.066655,16.903051],[-91.006272,16.885578],[-90.987953,16.863278],[-90.980812,16.872529001000032],[-90.985056,16.89868000100006],[-90.96392,16.901374],[-90.954311,16.884658001000048],[-90.97435099899997,16.863695001000053],[-90.935478,16.860497],[-90.921457,16.821487001000037],[-90.88216599899994,16.82497900100003],[-90.862087,16.813189],[-90.855204,16.797663],[-90.803378,16.798156],[-90.802421,16.775813],[-90.76222,16.762327],[-90.754519,16.74886900100006],[-90.712043,16.724780001000056],[-90.709405,16.704632],[-90.681979,16.688397],[-90.67523499899994,16.658551001000035],[-90.657667,16.63811],[-90.662482,16.627609],[-90.653619,16.594183],[-90.667677,16.582393],[-90.644976,16.579026001000045],[-90.640234,16.595514],[-90.626594,16.577991001000044],[-90.64728899899995,16.560925],[-90.646096,16.517888001000074],[-90.637457,16.513258],[-90.617758,16.52203],[-90.606794,16.503505],[-90.615702,16.490444],[-90.634404,16.488558001000058],[-90.632959,16.480035001000033],[-90.621543,16.477729],[-90.612433,16.48889100100007],[-90.595815,16.49039300100003],[-90.588182,16.469574],[-90.544782,16.481283001000065],[-90.547964,16.468184],[-90.530089,16.459239],[-90.513492,16.470135],[-90.495539,16.453943001000027],[-90.479238,16.459604],[-90.485802,16.423094001000038],[-90.42211,16.425249],[-90.409386,16.404129],[-90.39916999899998,16.41636600100003],[-90.388526,16.411982],[-90.403995,16.394587],[-90.373573,16.373872001000052],[-90.372317,16.363946001000045],[-90.381095,16.359742],[-90.396749,16.374609001000067],[-90.411698,16.362317],[-90.411489,16.346855],[-90.404718,16.361060001000055],[-90.402186,16.350804],[-90.383213,16.33817],[-90.401472,16.33802],[-90.413007,16.326934],[-90.412699,16.307646],[-90.43849,16.300978],[-90.43319999899995,16.292639],[-90.441464,16.279964],[-90.424013,16.258553001000053],[-90.431496,16.254150001000028],[-90.447069,16.261165],[-90.456093,16.248197],[-90.450511,16.240830001000063],[-90.440366,16.246037001000047],[-90.429513,16.233062],[-90.453219,16.224306],[-90.458243,16.207951001000026],[-90.454211,16.185958],[-90.432089,16.177067],[-90.426005,16.164073001000077],[-90.451352,16.151993],[-90.448992,16.144269],[-90.429455,16.139034001000027],[-90.430554,16.121201],[-90.454415,16.124290001000077],[-90.457416,16.094162],[-90.433322,16.106292],[-90.425629,16.100558],[-90.447749,16.082655001000035],[-90.44216914599997,16.074025601000073],[-91.73157896299995,16.073898001000032],[-92.210638696,15.260647542000072],[-92.059445,15.070380001000046],[-92.073271,15.061809],[-92.07061,15.046794],[-92.078446,15.046086],[-92.085782,15.021635],[-92.099659,15.010077],[-92.130809,15.013645],[-92.151539,14.985678],[-92.14468,14.974847],[-92.148515,14.92906],[-92.137034,14.887989],[-92.149002,14.867664001000037],[-92.171739,14.860535],[-92.184161,14.828277],[-92.17081,14.78132400100003],[-92.16064,14.772534001000054],[-92.170113,14.74553],[-92.157271,14.737136001000067],[-92.147562,14.715898001000028],[-92.146409,14.662294],[-92.18258,14.614873],[-92.175118,14.611661001000073],[-92.183355,14.577775],[-92.216107,14.554444001000036],[-92.222197,14.535465],[-92.27708710999997,14.573560459000078],[-92.60222901699996,14.879560217000062],[-92.86895264999998,15.147699101000057],[-92.86806000999997,15.155282721000049],[-92.87320222199997,15.152643904000058],[-93.11542024,15.391198858000052],[-93.27769746199994,15.537615521000077],[-93.50875367499998,15.723032696000075],[-93.67395295499995,15.837004408000041],[-93.68900575099997,15.854226812000036],[-93.86622895599999,15.958476766000047],[-93.92248048199997,15.981088384000032],[-93.95442475699997,15.976171240000042],[-94.00128449799996,15.995338186000026],[-94.05948151999996,16.004643186000067],[-94.23948182499998,16.104698881000047],[-94.41811646899998,16.170449003000044],[-94.69547547699995,16.21036599400003],[-94.85458649999998,16.215420468000048],[-94.94311799499997,16.208948835000058],[-95.06892670999997,16.179587109000067],[-95.14620484699998,16.180477842000073],[-95.14811982599997,16.16703294000007],[-95.15819825499995,16.16206048400005],[-95.19083680499995,16.166144116000055],[-95.19978608499997,16.157032712000046],[-95.23750581199994,16.154366238000023],[-95.24814881699996,16.146143660000064],[-95.24700440799995,16.12969849800004],[-95.27972688099999,16.11525414700003],[-95.27778138599996,16.101338131000034],[-95.35103120199994,16.07844994800007],[-95.38039674199996,16.04214356700004],[-95.37220277199998,16.016144499000063],[-95.42717255999997,16.000504240000055],[-95.44050874099997,15.975254759000052],[-95.49031342899997,15.973782284000038],[-95.52906312299996,15.956976635000046],[-95.57023133599995,15.954921469000055],[-95.58431519899995,15.94278214700006],[-95.60566987399994,15.941032155000073],[-95.61381043799997,15.928726896000057],[-95.64628114099997,15.923032505000037],[-95.66450776499994,15.911226973000055],[-95.76286591899998,15.896338209000078],[-95.776308912,15.88647721500007],[-95.77614869499996,15.87058804700007],[-95.83214845099997,15.862199528000076],[-95.95467652699995,15.823060734000023],[-95.99461640699997,15.80311559100005],[-96.01742066699995,15.777754529000049],[-96.07789887799998,15.749615414000061],[-96.09955872899997,15.749976857000036],[-96.10087098499997,15.739616139000077],[-96.11878480399997,15.741338476000067],[-96.13251008399999,15.731199011000058],[-96.13559235899999,15.71714375700003],[-96.152171034,15.716310246000035],[-96.15783967399994,15.705560429000059],[-96.20825471299997,15.69031022300004],[-96.24456300099996,15.667143568000029],[-96.37189759599994,15.666087849000064],[-96.43211640699997,15.675226910000049],[-96.47225465199995,15.659449324000036],[-96.49775971799994,15.63853238300004],[-96.55372895599999,15.649782881000021],[-96.56470002499998,15.643866284000069],[-96.68961610199995,15.695587857000078],[-96.86214722999995,15.723170980000077],[-96.95784272399999,15.774754269000027],[-97.03451051199994,15.795393690000026],[-97.04844941499994,15.806587918000048],[-97.06342591699996,15.839477284000054],[-97.09381379499996,15.849560482000072],[-97.13420380799994,15.879393323000045],[-97.20106019399998,15.90108846000004],[-97.32703675599998,15.918810589000032],[-97.34870423699994,15.918004736000057],[-97.36284150499995,15.908698780000066],[-97.41569794999998,15.91281007200007],[-97.52556123099998,15.942171795000036],[-97.58106507599996,15.935365422000075],[-97.65217103299995,15.955560431000038],[-97.67197694199996,15.953921064000042],[-97.68875397999994,15.940421804000039],[-97.78961457599996,15.957421049000061],[-97.81183900099995,15.980449423000039],[-97.94523133599995,16.072809918000075],[-98.00128449799996,16.12631104700006],[-98.07372559899994,16.168671353000036],[-98.17453278799996,16.20294831500007],[-98.22236909099996,16.232170805000067],[-98.42950715399996,16.26864312400005],[-98.57084168799997,16.32542108000007],[-98.56789674199996,16.335810408000043],[-98.57578553599996,16.34575532200006],[-98.70939912199998,16.45578263500005],[-98.74312104599994,16.503477797000073],[-98.72756470999997,16.514254315000073],[-98.74959077299997,16.507033094000064],[-98.78517426899998,16.558754667000073],[-98.82153596299997,16.56136582700003],[-98.847315687,16.553810818000045],[-98.850336928,16.558809979000046],[-98.84205903399999,16.56314347500006],[-98.853869337,16.56553338300006],[-98.84964265299999,16.551005110000062],[-98.85869874399998,16.53453324700007],[-98.86625947399995,16.53544877400003],[-98.96300782599997,16.559643492000077],[-99.04233826999996,16.595392926000045],[-99.31600465199995,16.640171750000036],[-99.46756257399994,16.68625520100005],[-99.56931580899999,16.695421917000033],[-99.59250916899998,16.68778298600006],[-99.60505952199998,16.701338513000053],[-99.60172547699995,16.68755982700003],[-99.61634339699998,16.686949476000052],[-99.69386567499998,16.702032788000054],[-99.77195252799999,16.73608849900006],[-99.82542695399997,16.782726987000046],[-99.84642304799996,16.778671963000022],[-99.864893812,16.79031060500006],[-99.86314668099999,16.797838910000053],[-99.84484376299997,16.796227201000022],[-99.85209168799997,16.80603288100002],[-99.87414826699995,16.806227429000046],[-99.88234223699999,16.814337477000038],[-99.86742677099994,16.833004696000046],[-99.85395326099996,16.835587247000035],[-99.86522950499995,16.85292123200003],[-99.90064515499995,16.85283730900005],[-99.91244782799998,16.839699491000033],[-99.89539613099998,16.838392956000064],[-99.89636506399995,16.82958863600004],[-99.91970338199997,16.825894101000074],[-99.92003144599994,16.844477400000073],[-99.963282484,16.890253766000058],[-100.020975965,16.91800378100004],[-100.12291993499997,16.94389413300007],[-100.31939210299998,17.022171721000063],[-100.70336427099994,17.14294884900005],[-100.85522736899998,17.201338513000053],[-101.01897706399996,17.249588711000058],[-101.04883851399995,17.268616421000047],[-101.07300843599995,17.265337689000035],[-101.07661713999994,17.274170622000042],[-101.06759156599998,17.277088864000063],[-101.06148042099994,17.292422041000066],[-101.06653107999995,17.30636666600003],[-101.11956300099996,17.35783837500003],[-101.17891969099998,17.387781843000027],[-101.18470277199998,17.406754239000065],[-101.20442475699997,17.42186616200007],[-101.45889558099998,17.527783139000064],[-101.46403779399998,17.537031872000057],[-101.44633759899995,17.54428170500006],[-101.45119752299996,17.565115675000072],[-101.51142396299997,17.617115719000026],[-101.56214417799998,17.609003767000047],[-101.56483735299997,17.617115719000026],[-101.552561659,17.620949490000044],[-101.55919923199997,17.632727368000076],[-101.58200349199996,17.618614895000064],[-101.58681001099995,17.632088406000037],[-101.60792054499996,17.631865246000075],[-101.61448182299995,17.659088834000045],[-101.639758009,17.666420682000023],[-101.66047944499996,17.663004620000038],[-101.65223206899998,17.67206071100003],[-101.65311707899997,17.69967149000007],[-101.67141999599994,17.732477888000062],[-101.69198121499994,17.75478242300005],[-101.75284089399997,17.788754209000047],[-101.75612153399999,17.808005078000065],[-101.77806367299996,17.828060849000053],[-101.77747620899999,17.842699749000076],[-101.79481019399998,17.867115720000072],[-101.95353211699995,17.960560545000078],[-102.00128449799996,17.97305939900002],[-102.02300538399999,17.97036622400003],[-102.11853303399994,17.918949826000073],[-102.26728333799997,17.945337995000045],[-102.489008803,18.009644253000033],[-102.52600373599995,18.013560040000073],[-102.60769929299994,18.049393399000053],[-102.66636933599995,18.06061624000006],[-102.69342317,18.056059582000046],[-102.71309174899994,18.06203339800004],[-102.71551026699996,18.069699032000074],[-102.73645295499995,18.067087873000048],[-102.74114503299995,18.074642880000056],[-102.77864350699997,18.079504712000073],[-103.03750886399996,18.175366147000034],[-103.06900300399997,18.18292115500003],[-103.11217011899998,18.17564271200007],[-103.12650575099997,18.182671292000066],[-103.12478150799996,18.191948637000053],[-103.15672578199997,18.19122765800006],[-103.19392670999997,18.214976055000022],[-103.21303071399996,18.214310392000073],[-103.214671034,18.224087460000078],[-103.23833741599998,18.221588833000055],[-103.29403199599994,18.235865339000043],[-103.34547700299998,18.258003933000055],[-103.37222566,18.254503949000025],[-103.43509187099994,18.289587721000032],[-103.48675813099999,18.310755476000054],[-103.51120271099995,18.31153176600003],[-103.51053132499999,18.317837461000067],[-103.52650727599996,18.326283201000024],[-103.52972688099999,18.350283369000067],[-103.54511536999996,18.36928246900004],[-103.54734315199994,18.40092156700007],[-103.60808839199996,18.513838513000053],[-103.64267243799998,18.543116316000066],[-103.67270173299994,18.556921704000047],[-103.69711579699998,18.583672268000043],[-103.72342194899994,18.589310392000073],[-103.70422639199995,18.61292146100004],[-103.70530976699996,18.637949690000028],[-103.79364289699998,18.73522637700006],[-103.84420289399998,18.77594827100006],[-103.92745484699998,18.82544968800005],[-103.96937074099998,18.859421475000033],[-103.99978150799996,18.870087369000032],[-104.00128449799996,18.878533108000056],[-104.13411988599995,18.948866590000023],[-104.29475678799997,19.011227353000038],[-104.33420075799995,19.016838774000064],[-104.332949537,19.05125497100005],[-104.31862153399999,19.062060102000032],[-104.31473054299994,19.05447648300003],[-104.29539765699997,19.059448942000074],[-104.29378785499995,19.069477780000057],[-104.30453767199998,19.082087263000062],[-104.30056275699997,19.06514428400004],[-104.30625428599996,19.061726316000033],[-104.31219758399999,19.08292077300007],[-104.33867158299995,19.101837858000067],[-104.35756196399996,19.090588316000037],[-104.35853089699998,19.115114912000024],[-104.39495362699995,19.114365323000072],[-104.39898194699998,19.107088789000045],[-104.39128388799998,19.096865399000023],[-104.39844788899995,19.08355973500005],[-104.40967072799998,19.10189317100003],[-104.41967286499994,19.10464356600005],[-104.43047608799998,19.091004116000022],[-104.44137086299997,19.096949322000057],[-104.44130982699994,19.082726225000044],[-104.45106019299999,19.08992074400004],[-104.45456208599995,19.108587964000037],[-104.46881379499996,19.108559355000068],[-104.48911561399996,19.122921690000055],[-104.60431184199996,19.148504957000057],[-104.683947462,19.17522691000005],[-104.69555940099997,19.17272637700006],[-104.70400514,19.182032330000027],[-104.69128693899995,19.198782665000067],[-104.66533936899998,19.182726605000028],[-104.65731324599994,19.183005078000065],[-104.65892304799996,19.193032010000024],[-104.68634309199996,19.197920545000045],[-104.70289887799998,19.219448788000022],[-104.73039521599998,19.21686623900007],[-104.73892487899997,19.224337323000043],[-104.73478211799994,19.23878167500004],[-104.75284089499996,19.236338360000047],[-104.75925721599998,19.22775529200004],[-104.77014436199994,19.22861550600004],[-104.77711762799998,19.239533171000062],[-104.79822816299998,19.229393705000064],[-104.81303681699995,19.233616574000052],[-104.81178559699998,19.258171780000055],[-104.79156007199998,19.28086541600004],[-104.80014314099998,19.297810299000048],[-104.83095063599995,19.307032331000073],[-104.84559144399998,19.30136559700003],[-104.83986939799996,19.289311155000064],[-104.86450471299997,19.289421780000055],[-104.87714661999996,19.27594827100006],[-104.90964783899994,19.295948727000052],[-104.89792146099995,19.304421171000058],[-104.91147889499996,19.295893414000034],[-104.93903626799994,19.307837231000065],[-105.03419770599999,19.386698468000077],[-105.02036561399996,19.414253933000055],[-105.03475465199995,19.443171246000077],[-105.07614411699996,19.47178338300006],[-105.060564893,19.47592232900007],[-105.06825532299996,19.499754650000057],[-105.08464326199999,19.506226285000025],[-105.090365309,19.55969880400005],[-105.11731232999995,19.58539269700003],[-105.13222779699998,19.58636544600006],[-105.14480866799994,19.57544968900004],[-105.15548219099998,19.586615309000024],[-105.15548219099998,19.602865919000067],[-105.16547669799996,19.603144391000058],[-105.16220368799998,19.608727201000022],[-105.18439759599994,19.619477017000065],[-105.20411958099999,19.61772607200004],[-105.20403565699996,19.631060346000027],[-105.26667298599995,19.678892835000056],[-105.26450623899996,19.692143187000056],[-105.33106507599996,19.76405976500007],[-105.34550751999996,19.80264352100005],[-105.49823274,19.992226345000063],[-105.55206574799996,20.092976315000044],[-105.54545106299997,20.181671841000025],[-105.552203078,20.212977154000043],[-105.56531037699995,20.232949002000055],[-105.58345307699994,20.234894499000063],[-105.58883943,20.258698210000034],[-105.62481202499998,20.28869889500004],[-105.61539735199995,20.303143247000037],[-105.62655915699997,20.295504315000073],[-105.63478364399998,20.302254422000033],[-105.62755860699997,20.290755017000038],[-105.63892640499995,20.301394207000044],[-105.63134278599995,20.307949765000046],[-105.640452284,20.303087934000075],[-105.65906037699995,20.31719849800004],[-105.68883790299998,20.366310819000034],[-105.69728364399998,20.402893765000044],[-105.68970002499998,20.41136620700007],[-105.67586793299995,20.40711663600007],[-105.67217530599999,20.427033169000026],[-105.65648164199996,20.426644070000066],[-105.65661897099994,20.417172177000054],[-105.65022553699998,20.44622681900006],[-105.63622559899994,20.445753798000055],[-105.60664643599995,20.47575448300006],[-105.52042664899994,20.49314378100007],[-105.46514405599999,20.49575494100003],[-105.446589368,20.488060696000048],[-105.44189729099998,20.50167153600006],[-105.40362061899998,20.508253797000066],[-105.37117280299998,20.500115141000038],[-105.31894959899995,20.513005001000067],[-105.32092561099995,20.52036546000005],[-105.26044740099996,20.55814431600004],[-105.24806489399998,20.581227047000027],[-105.23464478799997,20.618782742000064],[-105.24798096999996,20.649004682000054],[-105.24464692499998,20.658976301000052],[-105.24867524599995,20.653811200000064],[-105.28167237699995,20.667477354000027],[-105.27222718599995,20.68561623900007],[-105.28661622399994,20.670614942000043],[-105.31505860699997,20.727894528000036],[-105.34386720099997,20.75572655900004],[-105.36583985699997,20.761532528000032],[-105.40084351899998,20.734032376000073],[-105.41481294099998,20.73486588800006],[-105.43636597999995,20.747309431000076],[-105.48330964399997,20.75333856000003],[-105.51061524799997,20.77069924700004],[-105.52281464999999,20.769976362000023],[-105.53600587299997,20.756338818000074],[-105.54147614899995,20.77064393300003],[-105.52386750599999,20.792448743000023],[-105.50903596299997,20.78320000900004],[-105.48887147299996,20.798477871000046],[-105.45400514,20.876587613000027],[-105.44584168799997,20.87081025300006],[-105.43314637499998,20.878948910000076],[-105.40458955199995,20.930948957000055],[-105.36128510799995,20.955754026000022],[-105.34753693899995,20.979727490000073],[-105.33314790199995,20.98578332200003],[-105.31645478699994,21.027394041000036],[-105.30809296899997,21.024088606000078],[-105.315729993,21.035588009000037],[-105.27775849699998,21.023144467000066],[-105.24067201099996,21.059059843000057],[-105.23237122899997,21.113116011000045],[-105.24244965899999,21.132504210000036],[-105.22741975199995,21.157892926000045],[-105.23639192,21.180783018000056],[-105.22503175199995,21.19822762900003],[-105.21148194699998,21.202893002000053],[-105.22106446599997,21.200171217000047],[-105.22303284999998,21.250143750000063],[-105.24737061899998,21.34094880400005],[-105.24078645099996,21.347893460000023],[-105.25075806999996,21.34828255900004],[-105.235590834,21.364948971000047],[-105.24239625399997,21.371754391000024],[-105.23475922999995,21.371588452000026],[-105.23306550399997,21.386227354000027],[-105.22342194899994,21.386421902000052],[-105.22375764199995,21.40317223900007],[-105.20708741599998,21.43383859100004],[-105.19259156599998,21.444004757000073],[-105.19161500399997,21.459782345000065],[-105.20495118499997,21.481560452000053],[-105.20028199599994,21.491255505000026],[-105.23081483299995,21.523421034000023],[-105.24450959599994,21.525976881000076],[-105.24906434399998,21.511561140000026],[-105.26658906399996,21.510004742000035],[-105.26903809899994,21.537531599000033],[-105.26819886599998,21.515560849000053],[-105.27414216499994,21.516588910000053],[-105.28864564299994,21.528422100000057],[-105.29661835999997,21.556004269000027],[-105.29692353599995,21.533392653000078],[-105.32631196399996,21.558533413000077],[-105.32558717199998,21.567421659000047],[-105.34736909299994,21.569922192000035],[-105.36500825299998,21.58417199400003],[-105.35891999699999,21.576477750000038],[-105.36400880199994,21.574700101000076],[-105.33783997899997,21.566254361000063],[-105.30833710999997,21.53964303300006],[-105.41281403899995,21.593615278000073],[-105.41708649999998,21.61283753600003],[-105.42217530599999,21.603865368000072],[-105.41692628299995,21.597115263000035],[-105.45234193199997,21.623005612000043],[-105.43964661899997,21.63917229900005],[-105.44592561099995,21.647810681000067],[-105.43800629999998,21.647949917000062],[-105.44806184199996,21.64786599400003],[-105.44295014799997,21.64225457400005],[-105.44989289699998,21.627142651000042],[-105.45464600999998,21.654616101000045],[-105.47958649999998,21.700171216000058],[-105.47458924699998,21.703671202000066],[-105.49536408799997,21.729588255000067],[-105.49375428499997,21.784283384000048],[-105.50139893899996,21.75311540000007],[-105.49528779399998,21.742171034000023],[-105.50036897099994,21.74364350600007],[-105.62628449799996,21.946531994000054],[-105.65047730799995,21.998865826000042],[-105.65756501499999,22.053837521000048],[-105.65139283599996,22.188782438000032],[-105.66633881899998,22.29714272800004],[-105.70236481899997,22.41389344600003],[-105.76164521599998,22.527031643000043],[-105.75856294099998,22.53869889500004],[-105.75114716899998,22.538614971000072],[-105.71903504799997,22.475449308000066],[-105.698649306,22.47031091100007],[-105.72539796299998,22.49186585700005],[-105.749285596,22.546892866000064],[-105.76628388699999,22.55053208700008],[-105.78737153299994,22.59897683400004],[-105.84144868299995,22.676115736000042],[-105.94472779699998,22.773005230000024],[-106.00631226899998,22.817337735000024],[-106.03542603899996,22.829533323000078],[-106.03475465199995,22.83728288100008],[-106.00128449699997,22.845560772000056],[-105.99559296999996,22.867171032000044],[-105.97472657599997,22.878809674000024],[-106.00450410299999,22.867310270000075],[-106.00528230099997,22.846420987000045],[-106.03364838999994,22.845616087000053],[-106.04056062199999,22.835476620000065],[-106.17197694099997,22.98711656000006],[-106.27214326299998,23.073559506000038],[-106.26828278899995,23.08544991900004],[-106.27453126299997,23.076338513000053],[-106.29536713899995,23.090115292000064],[-106.26909150499995,23.123810513000024],[-106.29803742799999,23.09450410200003],[-106.39356507699995,23.17850564200006],[-106.40889252999995,23.18556092500006],[-106.42058839199996,23.177866680000022],[-106.40780915499994,23.206671460000052],[-106.401644606,23.204949124000052],[-106.40245332099994,23.19358895700003],[-106.38400544399997,23.209004148000076],[-106.38989533699998,23.21972726200005],[-106.39989747399994,23.220505460000027],[-106.39461793299995,23.215672238000025],[-106.40787019199996,23.21142075800003],[-106.43167390299999,23.176394209000023],[-106.42637147299996,23.21853326200005],[-106.45878114099997,23.243698820000077],[-106.48005952199998,23.28428338300006],[-106.49894990299998,23.30136559700003],[-106.49898042099994,23.30825494000004],[-106.48472871099995,23.31239388700004],[-106.48645295599994,23.328142866000064],[-106.52916993499997,23.38578294200005],[-106.56637086299997,23.421059353000032],[-106.55183686599997,23.41336510900004],[-106.56367005699997,23.425560697000037],[-106.55439271299997,23.429281933000027],[-106.57064332299996,23.431114895000064],[-106.56886567499998,23.42472718500005],[-106.63261689499996,23.479004605000057],[-106.62961854399998,23.49294923100007],[-106.68317689299994,23.538033230000053],[-106.69723023799997,23.577059490000067],[-106.70398225199995,23.57375405700003],[-106.76462067899996,23.610365613000056],[-106.81186951999996,23.649033291000023],[-106.81408967399994,23.656227810000075],[-106.79714478899996,23.67769883400007],[-106.81955994999998,23.714087231000065],[-106.84845246699996,23.736727459000065],[-106.85322846799994,23.761616452000055],[-106.88444794999998,23.791670544000056],[-106.88630952299997,23.822977766000065],[-106.89636506499994,23.841366513000025],[-107.00567139999998,23.94589303400005],[-107.16269959799996,24.07203172100003],[-107.28789796199999,24.161255581000034],[-107.39881409999998,24.22517083500003],[-107.398119824,24.234755261000032],[-107.31784333599995,24.19581101800003],[-107.30647553799997,24.179671032000044],[-107.21986665099996,24.125782713000035],[-107.20214356799994,24.104393704000074],[-107.15609254199995,24.090533003000075],[-107.11081208599995,24.049143538000067],[-107.12436951999996,24.072060331000046],[-107.16694917099994,24.098477108000054],[-107.16350831399996,24.10556100200006],[-107.15039338499997,24.09542153700005],[-107.12936677299996,24.095337614000073],[-107.12589539899994,24.082476361000033],[-107.09533967299996,24.068976147000058],[-107.05742158299995,24.037420973000053],[-107.06561555299999,24.053477032000046],[-107.07825745999997,24.054754956000068],[-107.11767091199994,24.082644207000044],[-107.12972535499995,24.10242150600004],[-107.15764893899996,24.10633729400007],[-107.16345490799995,24.119837506000067],[-107.14789857299996,24.142309889000046],[-107.18453492499998,24.159783108000056],[-107.17898072599996,24.14478181100003],[-107.18639649699998,24.130060896000032],[-107.17164887799998,24.111115201000075],[-107.20767487899997,24.11995003900006],[-107.25233735499995,24.16039346100007],[-107.31322755199994,24.19708894200005],[-107.32967652699995,24.218754514000068],[-107.33325471299997,24.20992158300004],[-107.33611573599995,24.23550485000004],[-107.295504468,24.213003857000047],[-107.29214753499997,24.231171353000036],[-107.29719819399998,24.233114941000053],[-107.29814423899995,24.22053216200004],[-107.31134309199996,24.220616087000053],[-107.338808912,24.242838604000042],[-107.34542359699998,24.238560421000045],[-107.34253205699997,24.220505459000037],[-107.36097993299995,24.23194955200006],[-107.38411988699994,24.23222611800003],[-107.40448274,24.253754361000063],[-107.386507887,24.232949003000044],[-107.41792573299995,24.237892849000048],[-107.42397584299994,24.246838316000037],[-107.41000642199998,24.256060345000037],[-107.40464295699996,24.27392075800003],[-107.41433991799994,24.253420575000064],[-107.42570008499996,24.24950478900007],[-107.61634339699998,24.38458894000007],[-107.79975404099997,24.49025414700003],[-107.80794801199994,24.513144238000052],[-107.78750886299997,24.514143690000026],[-107.76814545999997,24.487866147000034],[-107.73825349199996,24.479283079000027],[-107.72814454499996,24.46536515500003],[-107.70700349299995,24.461170895000066],[-107.66203584099998,24.42780946000005],[-107.64450349299995,24.426977856000065],[-107.62439240799995,24.39930985700005],[-107.58611573499996,24.39697717100006],[-107.58983887999995,24.392283185000053],[-107.57644929299994,24.38717149000007],[-107.569781203,24.367171034000023],[-107.54208649999998,24.368033154000045],[-107.51372804,24.329199536000033],[-107.49853791499999,24.332255110000062],[-107.48875703199997,24.32542108000007],[-107.49917115599999,24.34283898600006],[-107.52056397799998,24.35206101800003],[-107.55956544299994,24.386837704000072],[-107.50117005799996,24.355311140000026],[-107.491114515,24.35953210100007],[-107.49050416399996,24.378699047000055],[-107.50956239099997,24.36875413300004],[-107.51300324799996,24.374476178000066],[-107.47731294,24.39536546100004],[-107.49322785799995,24.447754606000046],[-107.54114808499997,24.517754300000036],[-107.57328309399998,24.52700494100003],[-107.61480988899996,24.51397774900005],[-107.62034119899994,24.50942109300007],[-107.58817567199998,24.492254956000068],[-107.59833802599996,24.484671339000045],[-107.59484376299997,24.46939347500006],[-107.63992585499994,24.462753994000025],[-107.64820374899995,24.474699720000046],[-107.63742341299996,24.481421217000047],[-107.64922608699999,24.477255566000053],[-107.67331208499996,24.48453210100007],[-107.68650330899999,24.512894377000066],[-107.71295442,24.48972771900003],[-107.73222627099994,24.490059598000073],[-107.728175062,24.501198515000056],[-107.71475495699997,24.49845002400008],[-107.72328461999996,24.502199873000052],[-107.73564423899995,24.492005093000046],[-107.75511445399997,24.49714349000004],[-107.75692262099994,24.510365231000037],[-107.74611939799996,24.51450417800004],[-107.74417390299999,24.529227002000027],[-107.76378144599994,24.538643582000077],[-107.76681031599998,24.53297685000007],[-107.79131593099999,24.567311033000067],[-107.78322877299996,24.57044862200007],[-107.79325379699998,24.567116482000074],[-107.78830994999998,24.56272767400003],[-107.79392518399999,24.55781053000004],[-107.83489503299995,24.591143354000053],[-107.87253083599995,24.601309521000076],[-107.87653626799994,24.608698590000074],[-107.85759248199997,24.612892849000048],[-107.89119996499994,24.617226346000052],[-107.89978303299995,24.611227734000067],[-107.92867555,24.624920590000045],[-107.95642365899994,24.65028260500003],[-107.96475495599998,24.646921857000052],[-107.95892609999999,24.649727566000024],[-107.94145478599995,24.621365292000064],[-107.91392030099996,24.604422314000033],[-107.91486634699999,24.596310362000054],[-107.89270295499995,24.587059719000024],[-107.88447846799994,24.575255139000035],[-107.86355866799994,24.57369874400007],[-107.85695161199999,24.56031106200004],[-107.85514344599994,24.566477520000035],[-107.84492005699997,24.563172085000076],[-107.84530915599998,24.55305932300007],[-107.82589234699998,24.536421521000022],[-107.80556001099995,24.535366757000077],[-107.81975831399996,24.527920468000048],[-107.94208802599996,24.602726681000036],[-107.99861420999997,24.647505506000073],[-108.020090956,24.675532086000032],[-108.01756562599996,24.726338132000024],[-108.07089509399998,24.78217194900003],[-108.04464234699998,24.79008744600003],[-108.05589570399997,24.776337368000043],[-108.03961457699995,24.769310696000048],[-108.05342377999995,24.778004391000024],[-108.04461945899999,24.784254773000043],[-107.96539582599996,24.714281781000068],[-107.96514405599999,24.727003798000055],[-107.95039643599995,24.726948483000058],[-107.93975343099999,24.736922009000068],[-107.94228639,24.723561033000067],[-107.93053712199998,24.733643276000066],[-107.93492402399994,24.744560942000078],[-107.947787184,24.740811093000048],[-107.95070161099994,24.72936509400006],[-107.96226014399997,24.72936509400006],[-107.97050751999996,24.73697732200003],[-107.97208680399996,24.75586579700007],[-107.98723115299998,24.75350449800004],[-107.98900880199994,24.761893017000034],[-107.96925629999998,24.789337857000078],[-107.93461884799996,24.779171690000055],[-107.94467438999999,24.782088026000054],[-107.94464387399995,24.79255936900006],[-107.95703400999997,24.790199980000068],[-107.95256318499997,24.803366406000066],[-107.96795167299996,24.79003213200008],[-107.97628297199998,24.797781689000033],[-107.96620454199996,24.80136559700003],[-107.97059144399998,24.806143505000023],[-107.99164857299996,24.80469964300005],[-107.99559296899997,24.830643400000042],[-108.01922883399999,24.84053300100004],[-108.00631226799999,24.850115521000077],[-107.98375977899997,24.85189317100003],[-108.00162019199996,24.85947678900004],[-107.96628083599995,24.870754942000076],[-107.96553315499995,24.877920849000077],[-107.91053284999998,24.877060635000078],[-107.898394484,24.88967202400005],[-107.88684357999995,24.87942193300006],[-107.90156068199997,24.890476927000066],[-107.91295136799994,24.87775491000008],[-107.96175660499995,24.877949460000025],[-107.95589722999995,24.88819955100007],[-107.97056092699995,24.872782452000024],[-108.00839509399998,24.862198575000036],[-107.98875703199997,24.884976133000066],[-108.02342500099996,24.896364910000045],[-108.01797761299997,24.90506051400007],[-108.00042237499997,24.908060773000045],[-108.02089204199996,24.91217111000003],[-108.01381196399996,24.911755307000078],[-107.99886597999995,24.93531106200004],[-107.99461640699997,24.96370004100004],[-108.01003541299997,24.979698880000058],[-108.00717439099998,24.988394482000047],[-108.03045167299996,24.985087140000076],[-108.047587293,25.00131104700006],[-108.05342377999995,25.06719849900003],[-108.04419984199995,25.06633828400004],[-108.06714906099995,25.08261559700003],[-108.09125794799996,25.087616667000077],[-108.124644177,25.11761544600006],[-108.13675965699997,25.11967156700007],[-108.12878693999994,25.099282009000035],[-108.15958680499995,25.10344956800003],[-108.22253693999994,25.15883897200007],[-108.21922578299996,25.171393140000077],[-108.23881043799997,25.16589425500007],[-108.25628175099996,25.197643980000066],[-108.28714265299999,25.200949414000036],[-108.28878297199998,25.21261666600003],[-108.29670228199996,25.196366056000045],[-108.28675355299998,25.198033078000037],[-108.29167451299998,25.192143185000077],[-108.28547944399998,25.17672608600003],[-108.31128205599998,25.20008729400007],[-108.31884278499996,25.191782698000054],[-108.31339539799995,25.204699263000066],[-108.32714356799994,25.20344994900006],[-108.33256043799997,25.212143644000037],[-108.31756104799996,25.212172253000062],[-108.31669892699995,25.240504010000052],[-108.364199537,25.255532010000024],[-108.35253419199995,25.269699795000065],[-108.35669984199995,25.27889321500004],[-108.34628571899998,25.281809552000027],[-108.35634126099995,25.283421261000058],[-108.36086549199996,25.266365750000034],[-108.37381257399994,25.26258729400007],[-108.38045014699998,25.279255613000032],[-108.39795197799998,25.283476574000076],[-108.40464295799995,25.27344964200006],[-108.41337098499997,25.283838970000033],[-108.41506471099996,25.276365979000047],[-108.40464295799995,25.270115598000075],[-108.39714326299998,25.280115828000078],[-108.38128175099996,25.272616131000063],[-108.37003602399994,25.25631020800006],[-108.37794770599999,25.240114911000035],[-108.38833894199996,25.248865826000042],[-108.38503541199998,25.22969887900007],[-108.37417115599999,25.222170576000053],[-108.37420167399995,25.203837140000076],[-108.39042176599997,25.183449491000033],[-108.442980665,25.248421415000053],[-108.49923219099998,25.281365141000038],[-108.492144484,25.291754469000068],[-108.50628175199995,25.284254773000043],[-108.535868543,25.298838362000026],[-108.53211488199997,25.309283003000075],[-108.51503266699996,25.315504772000054],[-108.53295411499994,25.321781858000065],[-108.53464784,25.310116513000025],[-108.56048096999996,25.319254621000027],[-108.57378663399999,25.34422753700005],[-108.60464753499997,25.34008859000005],[-108.62967194999999,25.347614987000043],[-108.64673127499998,25.35969994800007],[-108.66961945899999,25.39925454400003],[-108.69047822399995,25.403422102000036],[-108.69964875599999,25.396754010000052],[-108.70630921699995,25.41094849800004],[-108.70503510699996,25.398838742000066],[-108.72255982699994,25.396364911000035],[-108.71800507899997,25.39008782800005],[-108.74050416399996,25.39508889600006],[-108.72378816,25.417587980000064],[-108.74134339699998,25.400948269000025],[-108.73878754999998,25.41181062100003],[-108.74878205599998,25.40758775100005],[-108.74336518599995,25.413809521000076],[-108.75211610199995,25.41178201100007],[-108.76589478899996,25.427170498000066],[-108.74334229799996,25.43136666600003],[-108.75592317,25.437170727000023],[-108.75089539899994,25.463865980000037],[-108.77881135399997,25.449253782000028],[-108.76589478899996,25.462198956000066],[-108.76672639299994,25.474699720000046],[-108.77714814599994,25.475088818000074],[-108.77381409999998,25.460142834000067],[-108.79167451299998,25.46383737000008],[-108.76586427099994,25.497172101000046],[-108.78258790399997,25.512200102000065],[-108.76008881999996,25.518837675000043],[-108.77672852899997,25.531365140000048],[-108.77878083499996,25.54345010000003],[-108.81630982799999,25.533392652000032],[-108.81714906099995,25.515116438000064],[-108.83839692399994,25.54800484900005],[-108.84044923199997,25.564310774000035],[-108.85961427099994,25.562588438000034],[-108.86464204199996,25.575087292000035],[-108.87003602399994,25.55969880500004],[-108.89964570399997,25.565920575000064],[-108.90922822399995,25.555504545000076],[-108.90842713799998,25.537144407000028],[-108.897532362,25.53383897200007],[-108.90670289399998,25.512200102000065],[-108.88836945899999,25.502171261000058],[-108.89964570399997,25.48178170400007],[-108.91503419299994,25.47219918500008],[-108.91631593099999,25.460921034000023],[-108.94003571699994,25.45053170600005],[-108.93509187099994,25.47053216200004],[-108.96503724399997,25.476338131000034],[-108.95459260399997,25.48095010000003],[-108.95378388699999,25.473421795000036],[-108.94589509399998,25.495505078000065],[-108.99048127599997,25.507643445000042],[-109.00297822199997,25.499281628000062],[-109.01967133799997,25.502588971000023],[-109.02839936599997,25.493838055000026],[-109.00128449799996,25.467615826000042],[-109.02714814499996,25.462616667000077],[-109.02714814499996,25.47008775100005],[-109.03314484999999,25.466671688000076],[-109.04797639299994,25.47758744500004],[-109.03503693899995,25.462227566000024],[-109.04050721599998,25.460116132000053],[-109.07922639199995,25.491337522000038],[-109.120058912,25.54214356700004],[-109.09547700299998,25.545948727000052],[-109.10425843599995,25.533865674000026],[-109.09128083599995,25.522642834000067],[-109.09589661999996,25.535532696000075],[-109.09051026699996,25.545088513000053],[-109.09047974899994,25.534254772000054],[-109.07961549199996,25.53847764300008],[-109.08130921799994,25.530115826000042],[-109.07086457599996,25.531365140000048],[-109.08423127499998,25.54300378100004],[-109.08172883399999,25.55219911000006],[-109.06089295799995,25.534670576000053],[-109.06175507899997,25.51719926100003],[-109.05836762799998,25.53469918500008],[-109.07131471099996,25.555948956000066],[-109.05425538499998,25.54800484900005],[-109.05128754999998,25.535114987000043],[-109.04836549199996,25.548031553000044],[-109.02759065099997,25.55136559700003],[-109.04883851299996,25.554281933000027],[-109.06336488099998,25.56633828400004],[-109.04961671199999,25.56428216200004],[-109.04842652699995,25.576338513000053],[-109.05508698899996,25.578032239000038],[-109.04967011699995,25.59678338300006],[-109.061259168,25.582588894000025],[-109.06336488099998,25.59053300200003],[-109.053782362,25.600088818000074],[-109.06547822299996,25.60344956800003],[-109.07217683199997,25.59678338300006],[-109.08130921799994,25.605950101000076],[-109.06920136799994,25.588032467000062],[-109.09547700299998,25.574282393000033],[-109.08509339699998,25.59964440600004],[-109.11881532099994,25.60592149000007],[-109.12545289399998,25.62092088000003],[-109.12506379499996,25.610476240000025],[-109.15214814499996,25.60928223800005],[-109.15214814499996,25.62092088000003],[-109.16217317,25.61428330600006],[-109.16378297199998,25.627615675000072],[-109.17256440499995,25.63053201100007],[-109.16503419299994,25.637200101000076],[-109.17383851399995,25.63344834700007],[-109.18506135399997,25.643004162000068],[-109.16295136799994,25.65011666600003],[-109.14300813099999,25.638394102000063],[-109.14297761399996,25.645920498000066],[-109.16961945899999,25.652615292000064],[-109.19420136899998,25.64467118500005],[-109.18714417799998,25.65511582700003],[-109.15250672699995,25.66633866500007],[-109.18964661999996,25.657561048000048],[-109.18258942799997,25.668032391000054],[-109.18712129,25.674282774000062],[-109.19172944299999,25.654671414000063],[-109.20006074299994,25.65470002400008],[-109.19550599399997,25.66842149200005],[-109.20467652699995,25.65597604100003],[-109.20467652699995,25.66842149200005],[-109.182558912,25.68717072900006],[-109.19217194899994,25.686781629000052],[-109.19756593099999,25.695503935000033],[-109.19425477399994,25.67969964300005],[-109.21128358299995,25.670088514000042],[-109.20092286499994,25.690560086000062],[-109.207087415,25.68339417800007],[-109.20711793299995,25.695088131000034],[-109.21628083499996,25.674227461000044],[-109.223009962,25.690920575000064],[-109.22545136799994,25.675087674000054],[-109.23672761299997,25.686337216000027],[-109.22587098499997,25.693894131000036],[-109.23173035999997,25.694699033000063],[-109.22675599499996,25.702143414000034],[-109.24009217599996,25.695503935000033],[-109.23803223999994,25.731755002000057],[-109.24256410099997,25.69805978100004],[-109.24964417799998,25.710921032000044],[-109.24753083599995,25.69639275800006],[-109.25300873999998,25.69839356700004],[-109.25001038899995,25.720505459000037],[-109.25592317,25.718838437000045],[-109.24589814499996,25.734726652000063],[-109.24791993499997,25.746783003000075],[-109.25756348999994,25.720532164000076],[-109.25506104799996,25.696366055000055],[-109.26128663399999,25.70258782600007],[-109.26425446899998,25.694699033000063],[-109.25089539899994,25.686337216000027],[-109.25006379499996,25.673838360000047],[-109.25673188599995,25.67300485000004],[-109.23339356799994,25.64553330800004],[-109.23800935199995,25.64175484900005],[-109.29589356799994,25.65386651400007],[-109.28589906099995,25.66383813300007],[-109.29172791899998,25.702198727000052],[-109.28422822299996,25.70467065200006],[-109.28839387299996,25.72386620800006],[-109.28003205699997,25.723032696000075],[-109.27836884899995,25.73803208700008],[-109.28380860699997,25.725088819000064],[-109.28800477399994,25.73344872900003],[-109.29587068,25.73136590200005],[-109.28798188599995,25.742615444000023],[-109.30092133899996,25.741337521000048],[-109.30047883399999,25.728420956000036],[-109.31378449799996,25.730950102000065],[-109.32797517199998,25.748421415000053],[-109.33631409999998,25.74008820800003],[-109.33922852899997,25.758866055000055],[-109.33089722999995,25.770504696000046],[-109.33925904699998,25.769699795000065],[-109.34125794699997,25.75344918500008],[-109.36339844999998,25.764698727000052],[-109.349230665,25.768837673000064],[-109.33961762799998,25.789311154000075],[-109.35378541399996,25.768421873000023],[-109.36634339699998,25.767588360000047],[-109.36545075799995,25.785114987000043],[-109.40006532099994,25.764698727000052],[-109.40175904699998,25.713865979000047],[-109.39172639299994,25.67719911000006],[-109.40091981299997,25.68050454400003],[-109.40919770599999,25.751393063000023],[-109.43673219099998,25.80550454400003],[-109.43003358299995,25.80889390400006],[-109.42798127599997,25.801754698000025],[-109.42714204199996,25.811781629000052],[-109.41669740099996,25.817171795000036],[-109.40714539899994,25.783421261000058],[-109.38964356799994,25.780920727000023],[-109.38920106299997,25.80300401100004],[-109.39800538399999,25.81342194900003],[-109.41047944299999,25.809254391000024],[-109.42087068,25.823866590000023],[-109.40423096999996,25.836338742000066],[-109.40339936599997,25.855532392000043],[-109.359202284,25.852976544000057],[-109.410509962,25.858422026000028],[-109.41589631499994,25.833838209000078],[-109.43170442,25.817171795000036],[-109.421702284,25.88803170600005],[-109.40384187099994,25.883421643000077],[-109.41256226899998,25.88969872800004],[-109.40214814599994,25.892559750000032],[-109.41170014699998,25.893004164000047],[-109.40709199299994,25.90011666600003],[-109.41923035999997,25.893837674000054],[-109.43170442,25.923838361000037],[-109.42297639299994,25.916754467000032],[-109.42128266599997,25.924254162000068],[-109.39922608699999,25.929671032000044],[-109.42209138299995,25.930893644000037],[-109.44711579699998,25.945976956000038],[-109.45086945899999,25.940504773000043],[-109.45173157999994,25.947226269000055],[-109.44044770599999,25.960921034000023],[-109.43294801099995,25.94347642300005],[-109.41545380999997,25.95761559700003],[-109.37922944399998,25.95467065100007],[-109.41467561199994,25.960116131000063],[-109.43216981299997,25.945921643000077],[-109.439677137,25.96342156600008],[-109.45334138299995,25.95469926100003],[-109.43712129,25.996754391000024],[-109.429476637,25.999699338000028],[-109.42383851499994,25.985949262000076],[-109.42673005399996,25.996365292000064],[-109.41961945799994,25.987642987000072],[-109.42342652699995,25.998005612000043],[-109.41134156599998,25.990921719000028],[-109.40795411499994,25.995920881000075],[-109.41755952299997,25.997977001000038],[-109.41058625599999,26.00281022300004],[-109.42620362599996,25.999420866000037],[-109.41948212999995,26.002894146000074],[-109.42745484699998,26.00022767400003],[-109.42950715499995,26.007033094000064],[-109.43531312399995,26.000838025000064],[-109.41625489599994,26.048727736000046],[-109.41136445399997,26.05050538300003],[-109.41367616099996,26.037699446000033],[-109.40450562799998,26.031227812000054],[-109.40017213299996,26.046477063000054],[-109.40622987199998,26.05464432900004],[-109.40281190299999,26.03964303300006],[-109.40895356599998,26.035227520000035],[-109.41222657499998,26.04656098600003],[-109.40631379499996,26.06605981200005],[-109.38239564299994,26.098448500000075],[-109.38125886299997,26.08939431400006],[-109.36064423899995,26.114670499000056],[-109.35200776399995,26.115366682000058],[-109.36225404199996,26.116392834000067],[-109.37784089399997,26.101143583000066],[-109.30697907799998,26.21205972100006],[-109.29431428399994,26.269171459000063],[-109.25231446699996,26.314642652000032],[-109.23942078899995,26.312199337000038],[-109.23711671299998,26.29800484900005],[-109.24367036199999,26.296421750000036],[-109.24972810199995,26.274727566000024],[-109.24798096999996,26.30300401100004],[-109.26200379699998,26.266255123000064],[-109.26103486399995,26.275421841000025],[-109.26628388799998,26.268837674000054],[-109.27459229899995,26.279421553000077],[-109.27964295799995,26.273060543000042],[-109.30617036299998,26.16567109400006],[-109.30623139699998,26.153643353000064],[-109.29953278899995,26.165365918000077],[-109.29114808499997,26.152144177000025],[-109.29789246799999,26.14564393300003],[-109.29047669799996,26.14972756700007],[-109.29120149,26.13894914100007],[-109.26375855799995,26.188032849000024],[-109.25786866599998,26.18614266800006],[-109.27400483499997,26.215338453000072],[-109.26809205399996,26.22042153600006],[-109.24981202499998,26.215115292000064],[-109.255480665,26.200781567000035],[-109.24528779399998,26.215393766000034],[-109.25384034399997,26.23808739900005],[-109.24131287899996,26.226393445000042],[-109.23731507699995,26.251171811000063],[-109.22381104899995,26.26047776400003],[-109.21464814499996,26.34139321600003],[-109.20686616299997,26.333004696000046],[-109.21158875899994,26.324560864000034],[-109.203646559,26.344753965000052],[-109.17319764499996,26.310505613000032],[-109.15828217899997,26.304171307000047],[-109.17042054399997,26.276255354000057],[-109.16450776499994,26.281115277000026],[-109.15053071399996,26.27122758200005],[-109.17559327499998,26.262894377000066],[-109.18147553799997,26.24794839300006],[-109.15797700299998,26.255337460000078],[-109.16376008399999,26.23628304700003],[-109.14016999599994,26.23608849900006],[-109.13119782799998,26.217116101000045],[-109.12423219099998,26.222754225000074],[-109.12597932199998,26.212559445000068],[-109.11114777999995,26.21025536800005],[-109.12137116799994,26.20292161200007],[-109.10875977799998,26.205227597000032],[-109.12159242099995,26.174671872000033],[-109.10211457599996,26.214560254000048],[-109.11150636099995,26.21639321500004],[-109.11042298599995,26.227949842000044],[-109.12375916899998,26.244587643000045],[-109.10378541299997,26.272116406000066],[-109.101954359,26.26475404200005],[-109.08478822199999,26.268088087000024],[-109.09298219099998,26.27197717100006],[-109.09467591699996,26.28522752200007],[-109.11214722999995,26.275393231000066],[-109.13789643699994,26.294338926000023],[-109.12731446699996,26.293061003000048],[-109.12161530799995,26.302948698000023],[-109.15050782599997,26.313698514000066],[-109.15303315499995,26.330422146000046],[-109.13811768899996,26.331949933000033],[-109.13706483299995,26.342894301000058],[-109.15886964199996,26.336338742000066],[-109.152865309,26.357004864000032],[-109.16894807199998,26.350504620000038],[-109.16623200799995,26.377142651000042],[-109.18406190299999,26.38469956600005],[-109.18611420999997,26.395394070000066],[-109.19895448099999,26.39628289600006],[-109.209864515,26.407726986000057],[-109.18270387099994,26.377754911000068],[-109.19392670999997,26.356116041000064],[-109.23811616299997,26.398726210000063],[-109.24550904699998,26.43211625500004],[-109.23878754999998,26.451809629000024],[-109.25292481799994,26.472977384000046],[-109.25950898399998,26.471171124000023],[-109.24953736499998,26.456087813000067],[-109.25483979599994,26.45064423900004],[-109.24972810199995,26.384838803000036],[-109.25631226899998,26.32397721500007],[-109.26289643699994,26.317810757000075],[-109.254618543,26.41050408600006],[-109.26978577799997,26.49881051400007],[-109.30878724399997,26.559614881000073],[-109.36159028299994,26.59719918600007],[-109.40873231299997,26.655365690000053],[-109.48897828499997,26.681393368000045],[-109.43323029899994,26.670532925000032],[-109.43464936599997,26.688616497000055],[-109.44459046699995,26.69306062000004],[-109.43751038999994,26.712143643000047],[-109.47736634599994,26.71794961300003],[-109.48650636099995,26.742865307000045],[-109.51167573299995,26.722115262000045],[-109.51462068,26.754698500000075],[-109.52894868299995,26.758698208000055],[-109.55831422199998,26.718226177000076],[-109.54487122899997,26.706282361000035],[-109.52972688099999,26.712143643000047],[-109.51648225199995,26.701227886000027],[-109.542231459,26.70225404200005],[-109.53389252999995,26.696310742000037],[-109.546175856,26.69478295600004],[-109.54128541299997,26.691448910000076],[-109.57805909599995,26.700670942000045],[-109.55892457399995,26.690504773000043],[-109.53612031399996,26.691532834000043],[-109.51211823799997,26.677115186000037],[-109.494364637,26.678698285000053],[-109.49634064999998,26.66972611700004],[-109.59633912499999,26.692976698000052],[-109.65478791599998,26.690394148000053],[-109.636507887,26.697226269000055],[-109.67219819499996,26.689642653000078],[-109.65822877299996,26.689532025000062],[-109.66669740099996,26.684559567000065],[-109.66731538199997,26.67206071100003],[-109.67573060399997,26.67219994800007],[-109.78087129,26.715504391000024],[-109.79650391999996,26.72706101700004],[-109.78570069699998,26.72883866600006],[-109.79392518399999,26.74375413300004],[-109.79892243799998,26.729698880000058],[-109.83145417599997,26.75639413300007],[-109.83656586999996,26.763449414000036],[-109.82900514,26.769615873000077],[-109.83831300099996,26.766504987000076],[-109.85711945799994,26.796393141000067],[-109.89558686599997,26.92472718600004],[-109.95147981099996,26.99472688000003],[-109.94211854399998,27.008755429000075],[-109.92975892399994,26.977143032000072],[-109.89722718599995,26.94736550600004],[-109.90133943,26.937948927000036],[-109.89267243799998,26.936032040000043],[-109.892367262,26.928171857000052],[-109.88386811599997,26.93953202600005],[-109.89875306499994,26.940504774000033],[-109.88970460299998,26.95281098600003],[-109.90400971799994,26.96020005500003],[-109.89325990099996,26.960587247000035],[-109.90075959599994,26.971365673000037],[-109.90814484899994,26.970505459000037],[-109.89892091099995,26.977143032000072],[-109.89067353499996,26.97036622400003],[-109.895617384,26.975727780000057],[-109.88894929299994,26.982170805000067],[-109.90414704699998,26.974755032000076],[-109.90714539899994,26.987866147000034],[-109.89869965899999,26.992087109000067],[-109.92236604099998,26.995671017000063],[-109.91714753499997,27.005421383000055],[-109.89689912199998,26.996254666000027],[-109.91286744499996,27.002171261000058],[-109.90622987199998,27.013920530000064],[-109.91539277399994,27.018421872000033],[-109.91542329199996,27.04444955300005],[-109.89609040699997,27.037005171000033],[-109.91525544499996,27.04742120000003],[-109.92464722999995,27.06944917000004],[-109.96731080399996,27.101643309000053],[-109.99325837499998,27.117754681000065],[-109.99967469599994,27.108643277000056],[-110.01128663399999,27.11261628400007],[-110.00609101699996,27.120615704000045],[-110.01980866799994,27.113838894000025],[-110.01431550399997,27.124504788000024],[-110.03306092599996,27.105561003000048],[-110.03275574999998,27.126366361000066],[-110.03567017899996,27.114615186000037],[-110.04245271099995,27.117254957000057],[-110.03692139999998,27.11153291000005],[-110.05034150499995,27.12356065000006],[-110.05667390199994,27.11814378200006],[-110.03558625599999,27.10878251500003],[-110.06111420999997,27.076170666000053],[-110.09469880399996,27.102976545000047],[-110.15450562899997,27.115393383000026],[-110.13431062099994,27.12478326100006],[-110.114725965,27.12133858900006],[-110.13392152199998,27.126393063000023],[-110.16025819199996,27.11789391900004],[-110.22358979599994,27.132059797000068],[-110.20578278899995,27.132033093000075],[-110.21406068299996,27.13636659100007],[-110.21089448299995,27.141005261000032],[-110.19269837699994,27.130337460000078],[-110.20303620699997,27.138727886000027],[-110.19150819199996,27.13728211700004],[-110.20720185499994,27.148087247000035],[-110.21148194699998,27.142309888000057],[-110.22822846799994,27.157311185000026],[-110.23892487899997,27.156170590000045],[-110.234370131,27.16514275800006],[-110.26564301899998,27.14892075800003],[-110.26317109499996,27.161921246000077],[-110.26825990099996,27.148699505000025],[-110.25905885099996,27.142977459000065],[-110.28436555299999,27.14386628400007],[-110.30739869499996,27.15275453000004],[-110.30042542899997,27.163033230000053],[-110.28225983999994,27.165226681000036],[-110.29742707599996,27.17139313900003],[-110.30814637499998,27.15717194800004],[-110.31544770599999,27.164892895000037],[-110.30400361399995,27.163727505000054],[-110.30725373599995,27.17308877200003],[-110.31892670999997,27.165531857000076],[-110.32600678799997,27.181893095000078],[-110.32770051399996,27.176226361000033],[-110.33792390099995,27.181727154000043],[-110.31050385799995,27.156309828000076],[-110.330202956,27.165810330000056],[-110.42956056,27.26314423900004],[-110.47931184199996,27.284670575000064],[-110.52522553899996,27.290226681000036],[-110.51914491099996,27.300671324000064],[-110.47470368699999,27.29300378100004],[-110.44311799399998,27.29622720100008],[-110.4403943,27.303421719000028],[-110.47609223799998,27.311032041000033],[-110.47797669799996,27.318087324000032],[-110.46625794799996,27.31556008700005],[-110.47381104799996,27.32150529200004],[-110.46150483499997,27.327143414000034],[-110.48361481999996,27.324227078000035],[-110.47217072899997,27.352226956000038],[-110.46064271299997,27.35086510900004],[-110.47306336799994,27.35458825300003],[-110.477480787,27.34817193300006],[-110.48556031599998,27.360699398000065],[-110.47111787199998,27.361393673000066],[-110.49703492599997,27.38086579700007],[-110.48855866799994,27.390337690000024],[-110.49791993499997,27.38447640800007],[-110.49850739799996,27.394060833000026],[-110.49953736699996,27.382143719000055],[-110.508036512,27.38944886400003],[-110.52589692499998,27.37225411600008],[-110.53792085099997,27.37194894000004],[-110.52878083599995,27.37536500400006],[-110.52731599199996,27.388699278000047],[-110.50478639,27.401865704000045],[-110.51050843599995,27.40114281900003],[-110.50550355399997,27.408810362000054],[-110.51558961299997,27.39364312400005],[-110.52328767199998,27.39650414700003],[-110.50934113899996,27.411921246000077],[-110.51775635999996,27.414366468000026],[-110.51900758199997,27.407253964000063],[-110.52281464899994,27.416949017000036],[-110.52389802299996,27.405365689000064],[-110.52556123099998,27.422060713000064],[-110.52792634399998,27.39622758300004],[-110.53431214699998,27.404392941000026],[-110.53303803799997,27.39783738400007],[-110.54370393199997,27.40303300200003],[-110.55948151899997,27.393448576000026],[-110.54709138299995,27.406365140000048],[-110.53798188599995,27.404560789000072],[-110.54795350499995,27.41067193300006],[-110.53822602699995,27.421643003000042],[-110.54506196399996,27.415476545000047],[-110.55447663599995,27.420338376000075],[-110.53806580899999,27.429560406000064],[-110.54734315299999,27.43561623900007],[-110.56128205599998,27.41703294000007],[-110.55711640699997,27.431338055000026],[-110.56522645299998,27.429810270000075],[-110.55731477199998,27.435587629000054],[-110.56764497199998,27.438088162000042],[-110.56742371899998,27.44478295600004],[-110.57612122899997,27.438671810000073],[-110.56997956599997,27.44761536900006],[-110.57487000899994,27.449755413000048],[-110.55953492499998,27.455532772000026],[-110.55570496899998,27.447338804000026],[-110.55139436099995,27.453005536000035],[-110.53753175199995,27.448698742000033],[-110.54886903199997,27.453726515000028],[-110.53322877299996,27.45969842200003],[-110.56730927899997,27.45803330800004],[-110.56534089499996,27.469504103000077],[-110.57219971999996,27.47214387200006],[-110.56036652899996,27.474699719000057],[-110.57775391899997,27.477894528000036],[-110.56386842099994,27.481644377000066],[-110.57473267799998,27.486033185000053],[-110.579699415,27.477837308000062],[-110.56947602599996,27.45797608600003],[-110.58756532099994,27.45636628500006],[-110.59489716899998,27.438004239000065],[-110.59481324599994,27.525366529000053],[-110.57786835999997,27.503754361000063],[-110.56206025499995,27.500448925000057],[-110.58230866799994,27.51375458900003],[-110.58122529399998,27.534031613000025],[-110.57370271099995,27.53269837700003],[-110.59136475899999,27.54072640800007],[-110.59525575099997,27.530060513000024],[-110.60006226899998,27.552727444000027],[-110.58870210099997,27.54558823800005],[-110.60728730599999,27.56358788700004],[-110.60417451299998,27.568838818000074],[-110.59144868199996,27.564671263000037],[-110.60553254499996,27.571366055000055],[-110.60142030099996,27.60172723100004],[-110.60984315299999,27.609671339000045],[-110.61045350499995,27.595392927000034],[-110.61803712199998,27.602976544000057],[-110.62562074099998,27.59783814700006],[-110.60961427099994,27.57683823800005],[-110.61278809899994,27.570587858000067],[-110.62964906099995,27.595226987000046],[-110.63148011499999,27.601477368000076],[-110.61600770399997,27.606587155000057],[-110.60367097199997,27.62289308000004],[-110.61717500099996,27.60797761200007],[-110.62992371899998,27.606226666000055],[-110.61556519899995,27.625616773000047],[-110.62489594799996,27.62208817800007],[-110.63295258899996,27.646143658000028],[-110.62980927799998,27.658005461000073],[-110.62389649799997,27.63683770600005],[-110.62686433199997,27.652727826000046],[-110.61881532099994,27.649088604000042],[-110.62711610199995,27.668143017000034],[-110.62208833099999,27.67306016200007],[-110.61567201099996,27.647921309000026],[-110.60217561099995,27.64036629900005],[-110.60728730599999,27.633003934000044],[-110.59411897099994,27.62872765800006],[-110.60550965699997,27.633337721000032],[-110.60056580899999,27.64122651300005],[-110.61159028499998,27.653977139000062],[-110.58964814599994,27.65203164500008],[-110.59170045299999,27.658060772000056],[-110.56203736599997,27.666060194000067],[-110.57181062099994,27.66819833200003],[-110.58178223999994,27.65894959800005],[-110.58217133899996,27.67403291000005],[-110.573672193,27.671253903000036],[-110.56706513799998,27.68050454400003],[-110.59095277199998,27.70150445200005],[-110.58633698899996,27.691422207000073],[-110.60050477399994,27.692642910000075],[-110.60228242299996,27.66297601100007],[-110.61023225199995,27.658976300000063],[-110.60428132399994,27.69880936900006],[-110.59220399299994,27.707310421000045],[-110.603175062,27.70217202400005],[-110.60659303099999,27.72189400900004],[-110.59031190299999,27.717226727000025],[-110.59747590299997,27.711504681000065],[-110.58030976699996,27.719811186000072],[-110.57039918299995,27.70339272700005],[-110.57808961299997,27.728865368000072],[-110.56576051099995,27.71886513900006],[-110.55128754999998,27.73067162800004],[-110.56706513799998,27.74558900100004],[-110.57697572199999,27.730253918000074],[-110.59058656099995,27.731894238000052],[-110.58934296999996,27.754004225000074],[-110.60003175199995,27.752726301000052],[-110.59467591599997,27.737116558000025],[-110.60189332399995,27.734616026000026],[-110.60986603999999,27.75556062000004],[-110.61081208599995,27.729088528000034],[-110.614787,27.756394132000025],[-110.60536469799996,27.771309597000027],[-110.61600770399997,27.758227095000052],[-110.61889924399998,27.77289269700003],[-110.59528626799994,27.78097604000004],[-110.59772767399994,27.787005170000043],[-110.58267487899997,27.777144177000025],[-110.58314790099996,27.786392912000053],[-110.56450929099998,27.79519914000008],[-110.57861604099998,27.788727507000033],[-110.58020295499995,27.79811547500003],[-110.596392531,27.795365080000067],[-110.59292115599999,27.81142113900006],[-110.60898103099998,27.810366377000037],[-110.593394177,27.82494996400004],[-110.58936585799995,27.816727383000057],[-110.57983674399998,27.829893811000034],[-110.576563734,27.82581017900003],[-110.57967652699995,27.835505230000024],[-110.57055940099997,27.842365965000056],[-110.552225965,27.833227856000065],[-110.54475678799997,27.843254788000024],[-110.53731049899994,27.83319924600005],[-110.52006043799997,27.853031858000065],[-110.51208771999995,27.852642759000048],[-110.51037110699997,27.84439347500006],[-110.51323212999995,27.85797761300006],[-110.50278748899996,27.867644056000074],[-110.53214539899994,27.849976285000025],[-110.56784333599995,27.876227124000025],[-110.61056031599998,27.887310727000056],[-110.63389863299994,27.881449444000054],[-110.64475526299998,27.886366589000033],[-110.64317597799999,27.89844964400004],[-110.65864838999994,27.902949079000052],[-110.66656007199998,27.895060284000067],[-110.62031068199997,27.87069962700008],[-110.61067475699997,27.857504590000076],[-110.61539735199995,27.854698881000047],[-110.66300477399994,27.88978265000003],[-110.68186463799998,27.888115628000037],[-110.73556031599998,27.909670576000053],[-110.80484284799996,27.917227491000062],[-110.85559357899996,27.910588011000073],[-110.81475343099999,27.922920927000064],[-110.82705964499996,27.951309903000038],[-110.85695161199999,27.943560345000037],[-110.87067689299994,27.91283868100004],[-110.88053406899996,27.92289422300007],[-110.89222993299995,27.92014382600007],[-110.90914430099997,27.893393262000075],[-110.88798035999997,27.905504927000038],[-110.88650788599995,27.89800523100007],[-110.85734071099995,27.898783430000037],[-110.87259187099994,27.883671505000052],[-110.866450209,27.87753175000006],[-110.88242615999997,27.861727459000065],[-110.87633790399997,27.861309750000032],[-110.87655915599998,27.851338131000034],[-110.88798035999997,27.83705972000007],[-110.90722932199998,27.86558793300003],[-110.930926221,27.868115170000067],[-110.92373170299999,27.881533368000078],[-110.95420350299997,27.86558793300003],[-110.95244874399998,27.88831017900003],[-110.96148194699998,27.889672026000028],[-110.96967591699996,27.904810652000037],[-110.94895448099999,27.91250489500004],[-110.95164765699997,27.926310284000067],[-110.94372834599994,27.92092202400005],[-110.94636811599997,27.931172117000074],[-110.96650971799994,27.922865613000056],[-110.98231019299999,27.938643200000058],[-110.97364320199995,27.970616086000064],[-110.98650636099995,27.965477689000068],[-110.97831239099997,27.962422116000027],[-110.98056306299998,27.952976926000076],[-111.02431001099995,27.960755093000046],[-111.059809584,27.936337216000027],[-111.063753981,27.943894131000036],[-111.05764283499997,27.946531996000033],[-111.06769837599995,27.95689271400005],[-111.06200684899994,27.924753888000055],[-111.07311524799997,27.937060101000043],[-111.10769929299994,27.93492196300008],[-111.09739197999994,27.94908784300003],[-111.109560865,27.962837918000048],[-111.12078370499995,27.95819924700004],[-111.12267579499996,27.975393995000047],[-111.13292207099994,27.972115263000035],[-111.14109315299999,27.983004315000073],[-111.176340956,27.988920912000026],[-111.18797578299996,28.016949398000065],[-111.21100892499999,28.030421003000072],[-111.21356477199998,28.041559918000075],[-111.24173249599994,28.046892866000064],[-111.244532484,28.058338865000053],[-111.25808991799994,28.054671034000023],[-111.25428284999998,28.063893063000023],[-111.27942170499995,28.08189271200007],[-111.27569856099996,28.090727551000043],[-111.285509962,28.090309842000067],[-111.29656495499995,28.13183854300007],[-111.31739320199995,28.138504728000044],[-111.316592115,28.149809583000035],[-111.33408631699996,28.159615261000056],[-111.33503236099995,28.192532286000073],[-111.34289826699995,28.20603249800007],[-111.35891999599994,28.219643339000072],[-111.37964906099995,28.22122643700004],[-111.37778748899996,28.242005093000046],[-111.390620131,28.250727399000027],[-111.39295472499998,28.272032483000032],[-111.40889252999995,28.27286599400003],[-111.417422193,28.28706048400005],[-111.42512025199994,28.285143597000058],[-111.45847596599998,28.313866360000077],[-111.46053590199995,28.35489343100005],[-111.43961610199995,28.358811123000066],[-111.43673219099998,28.364643797000042],[-111.44470490799995,28.36805985700005],[-111.43661774999998,28.371199354000055],[-111.45350922899996,28.380421383000055],[-111.45984162699995,28.35867188700007],[-111.48142518399999,28.37883828400004],[-111.52437104599994,28.397949917000062],[-111.585200209,28.414032681000037],[-111.65339936599997,28.44381020800006],[-111.71409119999998,28.456116421000047],[-111.71206178099999,28.462143644000037],[-111.69175996099995,28.45294831700005],[-111.69253816,28.458922133000044],[-111.70025910799995,28.459976895000068],[-111.70320405399997,28.47369836200005],[-111.71358765999997,28.465977415000054],[-111.72067536699996,28.496533138000075],[-111.74225892399994,28.52278207100005],[-111.77653779299999,28.604838117000043],[-111.90953339899994,28.701864942000043],[-111.95303620699997,28.758061154000075],[-111.93056001099995,28.762366041000064],[-111.90297974899994,28.786560757000075],[-111.90572633199997,28.780060513000024],[-111.89295472499998,28.775227292000068],[-111.87811555299999,28.74506066500004],[-111.86086549099997,28.75839303400005],[-111.86648072599996,28.777449353000065],[-111.85150422399994,28.793810591000067],[-111.89197816299998,28.791838392000045],[-111.88553132399994,28.806837780000023],[-111.87872590399996,28.80230973500005],[-111.87670411499994,28.807865841000023],[-111.90028657399995,28.821255429000075],[-111.89383973499997,28.804449781000073],[-111.90597810099996,28.79450486500008],[-111.91242494,28.800005659000078],[-111.90397919999998,28.811894163000034],[-111.926005262,28.816254361000063],[-111.91403474199996,28.791754469000068],[-111.91925324799996,28.788170561000072],[-111.93661774999998,28.81383775100005],[-111.97717561099995,28.84369920000006],[-112.03509034599995,28.85728333900005],[-112.03942384099997,28.87930939900008],[-112.05459107799999,28.884560330000056],[-112.051340956,28.898226484000077],[-112.089503187,28.92308877200003],[-112.10631074299994,28.95453332200003],[-112.176173109,28.966671689000066],[-112.17389192,28.97230981100006],[-112.14414490999997,28.964754803000062],[-112.17180909499996,28.97397683500003],[-112.15550507899997,28.984505399000057],[-112.15467347499998,28.996643766000034],[-112.16228761099995,29.011948330000052],[-112.16981019399998,29.009810193000078],[-112.17383851399995,29.07064317000004],[-112.19142426899998,29.073921902000052],[-112.167948621,29.114533171000062],[-112.18541993499997,29.148087248000024],[-112.20405854599994,29.157311185000026],[-112.19481171999996,29.163283093000075],[-112.19875611699996,29.17144845200005],[-112.233004468,29.179615719000026],[-112.21197785799995,29.24617074300005],[-112.23792542799998,29.308171017000063],[-112.27547730799995,29.330754025000033],[-112.33453645099996,29.319727644000068],[-112.27806367299996,29.339087231000065],[-112.31572999399998,29.33311532400006],[-112.32550324799996,29.341477139000062],[-112.31872834599994,29.33244965800003],[-112.34931458799997,29.316448910000076],[-112.35133637699994,29.325588925000034],[-112.36533631699996,29.325615628000037],[-112.35364808499997,29.32150529200004],[-112.34994782799998,29.309088452000026],[-112.35722626999996,29.31983826900006],[-112.39969910999997,29.332310422000035],[-112.412592787,29.34358857500007],[-112.42481507699995,29.37586663500008],[-112.38561524799997,29.447809918000075],[-112.38297547699995,29.483921750000036],[-112.38984193199997,29.496754391000024],[-112.43197907799998,29.51772759800008],[-112.43564881699996,29.55408738400007],[-112.511172193,29.62194894000004],[-112.54561890899998,29.687559828000076],[-112.58375825299998,29.709448559000066],[-112.59034241899997,29.73944924600005],[-112.61306275799996,29.78153298600006],[-112.65378083599995,29.829338774000064],[-112.65442170499995,29.85986588700007],[-112.66617097299996,29.887781843000027],[-112.68814362899997,29.90378259000005],[-112.71100892399994,29.909670575000064],[-112.73864259199996,29.902783140000054],[-112.75133790399997,29.914532406000035],[-112.73647584199995,29.998865828000078],[-112.76447572099994,30.058699354000055],[-112.755312818,30.14836572100006],[-112.76256074299994,30.196781857000076],[-112.78092469599994,30.227642759000048],[-112.81689729099998,30.260309919000065],[-112.84545411499994,30.26881097200004],[-112.85542573299995,30.266199812000025],[-112.85453309399998,30.258587582000075],[-112.86797608699999,30.267283184000064],[-112.854563612,30.283560498000043],[-112.85003175199995,30.33147691100004],[-112.86101044999998,30.39439271200007],[-112.87700929099998,30.426115734000064],[-112.94470490899994,30.49989388700004],[-112.99450959599994,30.527893765000044],[-113.09253205599998,30.685755474000075],[-113.10695161199999,30.752505049000035],[-113.12872590399996,30.80747674400004],[-113.10344971999996,30.89031098600003],[-113.09862031399996,30.969893202000037],[-113.13344849999999,31.06028245400006],[-113.12014283599996,31.06394837600004],[-113.10000886299997,31.031504377000033],[-113.09492005699997,30.985420927000064],[-113.09575929099998,31.00419877300004],[-113.08439912199998,30.991198285000053],[-113.07956208599995,30.99539445100004],[-113.09281434499997,31.015253767000047],[-113.07150544599995,31.05178330700005],[-113.08345307599996,31.126171811000063],[-113.06992615999997,31.153198941000028],[-113.09025849699998,31.16042207000004],[-113.10203828199997,31.19667123100004],[-113.11539735199995,31.209393247000037],[-113.13955964499996,31.214615568000056],[-113.11914338499997,31.204394086000036],[-113.11167420799995,31.192393048000042],[-113.11981477099994,31.18945001000003],[-113.18867005699997,31.217282040000043],[-113.20897950499995,31.23325417800004],[-113.221621412,31.26119874400007],[-113.24856080399996,31.26686547500003],[-113.25380982799999,31.285921796000025],[-113.25378693899995,31.276226742000063],[-113.26670350399996,31.277949078000063],[-113.25472535499995,31.27105973500005],[-113.25480927899997,31.257088408000072],[-113.29687012999995,31.262005552000062],[-113.29492463499997,31.25614427000005],[-113.22033967399994,31.246115429000042],[-113.22497834499995,31.239615185000048],[-113.25358857499998,31.239699108000025],[-113.42825593299995,31.274533018000056],[-113.43387116799994,31.28292153700005],[-113.39512147299996,31.27717088000003],[-113.441065687,31.292282804000024],[-113.45839204099997,31.290394529000025],[-113.44320191699995,31.290587171000027],[-113.43928803799997,31.28292153700005],[-113.45422639299994,31.278866513000025],[-113.54358949099998,31.293726666000055],[-113.553675549,31.298504575000038],[-113.54950990099996,31.307587368000043],[-113.56022920099997,31.317116482000074],[-113.63278474199996,31.330364927000062],[-113.64325990099996,31.345143063000023],[-113.61350526299998,31.340309842000067],[-113.61023225199995,31.362198576000026],[-113.62770356599998,31.408699734000038],[-113.63058747699995,31.42472718600004],[-113.62275971799994,31.428311094000037],[-113.63450898599996,31.43539307800006],[-113.64031495499995,31.475893719000055],[-113.66036500299998,31.499809963000075],[-113.72514619199995,31.534865124000078],[-113.78295411499994,31.553892834000067],[-113.77158631699996,31.56983826900006],[-113.80864228599995,31.563866362000056],[-113.83819856099996,31.579060300000037],[-113.85000886399996,31.603949293000028],[-113.85072602599996,31.595171675000074],[-113.87411774999998,31.585200056000076],[-113.88125886299997,31.599531872000057],[-113.87083710999997,31.61756013200005],[-113.87839784,31.611614927000062],[-113.87792481799994,31.621809704000043],[-113.88508881799999,31.602976545000047],[-113.894755262,31.60792230000004],[-113.88689698599995,31.61594842200003],[-113.89622773499997,31.604115231000037],[-113.902697462,31.612032637000027],[-113.89309205399996,31.62364266700007],[-113.90475739799996,31.61314271200007],[-113.91211976499994,31.61772607200004],[-113.90672578199997,31.62289307800006],[-113.920313734,31.623310788000026],[-113.918093581,31.63555978200003],[-113.92478455899999,31.624920591000034],[-113.91984071099995,31.60780976700005],[-113.93361939799996,31.603726132000077],[-113.94450654399998,31.60947678900004],[-113.95031251299997,31.62983773600007],[-113.958285231,31.615338070000064],[-113.96798219099998,31.629727109000044],[-113.96295442,31.646893247000037],[-113.968729871,31.643088087000024],[-113.97450532299996,31.658587202000035],[-113.97741975199995,31.617420895000066],[-113.96647919999998,31.58481095600007],[-113.98825349199996,31.58200524700004],[-114.00053681799994,31.595448240000053],[-113.99969758399999,31.586727841000027],[-113.98220338199997,31.574921353000036],[-113.99881257399994,31.567282422000062],[-113.99950684899994,31.55958817900006],[-113.97211732299996,31.579115612000066],[-113.95975770299998,31.563032849000024],[-113.98142518399999,31.54369996300005],[-113.98086823799997,31.532948240000053],[-114.00367249899995,31.52111504800007],[-114.01592530599999,31.535422071000028],[-114.03686799399998,31.53894875700007],[-114.01562012999995,31.53267167300004],[-114.03473176399996,31.505505307000078],[-114.01625336999996,31.524672254000052],[-114.01156129299994,31.52128289500007],[-114.02383698799997,31.49219964300005],[-114.04606141499994,31.48694871200007],[-114.16003693999994,31.49272607100005],[-114.27664460499994,31.542782530000068],[-114.32881440499995,31.580422147000036],[-114.33695496899998,31.59697602500006],[-114.44817628199996,31.647171719000028],[-114.46825684999999,31.66956017900003],[-114.49683655999996,31.67564271200007],[-114.51445283299995,31.690476163000028],[-114.51189698599995,31.69544862200007],[-114.53348054199995,31.702393276000066],[-114.55633820899999,31.73475526200008],[-114.58462037499999,31.747837765000043],[-114.58600892399994,31.777004942000076],[-114.58858765999997,31.751976712000044],[-114.61917390099995,31.76233743000006],[-114.69022645399997,31.761976940000068],[-114.75631226799999,31.812144024000077],[-114.77591981299997,31.819004757000073],[-114.783976452,31.833004698000025],[-114.78025330999998,31.820337994000056],[-114.812647718,31.821142895000037],[-114.85553254499996,31.86297677300007],[-114.91669740099996,31.87047646900004],[-114.93381013199996,31.883171780000055],[-114.91617097299996,31.868004545000076],[-114.93162049499995,31.86436532400006],[-114.95603455899999,31.87986634500004],[-114.92898072599996,31.862143263000064],[-114.89817323099999,31.867949232000058],[-114.86106385599999,31.859421475000033],[-114.84684266299996,31.84439347600005],[-114.84053315499995,31.833115322000026],[-114.84978761099995,31.828005536000035],[-114.83925904699998,31.83022759800008],[-114.83189668099999,31.807087644000035],[-114.85297669799996,31.806198820000077],[-114.88842286499994,31.830504162000068],[-114.85419740099996,31.80539391700006],[-114.82564820699997,31.804394467000066],[-114.82522858999994,31.73383782600007],[-114.78969849999999,31.677448971000047],[-114.78395356599998,31.65431092500006],[-114.78661622299995,31.621365294000043],[-114.82339753599996,31.59719918500008],[-114.82150544599995,31.58647607100005],[-114.83175935199995,31.579783185000053],[-114.85245026899997,31.52942155100004],[-114.85911836099996,31.43344949200008],[-114.88405885099996,31.393755657000042],[-114.88473023799997,31.28625558300007],[-114.90214814499996,31.30150483400007],[-114.88989533799997,31.287783369000067],[-114.90609254199995,31.28797601100007],[-114.91667451299998,31.301115735000053],[-114.91356171799998,31.288449033000063],[-114.88892640399996,31.283282025000062],[-114.89986695699997,31.279755339000076],[-114.89419831699996,31.273699505000025],[-114.88847626899997,31.279282316000035],[-114.89062012999995,31.264893277000056],[-114.91642274299994,31.276365979000047],[-114.89647950499995,31.26158784300003],[-114.90394868299995,31.255587323000043],[-114.91575898499997,31.266894085000047],[-114.91036500399997,31.258087857000078],[-114.92078675699997,31.263088925000034],[-114.91053284999998,31.252726301000052],[-114.90084351899998,31.254059538000035],[-114.90873231299997,31.24806092600005],[-114.90081300099996,31.252171263000037],[-114.90081300099996,31.246365293000053],[-114.91028107999995,31.243504269000027],[-114.89992036199999,31.244116529000053],[-114.91058625599999,31.238449795000065],[-114.90136994799997,31.24030946000005],[-114.90989198099999,31.233477339000046],[-114.89869965899999,31.24197648300003],[-114.90220155199995,31.232254727000054],[-114.89612092399994,31.229809507000027],[-114.89895142999995,31.25556062000004],[-114.88639344599994,31.264698727000052],[-114.89245118499997,31.235365614000045],[-114.88576020599999,31.24961541500005],[-114.88808717099994,31.20647691000005],[-114.90492524499996,31.216948254000044],[-114.88708772099994,31.203810437000072],[-114.89461793299995,31.153588040000045],[-114.88820161199999,31.11833833000003],[-114.86231507699995,31.082087262000073],[-114.81459321399996,31.046921475000033],[-114.82842530599999,31.039421780000055],[-114.83787049699998,31.00355981100006],[-114.81258668299995,30.97719834600008],[-114.72531403899995,30.937893614000075],[-114.71123017699995,30.903504117000068],[-114.71192445199995,30.87461541400006],[-114.70425691,30.86422608600003],[-114.71133698899996,30.846476300000063],[-114.70183839199996,30.81875489500004],[-114.70389832899997,30.790365919000067],[-114.69775666599998,30.811281903000065],[-114.70119752299996,30.756031736000068],[-114.69531525999997,30.75317071300003],[-114.70739259099997,30.713003859000025],[-114.69616975199995,30.68050454400003],[-114.69967164399998,30.628199322000057],[-114.65364350699997,30.555893643000047],[-114.65208711099996,30.52958749100003],[-114.63109101699996,30.490309461000038],[-114.63986482099995,30.45586656000006],[-114.63144959799996,30.417977079000025],[-114.64409150499995,30.372837765000043],[-114.63717164399998,30.345392927000034],[-114.64378632999995,30.347004637000055],[-114.65825929,30.283171399000025],[-114.64128388799998,30.256281598000044],[-114.66961945899999,30.193505032000076],[-114.63075532299996,30.11995004100004],[-114.60461701799994,30.105532391000054],[-114.58464326099994,30.071198210000034],[-114.58445252799999,30.04944871200007],[-114.56817139999998,30.025643095000078],[-114.56728639,30.01080964500005],[-114.53422822399995,29.96842072900006],[-114.48928345899998,29.95044968900004],[-114.47292603899996,29.911448225000072],[-114.43348206899998,29.908005461000073],[-114.41491975199995,29.888754590000076],[-114.41594971999996,29.848726973000055],[-114.395975965,29.825310452000053],[-114.40472688099999,29.824892743000078],[-114.41003693899995,29.813561186000072],[-114.40167512299996,29.798893675000045],[-114.39514436099995,29.807310804000053],[-114.39867677099994,29.79042123200003],[-114.385477918,29.774809582000046],[-114.360148327,29.76961587200003],[-114.33284272599997,29.74219964300005],[-114.29881562599996,29.741226896000057],[-114.28428162799997,29.758448346000023],[-114.29350556699995,29.754671795000036],[-114.29611482099995,29.764698727000052],[-114.27467622199998,29.772171719000028],[-114.260119337,29.759505017000038],[-114.24611939699997,29.76217149000007],[-114.20875825299998,29.74305985700005],[-114.20200623899996,29.72619889500004],[-114.16117371999997,29.689642651000042],[-114.14431275799996,29.689755185000024],[-114.11092652699995,29.651171429000044],[-114.06459321399996,29.628283246000024],[-114.04767121699996,29.59617112400008],[-114.03250397999994,29.593420727000023],[-114.02305879,29.579476102000058],[-113.99026002299996,29.574532254000076],[-113.89775361499994,29.48539422400006],[-113.83944977999994,29.458004696000046],[-113.82864655699996,29.431198820000077],[-113.77525605599999,29.41211579700007],[-113.69539918299995,29.323782666000056],[-113.63789643699994,29.28378175000006],[-113.62633790399997,29.253088696000077],[-113.65806092599996,29.209616407000055],[-113.64075745999997,29.199003918000074],[-113.64383973499997,29.18222687900004],[-113.63622559899994,29.172255261000032],[-113.62945069699998,29.17547677300007],[-113.62289704699998,29.161392911000064],[-113.61108674499997,29.164726956000038],[-113.60367097299996,29.142922146000046],[-113.57047547699995,29.113894209000023],[-113.56378449799996,29.086226210000063],[-113.54036988599995,29.059588177000023],[-113.53542603899996,29.03292153700005],[-113.54731263599996,29.039587720000043],[-113.55478181299998,29.033644423000055],[-113.56383790399997,28.998865826000042],[-113.54839600899999,28.98419831500007],[-113.54264344499995,28.954338774000064],[-113.54836549199996,28.96180985700005],[-113.55875672699995,28.947005017000038],[-113.52720155199995,28.891670926000074],[-113.49933900199994,28.888809903000038],[-113.479731459,28.89605973500005],[-113.47461976499994,28.914198620000036],[-113.48956574799996,28.928698285000053],[-113.47536744499996,28.94306062000004],[-113.48398103199997,28.94697640700008],[-113.459864515,28.943005308000068],[-113.44872559899994,28.951283200000034],[-113.45659150499995,28.94267152200007],[-113.44889344599994,28.939532025000062],[-113.43850983999994,28.960392698000078],[-113.42389192,28.94811509500005],[-113.42884339699998,28.933754666000027],[-113.41545380999997,28.923699124000052],[-113.38542451299998,28.93986581100006],[-113.39464845099997,28.916170819000058],[-113.36820496899998,28.904782041000033],[-113.38131226899998,28.89989350700006],[-113.38119782799998,28.891865476000078],[-113.35878266699996,28.871809704000043],[-113.36867036299998,28.867588743000056],[-113.371783156,28.83594964300005],[-113.36628236099995,28.823004467000032],[-113.35206117099995,28.81544946100007],[-113.35617341399995,28.801754696000046],[-113.35025300399997,28.79547761400005],[-113.33834351899998,28.801087126000027],[-113.33639802399995,28.792921765000074],[-113.33122529399998,28.79972718500005],[-113.32736481999996,28.79239342900007],[-113.31756104799996,28.79369996300005],[-113.32425965699997,28.79953263500005],[-113.25586976499994,28.839783415000056],[-113.21989716899998,28.822449429000073],[-113.21361817699994,28.802838072000043],[-113.19931306199999,28.796253904000025],[-113.19455994999998,28.745976193000047],[-113.17544831699996,28.712422116000027],[-113.159815687,28.659559948000037],[-113.13028230099997,28.635393841000052],[-113.13234223699999,28.60136674200004],[-113.12095155099996,28.58103249800007],[-113.10375489599994,28.503948910000076],[-113.00989808499997,28.455422147000036],[-112.97156037699995,28.455477459000065],[-112.90500916899998,28.47494958200008],[-112.87562074099998,28.44880936900006],[-112.88289918399994,28.435366375000058],[-112.86742677099994,28.424977047000027],[-112.86117066699995,28.438227399000027],[-112.84701051199994,28.44003175200004],[-112.84395112399994,28.421059353000032],[-112.85937012999995,28.402394039000058],[-112.84950532399995,28.38269875800006],[-112.85314454299998,28.364088758000037],[-112.87553681699995,28.315809950000073],[-112.87367524499996,28.279671414000063],[-112.80189790199995,28.203505261000032],[-112.786730665,28.196837170000038],[-112.80725373699994,28.160532698000054],[-112.81370057399994,28.11711572100006],[-112.80484284799996,28.085032209000076],[-112.78984345799995,28.069809660000033],[-112.80384339699998,28.044531568000025],[-112.80459107799999,28.019587262000073],[-112.78717317,28.002171263000037],[-112.76362122899997,27.99747727700003],[-112.75961579699998,27.961838469000043],[-112.77472962699994,27.859587414000032],[-112.73978700099997,27.82608865000003],[-112.724398512,27.824810727000056],[-112.705225843,27.75236581200005],[-112.67444886499999,27.71897767300004],[-112.63903321599997,27.706337674000054],[-112.64217652699995,27.70086549100006],[-112.63745393199997,27.704115613000056],[-112.62253083599995,27.67892144600006],[-112.59989442199998,27.668505413000048],[-112.59630860599998,27.651365979000047],[-112.50797547599996,27.63028214700006],[-112.47797669699997,27.61617158300004],[-112.46814240899994,27.602171643000077],[-112.40478791599998,27.583977444000027],[-112.35728730599999,27.550171598000077],[-112.35431184199996,27.532477124000025],[-112.33103455899999,27.516531689000033],[-112.31945313699998,27.42964432900004],[-112.30020417599997,27.403866513000025],[-112.30337037399994,27.384560330000056],[-112.29123200799995,27.36650536800005],[-112.27158631699996,27.35728333700007],[-112.26161469799996,27.33147691100004],[-112.24608887999995,27.32581017700005],[-112.24703492599997,27.318005307000078],[-112.24414338499997,27.325255140000024],[-112.23767365899994,27.319254620000038],[-112.21206178099999,27.25486634500004],[-112.20167054499996,27.248476727000025],[-112.20275391999996,27.229782804000024],[-112.21683778099998,27.222893460000023],[-112.21867646599998,27.20700524600005],[-112.19631470999997,27.197865231000037],[-112.16714753499997,27.164866193000023],[-112.12176026699996,27.151337369000032],[-112.10839356799994,27.136393292000037],[-112.01378144699999,27.11714433000003],[-111.99620332099994,27.095448240000053],[-111.96883668299995,27.09656022300004],[-111.96092500099996,27.06892083500003],[-111.989535231,27.066143735000026],[-112.01200379699998,27.024754269000027],[-112.02250947299996,27.032866223000042],[-112.01681031599998,27.025921568000058],[-112.02464570399997,27.02253220800003],[-112.01286591899998,27.022227032000046],[-112.01733674499997,27.001253828000074],[-112.00828828099998,26.952782377000062],[-111.979563612,26.938032849000024],[-111.96497620999997,26.91578172000004],[-111.95653809899994,26.91428254500005],[-111.95136536999996,26.892893537000077],[-111.91772736899998,26.877060635000078],[-111.91105927799998,26.856281980000063],[-111.87320222299996,26.83175538300003],[-111.86242188799997,26.782643063000023],[-111.87278260599999,26.77586625500004],[-111.87733735399996,26.754616482000074],[-111.88381471099996,26.763588651000077],[-111.89356507699995,26.762255415000027],[-111.89053620699997,26.750309689000062],[-111.90973176399996,26.721504911000068],[-111.88542451199999,26.709866270000077],[-111.88292207099994,26.699616177000053],[-111.88092317,26.705588087000024],[-111.86303223999994,26.693894131000036],[-111.84614838899995,26.643948300000034],[-111.80658997899997,26.625893339000072],[-111.78348054299994,26.568337187000054],[-111.76653565799995,26.550421460000052],[-111.73750581199994,26.538143856000033],[-111.69655885099996,26.564366086000064],[-111.67959107699994,26.58492158300004],[-111.71786774999998,26.62950395000007],[-111.76078309399998,26.657253965000052],[-111.76756562599996,26.675171598000077],[-111.79750336999996,26.68653176500004],[-111.80995454199996,26.713448269000025],[-111.81972779699998,26.716088040000045],[-111.81661500299998,26.763865216000056],[-111.82775391999996,26.80119965800003],[-111.82525910799995,26.81839440600004],[-111.85453309399998,26.873087628000064],[-111.84867371999997,26.88292191900007],[-111.83678712299997,26.882422192000035],[-111.821421521,26.89708779700004],[-111.80247773499997,26.888699278000047],[-111.74117555,26.839560255000038],[-111.71903504699998,26.805004819000033],[-111.676005262,26.776476606000074],[-111.665675062,26.779337629000054],[-111.64770020799995,26.74467156700007],[-111.62809266499994,26.74047730700005],[-111.62758912499999,26.732559903000038],[-111.60869874399998,26.719811185000026],[-111.56214417799998,26.696198208000055],[-111.56889619199995,26.561949476000052],[-111.55092133899996,26.547005400000046],[-111.50358857599997,26.529392941000026],[-111.46042146099995,26.537754757000073],[-111.46370210099997,26.52914308000004],[-111.44320191799994,26.518254025000033],[-111.4572857799999,26.505142912000053],[-111.45723237399994,26.485171064000042],[-111.47317017899996,26.460644468000055],[-111.46953095699996,26.413754208000057],[-111.45981110899999,26.399864895000064],[-111.42611970299998,26.38275407100008],[-111.42289246999997,26.372338040000045],[-111.43445100199995,26.36239312400005],[-111.41586579699998,26.347004637000055],[-111.40525330899999,26.350310071000024],[-111.38708772099994,26.322838529000023],[-111.38244904899994,26.280087216000027],[-111.39325990099996,26.27867196300008],[-111.39750947399995,26.259226544000057],[-111.376948256,26.216616377000037],[-111.37814607099995,26.19064400900004],[-111.36303223999994,26.174004299000046],[-111.34711732299996,26.11728165900007],[-111.32317628099997,26.09730981100006],[-111.31820191699995,26.06453202600005],[-111.34214295699996,26.031283125000073],[-111.33925904599994,25.99055932300007],[-111.36092652699995,25.957199796000054],[-111.35503663499998,25.924698576000026],[-111.34672822399995,25.920532926000078],[-111.35006226899998,25.913004620000038],[-111.34550752099994,25.91845010000003],[-111.33841981299997,25.905531629000052],[-111.34337129,25.874670727000023],[-111.33253754899994,25.832199797000044],[-111.317980665,25.83675454400003],[-111.29339875499994,25.812144026000055],[-111.30128754999998,25.805948957000055],[-111.31672944499996,25.82803223800005],[-111.308421034,25.77386544600006],[-111.25712098499997,25.74094842200003],[-111.24550904599994,25.722614987000043],[-111.22714509399998,25.72592232900007],[-111.22169770599999,25.718865141000038],[-111.19586457599996,25.614670500000045],[-111.17339600999998,25.59553216200004],[-111.16300477399994,25.57094834700007],[-111.14712037399994,25.566782696000075],[-111.14336671199999,25.55050538300003],[-111.12584199299994,25.531365140000048],[-111.10714234699998,25.525116667000077],[-111.08045472599997,25.52594827100006],[-111.07384004,25.53258775000006],[-111.076731581,25.519699796000054],[-111.06464661999996,25.512587292000035],[-111.06131257399994,25.52011559700003],[-111.04297913899995,25.515921338000055],[-111.04045380999997,25.521782620000067],[-111.01839722999995,25.513005002000057],[-111.01503266699996,25.50383828400004],[-111.02508820899999,25.499699337000038],[-111.01586427099994,25.47636674200004],[-111.02672852899997,25.443838818000074],[-111.00506104799996,25.414671643000077],[-111.00336732299996,25.388005001000067],[-110.98625459099998,25.366392834000067],[-110.982981581,25.343394024000077],[-110.95637025299999,25.327227337000068],[-110.94797791899998,25.295559629000024],[-110.93595399299994,25.289032681000037],[-110.93739594799996,25.272505505000026],[-110.94787110699997,25.277783139000064],[-110.94700898599996,25.249977810000075],[-110.93472566,25.214005215000043],[-110.92444886599998,25.210116131000063],[-110.90745057499998,25.183031781000068],[-110.91445435799994,25.17058823800005],[-110.90728272799998,25.142254576000028],[-110.88197602599996,25.125672085000076],[-110.86433686699996,25.08011506400004],[-110.83230866799994,25.064421399000025],[-110.81344880499995,25.03189347600005],[-110.797228712,25.02889321600003],[-110.79172791899998,25.035643323000045],[-110.75953187399995,25.014837964000037],[-110.76372804,25.006476147000058],[-110.750391859,24.992087110000057],[-110.75008668299995,24.965199217000077],[-110.73330964499996,24.952727063000054],[-110.71908845299998,24.923283323000078],[-110.69703187399995,24.914866193000023],[-110.70870484599999,24.908865675000072],[-110.68580903299994,24.884337171000027],[-110.684809584,24.855087979000075],[-110.65728272799998,24.805533154000045],[-110.66545380999997,24.76544831500007],[-110.68384064999998,24.746115431000078],[-110.68950929,24.710060818000045],[-110.71195496899998,24.695698483000058],[-110.72964753499997,24.67092202400005],[-110.74219788899995,24.61606095600007],[-110.73364533799997,24.562226042000077],[-110.73970307699994,24.551365599000064],[-110.72942628299995,24.514866575000042],[-110.68767060699997,24.463061079000056],[-110.69439210299998,24.408644421000076],[-110.68297852899997,24.38761590400003],[-110.68300904599994,24.358727200000033],[-110.63962068,24.312838301000056],[-110.61442078899995,24.259449704000076],[-110.58719910899998,24.243948682000052],[-110.56647767499999,24.214865429000042],[-110.55073060399997,24.207894070000066],[-110.39681519899995,24.173809750000032],[-110.32697572099994,24.17569993400008],[-110.33386506399995,24.161337599000035],[-110.37831391699996,24.147061093000048],[-110.39592255999997,24.16492150700003],[-110.43889893899996,24.17414353600003],[-110.42620362599996,24.163643583000066],[-110.43206300199995,24.147282345000065],[-110.41694917099994,24.128809674000024],[-110.42450990099996,24.117144331000077],[-110.409815687,24.106005414000037],[-110.39209260299998,24.104782804000024],[-110.34989442199998,24.118393644000037],[-110.354731459,24.140421614000047],[-110.32239808499997,24.158282025000062],[-110.30456056,24.18150399500007],[-110.30128754999998,24.212866528000063],[-110.31576051199994,24.219643339000072],[-110.30953492499998,24.23383782800005],[-110.33089722999995,24.243143780000025],[-110.31791962999995,24.258642895000037],[-110.32619752299996,24.25553201100007],[-110.32294740099996,24.26508782600007],[-110.332034008,24.274698957000055],[-110.33111848199997,24.259337170000038],[-110.33787049699998,24.257227644000068],[-110.33200349299995,24.281754240000055],[-110.340197462,24.318394407000028],[-110.31853761099995,24.315754637000055],[-110.33550538299994,24.328671202000066],[-110.29817475599998,24.35386537000005],[-110.24656190299999,24.35144875700007],[-110.23450745999997,24.34455941500005],[-110.23686494299994,24.31847642200006],[-110.19147767399994,24.291393979000077],[-110.17769898799997,24.254782422000062],[-110.14078797699995,24.24375413200005],[-110.12553681699995,24.227198346000023],[-110.089838881,24.215533003000075],[-110.04320039199996,24.179060681000067],[-110.01745118599996,24.170059903000038],[-109.99878205699997,24.129309401000057],[-109.98620118499997,24.043781979000073],[-109.93628205699997,24.032088024000075],[-109.93036927599996,24.007921917000033],[-109.93092622199998,24.029921277000028],[-109.82961549099997,24.06142114100004],[-109.82564820699997,24.038977368000076],[-109.81025971799994,24.032892927000034],[-109.80508698799997,24.01978181100003],[-109.81720246699996,23.99536584300006],[-109.83619965899999,23.98492120000003],[-109.83864869499996,23.93039391900004],[-109.82805909499996,23.91197655900004],[-109.77120484699998,23.871365292000064],[-109.70128144599994,23.79695008500005],[-109.71573151999996,23.735115750000034],[-109.69711579699998,23.68778298600006],[-109.69950379599999,23.66211579700007],[-109.68050660499995,23.64467118600004],[-109.58075990099996,23.601422055000057],[-109.52539338499997,23.586283429000048],[-109.51117219399998,23.568032009000035],[-109.46964539899994,23.55447648300003],[-109.480257887,23.519726499000058],[-109.42837037499999,23.454977734000067],[-109.43131532099994,23.414587720000043],[-109.41547669799996,23.387087567000037],[-109.43456544299994,23.37511513900006],[-109.42520417599997,23.307699902000024],[-109.44142426899998,23.26256058900003],[-109.43864716899998,23.240172132000055],[-109.46033753799998,23.19719956700004],[-109.49917115599999,23.147392972000034],[-109.53475465199995,23.10953210100007],[-109.56492127699994,23.09542153600006],[-109.57808961299997,23.08044884900005],[-109.61233796499994,23.078865750000034],[-109.66408814799996,23.060505612000043],[-109.71364869499996,23.03061555200003],[-109.72067536699996,23.020144209000023],[-109.71792115599999,23.002281888000027],[-109.79912080199995,22.961670621000053],[-109.809809584,22.94994996500003],[-109.81070222299996,22.934588177000023],[-109.84850587199998,22.899809582000046],[-109.90409364099997,22.88794968800005],[-109.914980787,22.879921658000058],[-109.89750947399995,22.87281106200004],[-109.972315687,22.869698269000025],[-110.02234162699995,22.899948820000077],[-110.06917085099997,22.950644238000052],[-110.10447968899996,23.02356026900003],[-110.17219819499996,23.31806062000004],[-110.21878327699994,23.381920559000037],[-110.21798219099998,23.391421063000053],[-110.23450745999997,23.40355943000003],[-110.23533906399996,23.42058823800005],[-110.26883973499997,23.477310879000072],[-110.32967652699995,23.559143765000044],[-110.38864411699996,23.59972642200006],[-110.55639924399998,23.668032391000054],[-110.623927015,23.710421307000047],[-110.67720307699994,23.75247643700004],[-110.79350556699995,23.882504209000047],[-110.88075532199997,23.95717118600004],[-110.91469849899994,24.000282988000038],[-111.01047791899998,24.070393307000074],[-111.015284437,24.08533738500006],[-111.24045075799995,24.222754223000038],[-111.45739259099997,24.327227337000068],[-111.36025514099998,24.289448483000058],[-111.48220338299996,24.34869836200005],[-111.47842683199997,24.361033185000053],[-111.49820222299996,24.375616772000058],[-111.50020112399994,24.390227064000044],[-111.51233949099998,24.388699276000068],[-111.54114808499997,24.41633866600006],[-111.55803193399998,24.416170819000058],[-111.56100739899995,24.46353219300005],[-111.56039704699998,24.411061032000077],[-111.58692445199995,24.41405938500003],[-111.58617677099994,24.441532834000043],[-111.59636964199996,24.439642653000078],[-111.62128724499996,24.465143902000023],[-111.62867249799996,24.511088116000053],[-111.65626038899995,24.54772637700006],[-111.63794984299994,24.538698896000028],[-111.63022889499996,24.548838362000026],[-111.64055909499996,24.557671292000066],[-111.69803132299995,24.58636544500007],[-111.70036591899998,24.56864426900006],[-111.71542634399998,24.56703255900004],[-111.68953217899997,24.556309445000068],[-111.70964326299998,24.543366178000042],[-111.70239533799997,24.535477383000057],[-111.73292054599995,24.538672192000035],[-111.735422987,24.54530976500007],[-111.71842469599994,24.542977079000025],[-111.70800294199995,24.551644070000066],[-111.73095216199994,24.553253874000063],[-111.745921034,24.57369874400007],[-111.73764313999999,24.547949536000033],[-111.76284303099999,24.53886674300003],[-111.777865309,24.543726666000055],[-111.77958955199995,24.55128167500004],[-111.79011811699996,24.550198300000034],[-111.78172578199997,24.542893156000048],[-111.79428376599998,24.54369996400004],[-111.81131257399994,24.559727414000065],[-111.802035231,24.580059750000032],[-111.81297578199997,24.596420986000055],[-111.81967439099998,24.592200026000057],[-111.803782362,24.57856057500004],[-111.81453217899997,24.562670453000067],[-111.80439271399996,24.538477644000068],[-111.79059113799997,24.52564309400003],[-111.75775422499999,24.51536629900005],[-111.78536500399997,24.512781843000027],[-111.80386628499997,24.52294991900004],[-111.81542481799994,24.50711510900004],[-111.81119813399994,24.542059643000073],[-111.81667603799997,24.54345010000003],[-111.81700410299999,24.517365202000065],[-111.82289399499996,24.51967118600004],[-111.81864442199998,24.569420561000072],[-111.84222688099999,24.637200102000065],[-111.93489350699997,24.735810026000024],[-111.92947663599995,24.742838604000042],[-111.91211976399995,24.719422086000066],[-111.91720094099998,24.738587126000027],[-111.97411622499999,24.78217194900003],[-111.97242249899995,24.79731057500004],[-111.98545350499995,24.801810011000043],[-111.98103608499997,24.80839417800007],[-111.99389924399998,24.868866667000077],[-111.98870362699995,24.82392190300004],[-111.99408997899997,24.813976986000057],[-111.98292054499996,24.80872605600007],[-111.98714722999995,24.800421460000052],[-111.97575654399998,24.791670544000056],[-111.96625794799996,24.74925492500006],[-111.95872773499997,24.749365553000075],[-111.96837129,24.737004026000022],[-111.98306550399997,24.73697732200003],[-111.99583710999997,24.748087629000054],[-111.98894776699996,24.743143780000025],[-111.99381532099994,24.737087950000046],[-112.03375520099996,24.73697732200003],[-112.02955903399999,24.74725411600008],[-112.02212037299995,24.743115170000067],[-112.03497590399996,24.755421383000055],[-112.03195466399995,24.762781842000038],[-112.04098023799997,24.767643673000066],[-112.03605927799998,24.773199780000027],[-112.04711427099994,24.78717110900004],[-112.03126038799996,24.80136559700003],[-112.05531586999996,24.82872651400004],[-112.040842909,24.83481095600007],[-112.02567567199998,24.815588696000077],[-112.03289307999995,24.822115643000075],[-112.02803315499995,24.836504682000054],[-112.03814210299998,24.84300492600005],[-112.03406037699995,24.835087522000038],[-112.05206574799996,24.838976606000074],[-112.05875672699995,24.828587278000043],[-112.04203309399998,24.798615201000075],[-112.05867280399997,24.810061200000064],[-112.04711427099994,24.79789422300007],[-112.05269898799997,24.794588787000066],[-112.05039491099996,24.773783430000037],[-112.03700532299996,24.75247643700004],[-112.06828583999999,24.74508737000008],[-112.08211793299995,24.724476561000074],[-112.06608857499998,24.759281857000076],[-112.08030976599997,24.76347611700004],[-112.09672822399995,24.793560726000067],[-112.10692109499996,24.796032652000065],[-112.09344758399999,24.78533814800005],[-112.09392060599998,24.775366530000042],[-112.12278260599999,24.786032422000062],[-112.11717500099996,24.805533154000045],[-112.09792603899996,24.803087934000075],[-112.08039369,24.787949308000066],[-112.10292329199996,24.81211541500005],[-112.09367646599998,24.82650445200005],[-112.10364808299994,24.837448820000077],[-112.10117616099996,24.84978173500008],[-112.10573090899999,24.853144390000068],[-112.10795106199998,24.841143353000064],[-112.11603822,24.844588026000054],[-112.12623109199995,24.86961625300006],[-112.10895051399996,24.89605973500005],[-112.08636750599999,24.902199492000022],[-112.08703126299997,24.89397691000005],[-112.08206452699994,24.905255063000027],[-112.10575379699998,24.899533018000056],[-112.09736909299994,24.917948469000066],[-112.108340162,24.91394875800006],[-112.11445130599998,24.928698284000063],[-112.10839356799994,24.93975518600007],[-112.09958924699998,24.926226361000033],[-112.09814729099998,24.932226881000076],[-112.082590956,24.93142197800006],[-112.09839906099995,24.935198528000058],[-112.09886445399997,24.944754346000025],[-112.07856263399998,24.93917153600006],[-112.08122529399998,24.94897721500007],[-112.11292542899997,24.941838009000037],[-112.10644807199998,24.962143643000047],[-112.09556092499997,24.96039269700003],[-112.10634126099995,24.97964356700004],[-112.10175599399997,25.011172040000076],[-112.10898103099998,25.008949980000068],[-112.10295380999997,24.994726881000076],[-112.11267365799995,24.975449307000076],[-112.12031068199997,24.98525498600003],[-112.12036408799997,24.972115261000056],[-112.14123048199997,24.94692109300007],[-112.13025941199999,24.923310025000035],[-112.14483918499997,24.903364882000062],[-112.13950623899996,24.883116468000026],[-112.14367188899996,24.867087110000057],[-112.15133943,24.865643246000047],[-112.13798035999997,24.860005124000054],[-112.13953675599998,24.83906053000004],[-112.14622773599996,24.835699780000027],[-112.14356507699995,24.80555985700005],[-112.15275849699998,24.807726605000028],[-112.16208924699998,24.831337673000064],[-112.14773072599996,24.847033245000034],[-112.15448274099998,24.851172192000035],[-112.14859284799996,24.85889313900003],[-112.17203797699995,24.83194993400008],[-112.16686524799997,24.820004208000057],[-112.17547883399999,24.820143445000042],[-112.16797913899995,24.809948666000025],[-112.18250550699997,24.818894131000036],[-112.19022645399997,24.858227476000025],[-112.18328370399996,24.859671338000055],[-112.18075837499998,24.851587994000056],[-112.15942658799997,24.868838057000062],[-112.16330994999998,24.873976454000058],[-112.17631043799997,24.86658738400007],[-112.166895765,24.880726560000028],[-112.16117371899998,24.922671063000053],[-112.16378297299997,24.931477292000068],[-112.18534364099997,24.937809689000062],[-112.17714204199996,24.948866590000023],[-112.16275300399997,24.94864342900007],[-112.18561829999999,24.946449978000032],[-112.18722810099996,24.95614312600003],[-112.17234315299999,24.96731065000006],[-112.14881409999998,24.965420468000048],[-112.15658845299998,24.976393444000053],[-112.12864198099999,25.02144883400007],[-112.12581147599997,25.041893705000064],[-112.13405885099996,25.048031553000044],[-112.12203492499998,25.06083749100003],[-112.12364472799999,25.072144254000023],[-112.15778626799994,25.06761620800006],[-112.15314759599994,25.089783413000077],[-112.15970124699999,25.09800408600006],[-112.15139283599996,25.112171873000023],[-112.14512147299996,25.09886620900005],[-112.13953675599998,25.108753903000036],[-112.14998139699998,25.114643796000053],[-112.14497651399995,25.11928246900004],[-112.15389527599996,25.115477308000038],[-112.153033156,25.137671217000047],[-112.149676221,25.143143399000053],[-112.13656129299994,25.135170681000034],[-112.14883698799997,25.148144468000055],[-112.13086976399995,25.186171277000028],[-112.1103695799999,25.179754957000057],[-112.07483949099998,25.19417069700006],[-112.11045350399996,25.18153260400004],[-112.110949415,25.187893614000075],[-112.12826051199994,25.19250558300007],[-112.11961640699997,25.206392987000072],[-112.12014283499997,25.22736619400007],[-112.11192597799999,25.230311140000026],[-112.12050904599994,25.231394513000055],[-112.11761750599999,25.240282759000024],[-112.086253065,25.243782742000064],[-112.08439912199998,25.23411629900005],[-112.07942475699997,25.248949749000076],[-112.08975495699997,25.26130937000005],[-112.07964600899999,25.266199812000025],[-112.08578767199998,25.299532637000027],[-112.07564820699997,25.29936669600005],[-112.07194794999998,25.331116421000047],[-112.079867262,25.342644438000036],[-112.07186402699995,25.349920973000053],[-112.08792390199994,25.354672177000054],[-112.08511628599996,25.36536668100007],[-112.07522858999994,25.366366131000063],[-112.08081330699997,25.37100480400005],[-112.07628144699999,25.37781022400003],[-112.09725465199995,25.37306092700004],[-112.09061707899997,25.39336656000006],[-112.09714784,25.397392972000034],[-112.08050813099999,25.406782849000024],[-112.09317292599997,25.412615521000077],[-112.088808912,25.432587368000043],[-112.07509125899998,25.41469834700007],[-112.06884278699994,25.428143246000047],[-112.07567109499996,25.44736550700003],[-112.07658662199998,25.44100449800004],[-112.08925904699998,25.43992112500007],[-112.09075440799995,25.45947717000007],[-112.07053651299998,25.463116391000028],[-112.07959260399997,25.467587216000027],[-112.06334199299994,25.473143322000055],[-112.01633729399998,25.471365675000072],[-112.02034272599997,25.47506020800006],[-112.00625886299997,25.496533139000064],[-112.02275361399995,25.474920973000053],[-112.09144868299995,25.47305939900008],[-112.08875550599998,25.503338559000042],[-112.07539643599995,25.50717232900007],[-112.07570161199999,25.491642698000078],[-112.06642426899998,25.49272607100005],[-112.070704359,25.510365231000037],[-112.08320130699997,25.511811003000048],[-112.06711854399998,25.52000497100005],[-112.072977918,25.53419946100007],[-112.06761445399997,25.55453179700004],[-112.08822907799998,25.557087645000024],[-112.06900300399997,25.563172085000076],[-112.07808961299997,25.575505002000057],[-112.06745423599995,25.580059752000068],[-112.06470002599997,25.604504330000054],[-112.06733979599994,25.61719964300005],[-112.07614411599997,25.618170484000075],[-112.06884278699994,25.62419961300003],[-112.07573212999995,25.630671246000077],[-112.06894959899995,25.634670956000036],[-112.076563734,25.64328263500005],[-112.07233704999999,25.65931008700005],[-112.08355988799997,25.66428254500005],[-112.09733857499998,25.69036553600006],[-112.08392609899994,25.697226270000044],[-112.07661713999994,25.685755474000075],[-112.08403291099995,25.702727064000044],[-112.08053101899998,25.726282818000072],[-112.08509339699998,25.700144513000055],[-112.09575929099998,25.697504742000035],[-112.098894971,25.735087140000076],[-112.093897718,25.712866529000053],[-112.09759034599995,25.68303178000008],[-112.10292329199996,25.684477551000043],[-112.10622681999996,25.76175378100004],[-112.12447633199997,25.802698835000058],[-112.09833802599996,25.81100533700004],[-112.13164796299998,25.810866102000034],[-112.17273225199995,25.917004330000054],[-112.15714539899994,25.931059582000046],[-112.17425813099999,25.924948439000048],[-112.20050324899995,25.994171841000025],[-112.23425568999994,26.031922087000055],[-112.28133668299995,26.059143765000044],[-112.27128114099997,26.100393994000058],[-112.24019898799997,26.082838757000047],[-112.27298249599994,26.102781994000054],[-112.27275361299996,26.111559613000054],[-112.28048219099998,26.063393338000026],[-112.29650391899997,26.05469964300005],[-112.31283845299998,26.072670681000034],[-112.31964387299996,26.11508820800003],[-112.33795442,26.160866482000074],[-112.39775361399995,26.232699139000033],[-112.46348084799996,26.260643705000064],[-112.47580994999998,26.257199032000074],[-112.48175324799996,26.234781964000035],[-112.49750794799996,26.22783730900005],[-112.57717408599996,26.276976330000025],[-112.55625428599996,26.291310057000032],[-112.58217133899996,26.279616101000045],[-112.61905946099995,26.302948698000023],[-112.61795319899994,26.314476712000044],[-112.620058912,26.306198820000077],[-112.65297974899994,26.32208894000007],[-112.68525971799994,26.31508897200007],[-112.71006287899996,26.35111497300005],[-112.78025330899999,26.397726758000033],[-112.78386964199996,26.408282025000062],[-112.74775971799994,26.387116177000053],[-112.78867616099996,26.410172209000052],[-112.79239930499995,26.420559628000035],[-112.76208771999995,26.433783277000032],[-112.80359162699995,26.41944955100007],[-112.81970490799995,26.432366116000026],[-112.78808869699998,26.401365980000037],[-112.90531434399998,26.492977841000027],[-112.96567048399999,26.52133820800003],[-112.96267213199997,26.52975533700004],[-112.93773164199996,26.530504927000038],[-112.923281568,26.513949139000033],[-112.93033875899994,26.530699475000063],[-112.90600861899998,26.52036546000005],[-112.89789857299996,26.503060086000062],[-112.88050355299998,26.496420606000072],[-112.88189210299998,26.48803208700008],[-112.87536896999995,26.497172102000036],[-112.817980665,26.456227047000027],[-112.87069978099998,26.503309950000073],[-112.90533723299995,26.52628205700006],[-112.97308625599999,26.54633782800005],[-112.97734345799995,26.541588529000023],[-112.96272553799997,26.537087185000075],[-112.978175062,26.52975533700004],[-112.98792542899997,26.555365309000024],[-113.01948060399997,26.567755445000046],[-112.98875703299996,26.553004010000052],[-112.98933686599997,26.546393140000077],[-113.00967683199997,26.55395005500003],[-113.06256379499996,26.596087202000035],[-113.08303346099996,26.63275407200007],[-113.061259168,26.609671338000055],[-113.07542695399997,26.634115919000067],[-113.06862153499998,26.63967202500004],[-113.05819978199997,26.630755169000054],[-113.05881013299995,26.64392159700003],[-113.078310865,26.65992043800003],[-113.10122956599997,26.700031981000052],[-113.15548219099998,26.75108788700004],[-113.14392365799995,26.758448346000023],[-113.15278138499997,26.771422131000065],[-113.14528169,26.779282316000035],[-113.15084351999997,26.792532666000056],[-113.13086976399995,26.797087416000068],[-113.14867677099994,26.80042146100004],[-113.15481080399996,26.789782269000057],[-113.17072572099994,26.794365628000037],[-113.17447938399994,26.766449675000047],[-113.18795289399998,26.753922208000063],[-113.24650849699998,26.78411553600006],[-113.23070039199996,26.795559628000035],[-113.21553315499995,26.789532406000035],[-113.19842042299996,26.79386590400003],[-113.20870484699998,26.799671872000033],[-113.142092602,26.857893689000036],[-113.13431062099994,26.889809353000032],[-113.14214600999998,26.93842194800004],[-113.16842164399998,26.99169991900004],[-113.17798127499998,26.990366682000058],[-113.170504468,26.98022721500007],[-113.18778504799997,26.970560773000045],[-113.20114411699996,26.92775414700003],[-113.19689454399997,26.899170620000064],[-113.20361604099998,26.851338131000034],[-113.23306550299998,26.83378289600006],[-113.25561799399998,26.84380982600004],[-113.27058686599997,26.81686662000004],[-113.26948060399997,26.74742196400007],[-113.29114808499997,26.749420865000047],[-113.32756318499997,26.77869866800006],[-113.36683930799995,26.794531568000025],[-113.45875825299998,26.80225442300008],[-113.46097840699997,26.810587628000064],[-113.40091981299997,26.80378220800003],[-113.44928254499996,26.80797646800005],[-113.41645325999997,26.813088162000042],[-113.43450440799995,26.814781888000027],[-113.42267121699996,26.825505002000057],[-113.39622773499997,26.81422684900008],[-113.40117158299995,26.82478211600005],[-113.44128693999994,26.83069871200007],[-113.46808900199994,26.826170666000053],[-113.45786561299997,26.823033079000027],[-113.46486939799996,26.813088162000042],[-113.47734345799995,26.822838528000034],[-113.48550691099996,26.81944917100003],[-113.47611512599997,26.81147645200008],[-113.48014344599994,26.80808900100004],[-113.46769990299998,26.811505063000027],[-113.46644868299995,26.80625413200005],[-113.51384248199997,26.786282284000038],[-113.52483643899996,26.750338299000077],[-113.55114259099997,26.736727461000044],[-113.55131043799997,26.718115553000075],[-113.58256043799997,26.703781827000057],[-113.62775697099994,26.718088848000036],[-113.702593703,26.785198912000055],[-113.69514741299997,26.788672192000035],[-113.647532362,26.754561170000045],[-113.64519776699996,26.738005384000076],[-113.58494843899996,26.709837658000026],[-113.58034028399999,26.715338453000072],[-113.641146559,26.739783032000048],[-113.64600648299995,26.756893856000033],[-113.66967286499994,26.78039430000007],[-113.73556031599998,26.79736588700007],[-113.76300324799996,26.872977001000038],[-113.78798188599995,26.91711495800007],[-113.85547913899995,26.97047684900008],[-113.95283784299994,26.997282727000027],[-113.97481049899994,26.993672117000074],[-113.98614777899996,26.972338421000075],[-114.00656403899995,26.96972726200005],[-114.05375947299996,27.02025483400007],[-114.05961884899995,27.04617188700007],[-114.09447755199994,27.087837918000048],[-114.16300477299995,27.130505308000068],[-114.26611604099998,27.15069840700005],[-114.29470338199997,27.13889382700006],[-114.29917420699996,27.12058900100004],[-114.33394898799997,27.155449614000077],[-114.36378754999998,27.161337597000056],[-114.38117494,27.177033169000026],[-114.39642609899994,27.181366667000077],[-114.41628541299997,27.168116315000077],[-114.43700684899994,27.175087675000043],[-114.43053712299997,27.19708894000007],[-114.43664826799994,27.20808862000007],[-114.45698060399997,27.218060238000078],[-114.47986878799998,27.214699490000044],[-114.48984040599998,27.22731088000006],[-114.49300660499995,27.363116011000045],[-114.52120484699998,27.422699675000047],[-114.57756318499997,27.44970010000003],[-114.60514344599994,27.477781994000054],[-114.74050416399996,27.522616131000063],[-114.76575745899999,27.554671034000023],[-114.78306092599996,27.60211632900007],[-114.79625977899997,27.613726361000033],[-114.83236970299998,27.629643185000077],[-114.84620179599995,27.625782712000046],[-114.85000886299997,27.615587934000075],[-114.86636628499997,27.628754362000052],[-114.87714661899997,27.64650414700003],[-114.85451020599999,27.638920529000075],[-114.84797944399998,27.66972611700004],[-114.86589326299998,27.692810757000075],[-114.88992585499994,27.692198500000075],[-114.90367402399994,27.675337538000065],[-114.90150727699995,27.66508744500004],[-114.91103639,27.663922055000057],[-114.93445100199995,27.675032362000024],[-114.95042695399997,27.713032467000062],[-114.98828400899998,27.727310879000072],[-114.99923219099998,27.715754254000046],[-115.00983704899994,27.717032178000068],[-115.01386536999996,27.732199414000036],[-115.02808656099995,27.73928330700005],[-115.05559052899997,27.81967232900007],[-115.08494843799997,27.84353326100006],[-115.05989350699997,27.860199675000047],[-115.03872956699996,27.853420957000026],[-115.00981416099995,27.828142866000064],[-114.97409333599995,27.82483743100005],[-114.91623200799995,27.83400414700003],[-114.86786927599996,27.82903169100007],[-114.83670319899994,27.80797646800005],[-114.79228486299996,27.814781889000074],[-114.76797761299997,27.80642197900005],[-114.72892274299994,27.80653260500003],[-114.70695008699994,27.788004621000027],[-114.670313734,27.78717110900004],[-114.63022889499996,27.774672253000062],[-114.541537184,27.78567193300006],[-114.50094880499995,27.771309597000027],[-114.44005860699997,27.798144086000036],[-114.34547700299998,27.864310011000043],[-114.32053651299998,27.87225411600008],[-114.29614533799997,27.866976484000077],[-114.29381074299994,27.852198346000023],[-114.308947462,27.85461495800007],[-114.29639710799995,27.84892152200007],[-114.29550446899998,27.83069871300006],[-114.31156434399998,27.84044908000004],[-114.30003632899997,27.824810727000056],[-114.304644484,27.797226651000074],[-114.322092909,27.77717088000003],[-114.31383790399997,27.777254803000062],[-114.29120149,27.73900483400007],[-114.26784028399999,27.728810057000032],[-114.23655976699996,27.697977765000076],[-114.17567719899995,27.680533154000045],[-114.13170136899998,27.644366011000045],[-114.13544740099996,27.637949690000028],[-114.11709107799999,27.63447640700008],[-114.125559706,27.632893307000074],[-114.12284364099997,27.618893368000045],[-114.10036744499996,27.621922238000025],[-114.11045350499995,27.611199124000052],[-114.10297669799996,27.606394513000055],[-114.10847749099997,27.600449307000076],[-114.08561982499998,27.620421156000077],[-114.07764710799995,27.606281979000073],[-114.081149,27.624449475000063],[-114.05075349199996,27.65233872600004],[-114.04789246899998,27.67014382600007],[-114.03497590499995,27.671477064000044],[-114.05347718599995,27.67289422400006],[-114.06267060599998,27.663698896000028],[-114.06800355399997,27.683060391000026],[-114.07614411699996,27.68150399600006],[-114.074870009,27.67386506300005],[-114.08687104599994,27.678366407000055],[-114.06203736699996,27.69478295600004],[-114.04992188799997,27.690588696000077],[-114.05928315499995,27.684088452000026],[-114.05356110999998,27.681393368000045],[-114.03939332299996,27.67694924600005],[-114.03666962999995,27.68567155100004],[-114.02273072599996,27.67792199400003],[-114.02578248299994,27.66228173500008],[-114.02012147299996,27.66983865000003],[-113.95886506399995,27.655144437000047],[-113.95633973399998,27.668560727000056],[-113.92209138299995,27.704338773000075],[-113.92280854599994,27.717171415000053],[-113.94398011599998,27.726393445000042],[-113.94714631399995,27.73875497100005],[-113.95561494199995,27.734726651000074],[-113.97050752099994,27.74558900100004],[-113.98022736899998,27.74078248400008],[-113.98036469799996,27.75544999500005],[-114.03253449799996,27.740671856000063],[-114.045672315,27.776116117000072],[-114.07039918299995,27.804838879000044],[-114.071230787,27.792948468000077],[-114.03953828099998,27.73372720100008],[-114.05520142899996,27.73056100100007],[-114.04959382399994,27.71725533800003],[-114.07511414899994,27.725365384000042],[-114.09794892599996,27.70619843700007],[-114.12178315499995,27.70561669700004],[-114.14878358299995,27.727198346000023],[-114.15145386999995,27.750782713000035],[-114.17786683499997,27.789726956000038],[-114.18056001099995,27.81056092500006],[-114.16858949099998,27.824755413000048],[-114.17783631699996,27.81556008700005],[-114.18114747399994,27.820561154000075],[-114.13361634599994,27.88000558300007],[-114.13542451199999,27.889893278000045],[-114.15711488099998,27.896532757000045],[-114.13492097299996,27.896698698000023],[-114.19137086299997,27.915281994000054],[-114.17544831699996,27.924866421000047],[-114.17659272599997,27.945976957000028],[-114.16858949099998,27.950781568000025],[-114.15709199399998,27.939310772000056],[-114.17033662199998,27.928253872000028],[-114.16222657599997,27.92550538300003],[-114.17067231599998,27.915644391000058],[-114.16639222599997,27.90903161400007],[-114.15397919999998,27.917254193000076],[-114.14881409999998,27.907532437000043],[-114.15587129,27.902449353000065],[-114.13511933599995,27.899504406000062],[-114.15011872699995,27.916949017000036],[-114.12889375099996,27.91278336700003],[-114.141398327,27.920893414000034],[-114.164454359,27.916031584000052],[-114.15992249799996,27.924587950000046],[-114.16717042299996,27.931282742000064],[-114.15578736699996,27.93739388700004],[-114.16295136799994,27.951420530000064],[-114.18261994699998,27.947005017000038],[-114.17500581199994,27.93453286400006],[-114.19725312599996,27.929671034000023],[-114.20134248099998,27.91386674200004],[-114.23753632899997,27.913643582000077],[-114.26756562599996,27.886448605000055],[-114.27884186999995,27.902031643000043],[-114.27025880199994,27.940977795000038],[-114.21567048399999,27.989144070000066],[-114.14070405399997,28.087227566000024],[-114.12306489399998,28.087364895000064],[-114.11641969099998,28.055420620000064],[-114.15225495699997,28.010643705000064],[-114.12870301599997,27.965838177000023],[-114.14075745999997,27.944254620000038],[-114.13434113899996,27.95808862000007],[-114.11245240499994,27.939142927000034],[-114.08873261799994,27.972532972000067],[-114.09958924699998,27.97644875700007],[-114.10303773299995,27.98761628400007],[-114.09398164199996,27.993448957000055],[-114.10520448099999,27.998865826000042],[-114.09964265199994,28.003588423000053],[-114.10620393199997,28.004643185000077],[-114.108172315,28.018254025000033],[-114.12575806999996,28.014782651000075],[-114.11789216299996,28.026087507000057],[-114.125559706,28.02983735300006],[-114.12122620899999,28.036448225000072],[-114.09545411399995,28.035114987000043],[-114.10397614899995,28.02011559700003],[-114.08867158299995,28.02128289500007],[-114.07692231599998,27.998310788000026],[-114.08711518699994,27.996283276000042],[-114.07817353599995,27.992533429000048],[-114.079340834,27.983059629000024],[-114.04217042399995,28.026476606000074],[-114.03705872899997,28.042921765000074],[-114.05606355099997,28.040505155000062],[-114.06964387299996,28.053866131000063],[-114.09514893799997,28.046671613000058],[-114.107981581,28.052059874000065],[-114.10542573299995,28.082476362000023],[-114.11731232999995,28.113865599000064],[-114.07164277399994,28.191559537000046],[-114.06292237699995,28.193781599000033],[-114.077258009,28.113615735000053],[-114.066592115,28.104033215000072],[-114.06856049899994,28.112143262000075],[-114.06064881699996,28.109587416000068],[-114.06650819099997,28.11875413200005],[-114.05797852899997,28.119477017000065],[-114.06911744499996,28.12500451300008],[-114.06825532299996,28.149615033000032],[-114.05887116799994,28.212143643000047],[-114.05408753799998,28.216448530000036],[-114.04709138199996,28.192976696000073],[-114.05220307699994,28.21406052800006],[-114.077425856,28.261782393000033],[-114.07492341399995,28.248837216000027],[-114.088114637,28.251587613000027],[-114.08687104599994,28.245505078000065],[-114.10280885099996,28.23900483400007],[-114.12839783899994,28.256977781000046],[-114.08014192,28.35155938400004],[-114.05411805499995,28.426476224000055],[-114.04825867999995,28.46239350700006],[-114.07303132399994,28.48731110800003],[-114.06878174999997,28.509781582000073],[-114.11123170299999,28.55583833000003],[-114.14644898799997,28.558476194000036],[-114.16211976399995,28.56761620900005],[-114.15889252999995,28.62186501900004],[-114.17867555,28.654532179000057],[-114.22580994999998,28.664616330000058],[-114.24514283399998,28.66275475900005],[-114.24734010099996,28.652727827000035],[-114.26120271099995,28.66211579700007],[-114.27189912199998,28.659865124000078],[-114.27205933899995,28.688753827000028],[-114.28634156599998,28.704504713000063],[-114.30330933999994,28.704615338000053],[-114.315562146,28.72542069800005],[-114.34733857499998,28.728560193000078],[-114.35131348999994,28.771948559000066],[-114.362399,28.778698666000025],[-114.37731446599997,28.810505612000043],[-114.38845338299996,28.80539391900004],[-114.39959229799996,28.814255461000073],[-114.41948212999995,28.87608788700004],[-114.42914857299996,28.882254345000035],[-114.44047822299996,28.87408898700005],[-114.45350922999995,28.905115828000078],[-114.49242677099994,28.930588467000064],[-114.52767457299996,28.92981026900003],[-114.53350343099999,28.917532666000056],[-114.56459321399996,28.969366772000058],[-114.57867707599996,28.973810895000042],[-114.58308686599997,28.963755354000057],[-114.59337129,28.967310651000048],[-114.60628785499995,28.997561200000064],[-114.61272706399996,29.059033139000064],[-114.62106599199996,29.061754927000038],[-114.63305940099997,29.091421826000044],[-114.67614259099997,29.10969994900006],[-114.69887055799995,29.108032927000068],[-114.70369996499994,29.099644407000028],[-114.71889771899998,29.108032927000068],[-114.72539796299998,29.131005034000054],[-114.73872651499994,29.137921078000034],[-114.73697938299995,29.15561555200003],[-114.74689759599994,29.179949505000025],[-114.815371412,29.21378205700006],[-114.82531251299997,29.23492120000003],[-114.84630860599998,29.242949232000058],[-114.86353577899996,29.27203248400008],[-114.96675385799995,29.37208817900006],[-115.01539887799998,29.384615644000064],[-115.06962098499997,29.41378282000005],[-115.15653504799997,29.41983865000003],[-115.18086518699994,29.43064378200006],[-115.18928803799997,29.426060423000024],[-115.21481599199996,29.47392152100008],[-115.24906434399998,29.51130936900006],[-115.33989228599995,29.55289338500006],[-115.37989320199995,29.55625413200005],[-115.45459260299998,29.621309979000046],[-115.47914399499996,29.624644024000077],[-115.50642670999997,29.614504559000068],[-115.56544770599999,29.661755308000068],[-115.588976759,29.691448912000055],[-115.62242402399994,29.693005307000078],[-115.70136536899997,29.75408814700006],[-115.68712129,29.82958863500005],[-115.70386781099995,29.89725564400004],[-115.74534119899994,29.94617150700003],[-115.78876008399999,29.957199797000044],[-115.8153943,29.947005017000038],[-115.78267182699994,30.088976605000028],[-115.80272950499995,30.131281597000054],[-115.796893018,30.242060406000064],[-115.81212129,30.298283323000078],[-115.85261811699996,30.357893689000036],[-115.90225495699997,30.39217065100007],[-115.93714417799998,30.403811201000053],[-115.98797883399999,30.393671736000044],[-115.97186555299999,30.410393460000023],[-115.94156159799996,30.412031874000036],[-115.94470490799995,30.420614941000053],[-115.93108643899996,30.44439385700008],[-115.93389405599999,30.454615338000053],[-115.95247926099995,30.46169923100007],[-115.96917237599996,30.48445008500005],[-115.98028077499998,30.483532651000075],[-115.98014344599994,30.49680970600008],[-115.99508943,30.497727139000062],[-115.99450959599994,30.50500558300007],[-116.0002545299999,30.498755200000062],[-115.963114637,30.462309582000046],[-115.95808686599997,30.436255200000062],[-115.98075379699998,30.42628167500004],[-115.99737061899998,30.44967149200005],[-116.02669801099995,30.45303223800005],[-115.99531068199997,30.406977400000073],[-115.99353303299995,30.377976163000028],[-115.98823060399997,30.38039277400003],[-115.98020448099999,30.36480973600004],[-115.98750581199994,30.35608743100005],[-116.00756348999994,30.363838894000025],[-116.01342286499994,30.41883729400007],[-116.03172578199997,30.434672101000046],[-116.035868543,30.455504162000068],[-116.04836549199996,30.468838437000045],[-116.02839936599997,30.66217111000003],[-116.03419770599999,30.698837980000064],[-116.04839600999998,30.71636651400007],[-116.05173005499995,30.77631066500004],[-116.06170167399995,30.801365599000064],[-116.07967652699995,30.818449719000057],[-116.10711945899999,30.821755154000073],[-116.146311659,30.85592149000007],[-116.17717255899998,30.86014436000005],[-116.20669831699996,30.885533079000027],[-116.21586884699997,30.91217110900004],[-116.23709382399994,30.93178246900004],[-116.24628724499996,30.93092225500004],[-116.27292146099995,30.96589349000004],[-116.32380952299997,30.953476652000063],[-116.34092225299997,30.969698651000044],[-116.31603516999996,31.092392666000023],[-116.31180848499997,31.151615841000023],[-116.34295167299996,31.20580933900004],[-116.354922193,31.21136544600006],[-116.362399,31.239365323000072],[-116.39728822,31.280949339000074],[-116.46097840699997,31.32867120000003],[-116.46061982499998,31.344588025000064],[-116.49200715399996,31.36817048300003],[-116.50500764299994,31.40792153600006],[-116.52725495599998,31.433504803000062],[-116.57511414899994,31.462198958000045],[-116.60739411699996,31.459892973000024],[-116.61348237399994,31.494505627000024],[-116.63353242299996,31.51244996400004],[-116.64950837499998,31.512032255000065],[-116.66750611599997,31.533449873000052],[-116.66972627099994,31.547615751000023],[-116.69506348999994,31.55219911000006],[-116.69539918299995,31.57025407200007],[-116.65381135399997,31.581532225000046],[-116.67050446899998,31.607144102000063],[-116.65350617799999,31.66283868200003],[-116.69989289699998,31.71342156600008],[-116.71759309099997,31.711170895000066],[-116.71869935399997,31.722283108000056],[-116.72741975199995,31.71939347600005],[-116.72958649999998,31.729838118000032],[-116.75028504799997,31.741142972000034],[-116.72953309299999,31.747866376000047],[-116.66447724699998,31.717171415000053],[-116.64189423899995,31.73728249900006],[-116.62501038999994,31.771504148000076],[-116.64209260399997,31.72428201100007],[-116.66028107999995,31.71561501700006],[-116.63273133599995,31.69692109300007],[-116.64103211799994,31.721060499000032],[-116.61286439199995,31.769615873000077],[-116.62361420999997,31.778753979000044],[-116.61267365799995,31.816199049000033],[-116.616976637,31.843893750000063],[-116.63075532399995,31.858198866000066],[-116.63119782799998,31.84472726300004],[-116.64189423899995,31.857144100000028],[-116.66994752299996,31.858698590000074],[-116.70447816299998,31.893948300000034],[-116.75214661999996,31.901226742000063],[-116.77112092399994,31.96778176500004],[-116.80025758099998,31.978810055000054],[-116.835200209,31.976282818000072],[-116.86186494199995,31.99100564400004],[-116.879259962,32.01158784300003],[-116.889925856,32.03394959700006],[-116.890475171,32.128588422000064],[-116.91070069699998,32.16617081900006],[-116.92383851399995,32.225310071000024],[-116.94973267899996,32.24708817700002],[-117.02611817699994,32.26753114100006],[-117.03972901699996,32.282255873000054],[-117.12211884899995,32.467753155000025],[-117.12468917999996,32.53430000100008],[-115.87939709199998,32.63606414800006],[-114.719556561,32.71872712700008],[-114.76379499299998,32.64340819000006],[-114.78273604999998,32.624340576000066],[-114.80845118599996,32.61943066400005],[-114.79941356999996,32.59262313600004],[-114.80156355399998,32.576410692000024],[-114.81394521899995,32.56221759600004],[-114.80650331599998,32.559250021000025],[-114.79281903599997,32.56952929100004],[-114.79141991299997,32.55646605100003],[-114.80568953899996,32.54633668500003],[-114.80199372399994,32.536325816000044],[-114.81317770299995,32.524507510000035],[-114.80200613499994,32.51362861600006],[-114.81616868599997,32.50829624200003],[-114.81370316399995,32.49406411900003],[-112.26812025599997,31.710722462000035],[-111.07497184399995,31.332340035000072],[-108.20846135799997,31.333373124000047],[-108.20848019299996,31.783697929000027],[-106.52795440299997,31.78388129600006],[-106.48840745799998,31.747990739000045],[-106.45065464899994,31.76422787200005],[-106.38204467699995,31.732707858000026],[-106.37232043399996,31.712455627000054],[-106.349573019,31.69669081400008],[-106.30336473799997,31.62217782700003],[-106.28088475099997,31.562327839000034],[-106.24648714199998,31.541614679000077],[-106.20665480799994,31.466257815000063],[-106.17512377099996,31.455290423000065],[-106.13248474399995,31.42501587600003],[-106.10778483099995,31.42238780200006],[-106.08057195199996,31.398657206000053],[-106.00524505699997,31.39262307000007],[-105.97046487599994,31.366177768000057],[-105.95393488099995,31.36488776500005],[-105.93813865099997,31.318220560000043],[-105.90739489999999,31.312267760000054],[-105.89392489799997,31.290627753000024],[-105.86941547099997,31.28904601200003],[-105.79436702999999,31.202415950000045],[-105.78315493999997,31.198027731000025],[-105.77301495699999,31.16679773000004],[-105.74231931399999,31.16481958600008],[-105.71063496399995,31.13702771800007],[-105.64875499799996,31.115867716000025],[-105.641484989,31.09810771000008],[-105.62734787599999,31.098532628000044],[-105.60439498599999,31.083697719000043],[-105.58509499499996,31.057297704000064],[-105.58124198899998,31.026706786000034],[-105.55718454399994,30.989673698000047],[-105.53259503299995,30.98467769100006],[-105.51580781299998,30.964895023000054],[-105.50204966099994,30.967807707000077],[-105.49391964999995,30.956317698000078],[-105.49884216599997,30.950310175000027],[-105.46689877999995,30.92433253200005],[-105.45157966099998,30.92480767400008],[-105.45319542399994,30.916151392000074],[-105.44683966999997,30.91956768400007],[-105.44140965999998,30.90857769200005],[-105.41369967499998,30.89950767700003],[-105.41218651099996,30.88862381100006],[-105.40028967399996,30.889517673000057],[-105.40433934099997,30.87969973500003],[-105.39145253099997,30.874369495000053],[-105.39151064799995,30.855512390000058],[-105.36159969699997,30.850557674000072],[-105.35252713299997,30.836015055000075],[-105.33920969599995,30.840397669000026],[-105.32735429299998,30.82730279200007],[-105.31913970399995,30.828997660000027],[-105.31675958299996,30.81082701400004],[-105.30947995199995,30.817004723000025],[-105.30624971299994,30.80977765700004],[-105.29272970199997,30.82638765300004],[-105.25755671199994,30.794274597000026],[-105.21508971799994,30.805947635000052],[-105.20962374399994,30.797661926000046],[-105.220049943,30.788833900000043],[-105.21674745799999,30.783423795000033],[-105.19516971899998,30.79229762500006],[-105.17684167899995,30.768083210000043],[-105.16699355399999,30.776632651000057],[-105.15627775299998,30.76982494300006],[-105.16150316199997,30.752200620000053],[-105.14459885499997,30.758648463000043],[-105.11839974399999,30.74991761700005],[-105.10547188799995,30.72362739500005],[-105.08744975299999,30.715467612000054],[-105.08090388699998,30.69987913600005],[-105.06255013499998,30.698561461000054],[-105.06172003999995,30.685840864000056],[-105.04598843399998,30.67988615200005],[-105.04724394299996,30.687991863000036],[-105.04088512899995,30.689007596000067],[-105.027189938,30.678886712000065],[-105.00664781799998,30.686119991000055],[-104.98600173999995,30.66263192400004],[-104.98391180299996,30.63494707900003],[-104.97194059099996,30.610282763000043],[-104.93133428199997,30.599042505000057],[-104.92253257699997,30.603516179000053],[-104.91998515899996,30.587307570000064],[-104.90959177499997,30.585193763000063],[-104.89802391899997,30.55460219500003],[-104.88769875399998,30.54666945200006],[-104.88567758399995,30.51823048600005],[-104.87197482299996,30.51103530100005],[-104.87397380399995,30.49527484400005],[-104.86666519499994,30.494567561000054],[-104.86811668599995,30.44145837600007],[-104.85838060599997,30.437659591000056],[-104.861365332,30.426143813000067],[-104.84775520899996,30.419767551000064],[-104.85942912799999,30.39023823100007],[-104.83728983099996,30.37361876600005],[-104.81656918199997,30.375411349000046],[-104.81971944199995,30.368678860000045],[-104.81092283999999,30.362742065000077],[-104.8226160899999,30.350928275000058],[-104.81165681099998,30.33288747000006],[-104.79130522599996,30.325477547000048],[-104.77673582499995,30.310140175000072],[-104.77933524699995,30.30332753700003],[-104.76667524699997,30.305987538000068],[-104.76030074599998,30.295974930000057],[-104.76302512799998,30.27466209800008],[-104.74864204199997,30.274371405000068],[-104.75043299799995,30.261870959000078],[-104.73683333399998,30.255746092000038],[-104.73375667299996,30.26150759400008],[-104.70623491599997,30.234808169000075],[-104.71133914399996,30.223204709000072],[-104.68707714299995,30.179284340000038],[-104.68534163399994,30.144765998000025],[-104.69670250699994,30.134476782000036],[-104.69503155599995,30.117665242000044],[-104.68548529599997,30.110077524000076],[-104.69435992599995,30.101844007000068],[-104.68495456499994,30.09837314400005],[-104.68665136699997,30.076274457000068],[-104.70362528199996,30.064347532000056],[-104.70739387199995,30.04984655100003],[-104.69565688999995,30.037560351000025],[-104.70143547499998,30.02313391000007],[-104.68967508299994,30.01509775100004],[-104.69313750699996,29.992948951000074],[-104.68579004199995,29.987307842000064],[-104.69320914699995,29.975607555000067],[-104.68009221499995,29.976869616000045],[-104.68533743899997,29.95663971400006],[-104.67324454899995,29.954970330000037],[-104.68254532999998,29.939487522000036],[-104.67996378,29.920817041000078],[-104.6653045,29.901418644000046],[-104.65518996699996,29.90563089500006],[-104.65834413399995,29.890861335000068],[-104.65172052699995,29.892375456000025],[-104.63331503299997,29.870574929000043],[-104.62930475099995,29.852222580000046],[-104.62157483899995,29.849617093000063],[-104.62473730699998,29.84270446000005],[-104.610664838,29.842295938000063],[-104.61971157,29.83025761700003],[-104.60853191099994,29.82793984500006],[-104.61004217999994,29.81920178000007],[-104.59495569599994,29.80531002200007],[-104.59108952699995,29.809520161000023],[-104.59089665299996,29.798019597000064],[-104.56589936899996,29.77137053000007],[-104.57005329199995,29.752805086000023],[-104.55137718699996,29.741334234000078],[-104.56055146299997,29.735297353000078],[-104.54930561099997,29.730465096000046],[-104.545928958,29.699439840000025],[-104.53018489299996,29.690317519000075],[-104.54407931099996,29.680622596000035],[-104.53560820099995,29.66656385300007],[-104.52528883899998,29.667776350000054],[-104.50841998299995,29.632616816000052],[-104.49795939599994,29.639662068000064],[-104.47613736899996,29.628057161000072],[-104.47335316799996,29.61786696200005],[-104.46538803599998,29.61827291900005],[-104.46657771999998,29.60924242200008],[-104.39848998999997,29.57160372100003],[-104.39394262299999,29.554391856000052],[-104.38048666999998,29.542203591000032],[-104.37009057899996,29.542951268000024],[-104.33742068099997,29.519699227000046],[-104.32147380499998,29.521892310000055],[-104.31550663799999,29.532823277000034],[-104.31154482399995,29.523210980000044],[-104.26213289099996,29.513524353000037],[-104.23677088499994,29.497346537000055],[-104.23094129899994,29.478755900000067],[-104.21349722499997,29.484585713000058],[-104.20892418299997,29.480720913000027],[-104.21765906499996,29.456346532000055],[-104.18124632099995,29.426734046000036],[-104.18399371799995,29.41682475500005],[-104.16953607299996,29.407938167000054],[-104.16592295899994,29.39324449000003],[-104.14346159799999,29.388328519000027],[-104.14088715299994,29.377671037000027],[-104.13506016399998,29.384255780000046],[-104.12308126699998,29.380491732000053],[-104.1214262299999,29.371392799000034],[-104.10653998,29.373324937000064],[-104.08233260599997,29.346040152000057],[-104.05637245799994,29.337954568000043],[-104.03769733299998,29.319794603000048],[-103.97531451799995,29.296158115000026],[-103.92593410999996,29.29444751500006],[-103.91773108199999,29.28443588700003],[-103.85437207899997,29.28137287000004],[-103.82610208199998,29.26917287300006],[-103.81355217099997,29.274043148000032],[-103.79947986399998,29.258390573000042],[-103.78396861299996,29.265430587000026],[-103.77516405499995,29.248097820000055],[-103.78204882699998,29.238702789000058],[-103.77703208399998,29.22014172300004],[-103.75841990699996,29.232934362000037],[-103.757340377,29.22075381800005],[-103.74244154699994,29.22190905900004],[-103.74268071399996,29.208965239000065],[-103.718492073,29.180802871000026],[-103.70486718799998,29.184947016000024],[-103.69693221299997,29.177157371000078],[-103.65980238699996,29.17075030700005],[-103.65048210499998,29.15667288000003],[-103.61083957299996,29.165539959000057],[-103.59237954699995,29.15009002200003],[-103.55367399599999,29.15801239900003],[-103.54915385199996,29.14272281700005],[-103.53985251699999,29.14626697600005],[-103.52450079799996,29.13724544300004],[-103.52383319899997,29.121266370000058],[-103.50033643699999,29.116121665000037],[-103.47006209399996,29.085382879000065],[-103.47258139299998,29.06784779000003],[-103.44970209799999,29.072662888000025],[-103.44961209999997,29.064972882000063],[-103.428889659,29.049391123000078],[-103.43275603199999,29.04351166400005],[-103.40470313299994,29.039486944000032],[-103.40126225999995,29.031049778000067],[-103.38836478299999,29.03381474200006],[-103.38699415299999,29.02172040100004],[-103.36069784899996,29.01844406300006],[-103.34416812799998,29.046106559000066],[-103.33059848899995,29.04321271300006],[-103.32717889299994,29.032762611000066],[-103.34205590499994,29.028353610000067],[-103.33853494999994,29.020039927000028],[-103.32589628899996,29.016319921000047],[-103.30757257299996,29.024486385000046],[-103.31624134699996,29.01068691000006],[-103.28678129399998,29.001094185000056],[-103.28609998399997,28.97683982700005],[-103.27437284599995,28.98163271800007],[-103.26732209099998,28.996109081000043],[-103.25029026199996,28.980340175000038],[-103.22768022399998,28.99177729200005],[-103.22034185799998,28.98359929600008],[-103.20232253599994,28.987174406000065],[-103.15399883699996,28.971312296000065],[-103.13472642099998,28.983624535000047],[-103.11549820499994,28.984689976000027],[-103.11722781399999,29.00047423600006],[-103.09792552799996,29.02658815600006],[-103.10660729899996,29.038520566000045],[-103.10055913799994,29.060550314000068],[-103.09232117099998,29.06451664100007],[-103.08592567499994,29.05380006400003],[-103.07582716699994,29.09152571800007],[-103.03353287099998,29.101446874000032],[-103.03734994399997,29.114029050000056],[-103.01195660499997,29.12638899500007],[-103.015650269,29.134154369000044],[-102.99609550799994,29.160387924000077],[-102.99578903899999,29.17923558500007],[-102.97567447399996,29.186331025000072],[-102.95061351399994,29.173602690000052],[-102.94359252399994,29.19130912600008],[-102.91756794899999,29.191121793000036],[-102.91231312899998,29.21938821300006],[-102.89413441,29.20869368500007],[-102.86756798499994,29.22352171700004],[-102.87165682999995,29.241747361000023],[-102.90630342799994,29.259564201000046],[-102.899238589,29.26908415400004],[-102.90319176999998,29.279172326000037],[-102.88793553199997,29.292642038000054],[-102.89306596599994,29.30811145100006],[-102.879875772,29.33899283900007],[-102.88418384399995,29.34780115700005],[-102.87715995699995,29.354845793000038],[-102.86158295099995,29.351379852000036],[-102.83933440099997,29.35893434600007],[-102.84493398299998,29.374577283000065],[-102.83395247799996,29.37900071300004],[-102.82577814399997,29.396825068000055],[-102.812709311,29.399514407000026],[-102.83339901399995,29.410469603000024],[-102.82688066699995,29.417972650000024],[-102.83085980299995,29.44457520900005],[-102.81955129699998,29.450864211000066],[-102.82556976199999,29.458067293000056],[-102.81447973599995,29.482487286000037],[-102.80080424399995,29.48642015300004],[-102.80870892999997,29.522410024000067],[-102.79227866899998,29.532809631000077],[-102.79145966199997,29.54297955800007],[-102.77125129299998,29.54830888200007],[-102.77783744899995,29.560374196000055],[-102.77404231299994,29.57321924200005],[-102.76232468399996,29.579411117000063],[-102.76843344199995,29.595120209000072],[-102.74040229099995,29.597857616000056],[-102.74204815899998,29.63316105800004],[-102.69350909499997,29.67687187200005],[-102.69874574299996,29.697299110000074],[-102.67409475699998,29.744575989000055],[-102.66266009499998,29.736208244000068],[-102.63030654799996,29.734173696000028],[-102.61262262799994,29.74827074800004],[-102.57366437299999,29.754791526000076],[-102.56871932499996,29.771465600000056],[-102.54826556399996,29.744708287000037],[-102.51346808799997,29.765433831000053],[-102.51737671799998,29.783725736000065],[-102.48709740399994,29.78664563800004],[-102.48071929899999,29.776028452000048],[-102.46541172699995,29.783443228000067],[-102.45778139899994,29.774600073000045],[-102.43394363199997,29.776861214000064],[-102.40908245699995,29.764460073000066],[-102.39440116999998,29.769024218000027],[-102.38764218599994,29.761232904000053],[-102.39000218699994,29.78181290300006],[-102.37722218199997,29.78987290300006],[-102.36445219199999,29.84555289800005],[-102.34100218299994,29.869422909000036],[-102.32340219499997,29.864032911000038],[-102.32431218499994,29.873692903000062],[-102.315572192,29.880022911000026],[-102.28098219399999,29.862882901000035],[-102.26439219699995,29.86732291000004],[-102.26210218399996,29.85346290900003],[-102.25277219199995,29.85340290000005],[-102.24635219699996,29.864172902000064],[-102.24460219099996,29.84865290500005],[-102.22334219799995,29.840512904000036],[-102.20957219399997,29.844322912000052],[-102.19655220299995,29.836312905000057],[-102.18664219899995,29.848512910000068],[-102.17853219699998,29.83978290400006],[-102.17960219199995,29.825882901000057],[-102.166712196,29.825582911000026],[-102.14336220599995,29.80321290300003],[-102.11965220399998,29.80247290400007],[-102.11550220199996,29.79229291000007],[-102.08431219699997,29.795122915000036],[-102.07290220299996,29.78644290400007],[-102.04928220699998,29.78552291300008],[-102.03551220199995,29.804212906000032],[-102.01511221099997,29.79750290900006],[-101.99678221199997,29.80615291600003],[-101.98753220499998,29.79674291300006],[-101.97647221099999,29.81590291400005],[-101.95712789399994,29.795770063000077],[-101.93587220399996,29.799782913000058],[-101.92906220599997,29.78265291200006],[-101.91157221699996,29.798112914000058],[-101.87561221699997,29.79386291700007],[-101.85254020599996,29.807864562000077],[-101.82381222499998,29.787372911000034],[-101.81865221399994,29.791472911000028],[-101.82546221099994,29.807762918000037],[-101.81808221899996,29.811742913000046],[-101.80358222399997,29.803542922000076],[-101.81400222599996,29.791692914000066],[-101.80476222599998,29.780222922000064],[-101.78840223599997,29.779402912000023],[-101.78518222899999,29.788492923000035],[-101.775572217,29.789342917000056],[-101.73427222099997,29.77147292500007],[-101.71972222099998,29.775782916000026],[-101.70992224599996,29.761732925000047],[-101.68956222299994,29.77107292100004],[-101.67683221899995,29.76056292100003],[-101.66168223799997,29.771112921000054],[-101.64504223499995,29.75420292000007],[-101.62659222499997,29.77090291500008],[-101.57474223599996,29.76967292300003],[-101.56890223399995,29.797382921000064],[-101.54454224299997,29.812122920000036],[-101.534982244,29.79762291700007],[-101.53621222799995,29.758062927000026],[-101.50172223599998,29.764442925000026],[-101.46187223399994,29.789962926000044],[-101.45288224199999,29.785182925000072],[-101.45613224399995,29.771292923000033],[-101.44770223499995,29.749882917000036],[-101.40087562499997,29.770945599000072],[-101.39878870499996,29.761226863000047],[-101.41601668199996,29.746087075000048],[-101.39672224599997,29.735122930000045],[-101.39773404299996,29.714566621000074],[-101.37236225099997,29.697872928000038],[-101.36171224899994,29.65070293100007],[-101.34662879499996,29.662185675000046],[-101.31593224699998,29.65934293400005],[-101.30220617199996,29.64967006100005],[-101.31334322499998,29.604155132000074],[-101.30395875499994,29.577055073000054],[-101.29282580399996,29.57299476000003],[-101.28108369499995,29.584811427000034],[-101.27999505199995,29.61775393000005],[-101.26846036599994,29.629793792000044],[-101.24748688099999,29.618182313000034],[-101.25238833799995,29.604510278000078],[-101.24160332599996,29.564978951000057],[-101.26102333299997,29.537576794000074],[-101.25501350299999,29.52018475500006],[-101.18112964199997,29.516957969000032],[-101.141660501,29.47311995000007],[-101.12986340799995,29.47887121000008],[-101.11544264999998,29.46844638600004],[-101.08831371899998,29.469704681000053],[-101.06035507999997,29.458547348000025],[-101.05717225399997,29.44076293300003],[-101.04337225399996,29.429852938000067],[-101.037381225,29.406939745000045],[-101.01691224399997,29.38748293200007],[-101.01035413299996,29.36870232700005],[-100.94995224599995,29.347662938000042],[-100.93948416499995,29.332190697000044],[-100.886292256,29.307582941000078],[-100.87780224799997,29.28057293100005],[-100.834622261,29.261372933000075],[-100.81379225199998,29.263592939000034],[-100.81667226099995,29.25403295800004],[-100.79732225799995,29.246802933000026],[-100.79597225599997,29.228912940000043],[-100.78476226099997,29.22744294200004],[-100.77377765499995,29.210856886000045],[-100.77643225899999,29.200352938000037],[-100.76687943799999,29.195266531000073],[-100.77264226299997,29.16834294100005],[-100.738052257,29.149292944000024],[-100.73878226099998,29.140322936000075],[-100.72580227099996,29.128102944000034],[-100.67497314899998,29.10092184100006],[-100.64573512499999,28.988544930000046],[-100.65155225599995,28.943592935000027],[-100.62951225999996,28.922422935000043],[-100.64091225599998,28.914842942000064],[-100.63244225099999,28.903472933000046],[-100.62228226199994,28.910042945000043],[-100.60070225399994,28.901312937000057],[-100.60288225599999,28.886832946000027],[-100.58930224699998,28.88677294100006],[-100.59846225699994,28.874302938000028],[-100.57261224799998,28.848192936000032],[-100.57434225099996,28.828182946000027],[-100.54767225999996,28.82644294200003],[-100.54582225599995,28.812712935000036],[-100.53522224599999,28.80521294400006],[-100.53370224499997,28.759272947000056],[-100.52064225999999,28.757202946000064],[-100.50755224799997,28.74075293800007],[-100.51214225599995,28.706612947000053],[-100.50040224399999,28.661872938000045],[-100.46194225499994,28.64108294600004],[-100.44646224499996,28.64184294100005],[-100.44731225499999,28.60937294400003],[-100.39854389799996,28.585112953000078],[-100.41109225699995,28.550062945000036],[-100.38853225199995,28.515272942000024],[-100.33389224499996,28.499282951000055],[-100.34383224199996,28.48648294000003],[-100.36836224499996,28.47635294400004],[-100.337442249,28.442502946000047],[-100.33605224299998,28.42997292800004],[-100.34956224899997,28.403192940000054],[-100.34449224999997,28.390132949000076],[-100.28661666099998,28.31264610000005],[-100.29199224799999,28.27629294700006],[-100.25366224399994,28.237182946000075],[-100.22095224199995,28.23290294800006],[-100.20876907599995,28.19104787400005],[-100.084336093,28.144726259000038],[-100.05611507099997,28.10356745000007],[-100.05279457599994,28.084503819000076],[-100.01793844899998,28.065051734000065],[-100.00715924699995,28.020101620000048],[-99.99031233399995,27.99346676400006],[-99.93138224799998,27.980612952000058],[-99.93730820199994,27.940936157000067],[-99.89346577999999,27.89937426800003],[-99.90430349399998,27.874650161000034],[-99.87688640299996,27.84159875100005],[-99.87684863599998,27.79803490200004],[-99.85099814499995,27.79415254500003],[-99.83595454299996,27.763063014000068],[-99.81334223499994,27.774442959000055],[-99.79712551899996,27.736415994000026],[-99.76932224399997,27.730882957000063],[-99.71050224199996,27.657682958000066],[-99.69951732099997,27.655539997000062],[-99.690268141,27.66901840500003],[-99.68738166999998,27.661832075000063],[-99.66710223899997,27.659212959000058],[-99.65808223699997,27.64862295100005],[-99.66610223499998,27.63595295400006],[-99.63867576599995,27.626606938000066],[-99.62349050399996,27.632951003000073],[-99.62500220199996,27.643885468000065],[-99.61555872899999,27.63740298700003],[-99.59602223099995,27.63968295500007],[-99.577229188,27.618500167000036],[-99.58345805199997,27.60290537000003],[-99.55480224399997,27.614392962000068],[-99.51370223399994,27.569522952000057],[-99.52810223299997,27.498152952000055],[-99.49255959099997,27.49724242900004],[-99.47873969099999,27.479067325000074],[-99.49546910699996,27.445724600000062],[-99.48766561599996,27.410199629000033],[-99.49209379899997,27.381165190000047],[-99.50753405499995,27.35163846300003],[-99.50429673199994,27.33922802400008],[-99.53805071199997,27.316358927000067],[-99.52760240299995,27.30467943900004],[-99.49448378899996,27.303526310000052],[-99.48753223299997,27.293332950000035],[-99.49659132099998,27.272776866000072],[-99.49004987799998,27.262185093000028],[-99.461642225,27.268302961000074],[-99.44178511699994,27.250584179000043],[-99.44514911299996,27.22290097700005],[-99.43260092099996,27.208699929000034],[-99.42623976799996,27.176453881000043],[-99.44007504099994,27.15149878300008],[-99.43098128399998,27.12549705200007],[-99.44256221299997,27.10680295900005],[-99.42866968699997,27.091808267000033],[-99.45284640499995,27.063633209000045],[-99.44551759799998,27.020620828000062],[-99.43196695199998,27.01087319800007],[-99.41564582199999,27.017124370000033],[-99.40343639799994,26.997073685000032],[-99.37853876799994,26.98006350600008],[-99.39386345199995,26.96056946500005],[-99.38795306399999,26.943580720000057],[-99.37301801399997,26.930766042000073],[-99.32453966399999,26.915688252000052],[-99.32867820999996,26.87859438600003],[-99.31675134099999,26.866026904000023],[-99.28032577999994,26.85801546600004],[-99.26845453399994,26.843192681000062],[-99.26226220499996,26.815732962000027],[-99.24241202599995,26.788002857000038],[-99.24004264299998,26.74580327900003],[-99.20881367399994,26.724834507000025],[-99.20013257799997,26.655963073000066],[-99.17803306299999,26.620553537000035],[-99.16702277899998,26.559583802000077],[-99.171352991,26.542376415000035],[-99.12817244899998,26.525481469000056],[-99.10442548799995,26.499212658000033],[-99.09162219199999,26.475748207000038],[-99.10291220699997,26.441802969000037],[-99.11371764799998,26.432936797000025],[-99.08471354499994,26.39799115200003],[-99.06213246599998,26.397402915000043],[-99.03708220199997,26.41350296300004],[-99.01112212099997,26.392325093000068],[-98.98792644899999,26.391633092000063],[-98.97377571099997,26.401178318000063],[-98.95418328599999,26.393928121000044],[-98.95612035099998,26.377063511000074],[-98.94357644699994,26.369373085000063],[-98.935539899,26.37212094800003],[-98.93543963099995,26.385397260000047],[-98.92624643199997,26.39435307800005],[-98.92258042899994,26.379151625000077],[-98.90094286299995,26.370447409000064],[-98.89629311199997,26.353100849000043],[-98.86114819099998,26.36618212700006],[-98.84374645999998,26.35834304800005],[-98.82426594799995,26.370914996000067],[-98.80523646299997,26.367956512000035],[-98.788829852,26.330473032000043],[-98.77025432499994,26.324918481000054],[-98.75035954699996,26.330930693000028],[-98.73598550499997,26.30851629800003],[-98.74109252799997,26.30268999200007],[-98.75462567999995,26.308060934000025],[-98.75094648299995,26.296173030000034],[-98.72854177699998,26.299035634000063],[-98.71688043699999,26.286193853000043],[-98.70254402099994,26.286960441000076],[-98.700970354,26.277964066000038],[-98.71988225999996,26.27259807200005],[-98.68066464799995,26.26255938500003],[-98.67067779399997,26.237016147000077],[-98.63456120999996,26.242342929000074],[-98.62300477599996,26.25992091200004],[-98.61665804399996,26.246435594000047],[-98.59944387799999,26.257634892000056],[-98.58309797199996,26.25670477600005],[-98.58000788899994,26.23523459100005],[-98.56593437399994,26.24147503300003],[-98.56206384799998,26.22418174200004],[-98.54570560899998,26.237205904000064],[-98.55660267199994,26.248005972000044],[-98.54380945999998,26.243826497000043],[-98.53488247599995,26.225399614000025],[-98.52216622099996,26.235628260000055],[-98.52409354999998,26.220897771000068],[-98.51370967199995,26.227240207000023],[-98.50104182399997,26.222564343000045],[-98.50702412199996,26.209229497000024],[-98.48538424299994,26.212715957000057],[-98.48181184499998,26.200852071000043],[-98.48127652599999,26.21988295600005],[-98.46025533399995,26.226308691000042],[-98.45451879799998,26.216697208000028],[-98.44393760299994,26.22418708400005],[-98.43868247399996,26.212665721000064],[-98.44402555099998,26.200604158000033],[-98.40263415199996,26.181393360000072],[-98.40192145799995,26.171097906000057],[-98.38686553799994,26.157898798000076],[-98.36564273,26.158098152000036],[-98.36723466399997,26.16861515200003],[-98.35966441299996,26.172528400000033],[-98.35176681799999,26.151158593000048],[-98.34619442099995,26.16597839800005],[-98.33575194199994,26.165895309000064],[-98.33798668199995,26.149444861000063],[-98.32674646099997,26.142897127000026],[-98.33557481599996,26.138417933000028],[-98.30570447899998,26.103148367000074],[-98.29767422799995,26.10329069100004],[-98.3036105,26.109998456000028],[-98.296658058,26.12025939600005],[-98.26604658699995,26.12076174300006],[-98.27039448999994,26.106528360000027],[-98.28800594599994,26.104204407000054],[-98.24935658299995,26.07214629200007],[-98.22081424499999,26.076438564000057],[-98.194326962,26.053194486000052],[-98.18727716199999,26.06427169400007],[-98.17700161199997,26.060737781000057],[-98.17678454199995,26.075238311000078],[-98.16793928699997,26.06298525300008],[-98.15796990899997,26.063391066000065],[-98.16176586999995,26.05390753000006],[-98.15129638699995,26.05815652700005],[-98.146464585,26.049048292000066],[-98.13211555699996,26.07419135400005],[-98.12997457799997,26.06313828900005],[-98.10519526399997,26.06767906300007],[-98.09353596999995,26.05859465900005],[-98.08035988299997,26.071101982000073],[-98.07000459899996,26.050488247000033],[-98.08013461999997,26.041738261000035],[-98.07646974399995,26.036272238000038],[-98.06109045999995,26.046404018000032],[-98.03881833199995,26.041267164000033],[-98.02802758799999,26.066961414000048],[-98.02089366999996,26.058630360000052],[-98.01211464699998,26.066148216000045],[-98.01201949899996,26.056087224000066],[-98.00330961499998,26.064747891000025],[-97.99188207299994,26.058252905000074],[-97.98037927099995,26.067378693000023],[-97.96614425699994,26.051685871000075],[-97.95173575299998,26.062177312000074],[-97.93328061999995,26.052982146000033],[-97.93343839199997,26.065630288000023],[-97.92697454399996,26.05487271100003],[-97.88717927,26.066661488000022],[-97.86900357299999,26.056845819000046],[-97.86139325099998,26.070148652000057],[-97.86065895099995,26.052776004000066],[-97.83911213099998,26.053202914000053],[-97.83417295199996,26.045738305000043],[-97.81878214199998,26.05666290700003],[-97.81251017599999,26.044238319000044],[-97.81120214999999,26.055442898000024],[-97.80110215199994,26.06024289900006],[-97.78871215499998,26.049202901000058],[-97.79741820399994,26.039548800000034],[-97.77781548899998,26.029208165000057],[-97.76925496499996,26.03581701300004],[-97.77659707999999,26.044731506000062],[-97.76794132999999,26.04747654700003],[-97.76140434799999,26.025671037000052],[-97.72102427899995,26.03135585900003],[-97.71977238499994,26.02336174800007],[-97.70945387999996,26.026224237000065],[-97.70725223899996,26.037842886000078],[-97.69155319199996,26.018862772000034],[-97.69320418599995,26.03251636400006],[-97.67551831999998,26.02595268400006],[-97.66256850799994,26.038116024000033],[-97.66794833399996,26.01926269200004],[-97.65154833399998,26.015862683000023],[-97.64662072999994,26.027182192000055],[-97.64035833599996,26.024452678000046],[-97.63726835599994,26.01446267400007],[-97.64938195299999,26.010829226000055],[-97.63500834499996,25.999992675000044],[-97.62676625699999,26.006014479000044],[-97.62743105199996,25.996628115000078],[-97.61860907499994,26.002667845000076],[-97.61998836099997,25.99265267000004],[-97.63106397699994,25.99646322700005],[-97.63456395199995,25.990376445000038],[-97.60779097299996,25.97671501600007],[-97.61061829099998,25.96619706300004],[-97.60189839399999,25.957182663000026],[-97.58210839599997,25.96243265700008],[-97.57800444599997,25.942100393000032],[-97.57449840899994,25.953972647000057],[-97.56788136599994,25.95243643400005],[-97.56625841299996,25.94494264900004],[-97.582928413,25.933012654000038],[-97.56712383199994,25.93378775700006],[-97.56154084999997,25.925655968000058],[-97.55215711199997,25.93708390200004],[-97.54371594999998,25.92338531400003],[-97.53722653499995,25.930758324000067],[-97.54304012299997,25.91998370300007],[-97.53012746399997,25.91997417400006],[-97.53332294299997,25.90824460600004],[-97.52105233199995,25.886166111000023],[-97.49815379299997,25.899072802000035],[-97.49680204199996,25.87968976700006],[-97.46883102199996,25.888840749000053],[-97.47025465199994,25.875349647000064],[-97.45563446199998,25.884164634000058],[-97.45660236099997,25.86835608000007],[-97.44461236199999,25.86747607700005],[-97.45402883399998,25.854098391000036],[-97.44523608799994,25.856385905000025],[-97.44407704899999,25.848542739000038],[-97.42537791299998,25.84060056800007],[-97.41265819699998,25.840979541000024],[-97.40958013499994,25.86226279600004],[-97.40829211899995,25.845539184000074],[-97.39874014399999,25.85058279900005],[-97.40584162799996,25.83768558400004],[-97.37306342999995,25.839835137000023],[-97.37127021899994,25.84931279400007],[-97.36408067399998,25.849798338000028],[-97.37666096399994,25.85477116800007],[-97.35685022999996,25.866902804000063],[-97.35856022199994,25.878422793000027],[-97.37430021399996,25.879422798000064],[-97.35640024299994,25.888042803000076],[-97.36638158499994,25.89061201100003],[-97.36593022499994,25.902442807000057],[-97.37525548899998,25.907465780000052],[-97.34831475899995,25.931181064000043],[-97.32568025199998,25.917632790000027],[-97.31798911499999,25.93130962400005],[-97.305330272,25.927682791000052],[-97.30291609799997,25.93731015000003],[-97.27666442199995,25.935296168000036],[-97.27835092899994,25.947500197000068],[-97.28956246699994,25.95438030100007],[-97.28454387699998,25.95928500900004],[-97.25182287599995,25.948163454000053],[-97.22854352699994,25.95878618300003],[-97.22842304499994,25.95884127200003]]]]}},{"type":"Feature","properties":{"shapeGroup":"NIC","shapeType":"ADM0","shapeName":"Nicaragua"},"geometry":{"type":"MultiPolygon","coordinates":[[[[-83.72693713299998,11.913068664000036],[-83.71199114899997,11.861235511000075],[-83.71815569899996,11.87129105300005],[-83.73918994,11.877624404000073],[-83.75102313099995,11.909623992000036],[-83.74276812599999,11.941318404000071],[-83.74791033799994,11.958596122000074],[-83.72379382199995,11.999374282000076],[-83.70774157599999,11.996096503000047],[-83.72438128499994,11.966207397000062],[-83.72679980299995,11.916679275000035],[-83.72693713299998,11.913068664000036]]],[[[-83.04421996999997,12.186027527000022],[-83.03091430499995,12.170389175000025],[-83.04841613799994,12.16033363300005],[-83.05586242699997,12.14433288500004],[-83.06505584699994,12.147527695000065],[-83.06827545199997,12.166832925000051],[-83.06105804299995,12.181805612000062],[-83.04660797199995,12.186055183000065],[-83.04421996999997,12.186027527000022]]],[[[-82.97922583699994,12.301734232000058],[-82.97511516999998,12.27478652600007],[-82.99005711799998,12.288162506000049],[-82.99103584799997,12.298504422000065],[-82.98026981599997,12.301995227000077],[-82.97922583699994,12.301734232000058]]],[[[-82.75083160399998,14.418722153000033],[-82.73542022699996,14.410833358000048],[-82.73458099399994,14.378305435000073],[-82.74624633799993,14.358305932000064],[-82.76752471899994,14.352916717000028],[-82.78002929699994,14.362083435000045],[-82.81214141899994,14.359138489000031],[-82.77960967999996,14.394166946000041],[-82.78214263999996,14.405860902000029],[-82.77419280999999,14.41625023000006],[-82.75166320799997,14.417888642000037],[-82.75083160399998,14.418722153000033]]],[[[-83.69773215399994,10.93849261400004],[-83.67564641599995,10.911572910000075],[-83.68288350999995,10.897654904000035],[-83.668273146,10.889271630000053],[-83.67504452399999,10.85318396100007],[-83.66058292299994,10.819835908000073],[-83.66931269099996,10.798352831000045],[-83.69472168099998,10.78787776200005],[-83.71508328399995,10.792521093000062],[-83.761319,10.769076],[-83.793043,10.768876],[-83.811117,10.746123],[-83.840105,10.743725],[-83.861641,10.717662],[-83.890441,10.721246001000054],[-83.931686,10.708058],[-83.93711099899997,10.721377],[-83.966666,10.729143001000068],[-83.9714,10.74551],[-84.00464,10.764544],[-84.022892,10.792161],[-84.0358,10.771435],[-84.055421,10.778319],[-84.06238999899995,10.763726],[-84.080685,10.758667001000049],[-84.10242,10.774410001000035],[-84.126299,10.764857],[-84.13775,10.78737],[-84.190306,10.789814001000025],[-84.203443,10.782567],[-84.205662,10.797291],[-84.222794,10.801155],[-84.23763,10.816141001000062],[-84.220611,10.825514],[-84.214629,10.840399001000037],[-84.225687,10.874108],[-84.258053,10.891225001000066],[-84.283327,10.893695001000026],[-84.292292,10.911826],[-84.310059,10.921851],[-84.3238,10.918862],[-84.336375,10.945956],[-84.350816,10.950857001000031],[-84.341714,10.97382900100007],[-84.35869699899996,10.995503],[-84.376345,10.977359001000025],[-84.399823,10.974980001000063],[-84.4206,10.95487600100006],[-84.45029599899993,10.96056],[-84.485788,11.00056900100003],[-84.564417,11.03295600100006],[-84.57467799899996,11.051074001000075],[-84.605986,11.038381001000062],[-84.680858,11.084625],[-84.911326,10.945053],[-85.227606,11.062528],[-85.357467,11.126081001000045],[-85.423861,11.128961],[-85.496603,11.157539001000032],[-85.522149,11.167697001000022],[-85.56042599899996,11.210186],[-85.609836,11.219681],[-85.692658,11.079522],[-85.74381532099994,11.085421307000047],[-85.76394929299994,11.104504330000054],[-85.78058900299999,11.105365499000072],[-85.78206147599997,11.115310414000021],[-85.79159058899995,11.113810286000046],[-85.81795014699998,11.178616270000077],[-85.86567201099996,11.233004315000073],[-85.88292207099994,11.238698706000037],[-85.87739838899995,11.256532415000038],[-85.89625825299998,11.261032804000024],[-85.88884248199997,11.26794884900005],[-85.90425385799995,11.269838079000067],[-85.90542115599999,11.283560498000043],[-85.92467011799994,11.303726896000057],[-85.93541993499997,11.303838476000067],[-85.97539796199999,11.340309843000057],[-85.99592103399993,11.343087895000053],[-86.01603211799994,11.371309979000046],[-86.04033936899998,11.380393727000069],[-86.03778352199998,11.393837674000054],[-86.07534303099999,11.412837728000056],[-86.09100617699994,11.441310629000043],[-86.11853303299995,11.463004812000065],[-86.16103639099998,11.478671772000041],[-86.17442597699994,11.496337636000021],[-86.16775788699994,11.506365522000067],[-86.17267121699996,11.516198857000063],[-86.20778169,11.547198994000041],[-86.26350678899996,11.584615454000073],[-86.33942689299994,11.621199354000055],[-86.35356416099995,11.632032139000046],[-86.35528077499998,11.647254689000022],[-86.35361756699996,11.633754475000046],[-86.40934266499994,11.697087986000042],[-86.51858796499994,11.774254545000076],[-86.52767457399995,11.811949475000063],[-86.56611909299994,11.858699544000046],[-86.62114228599995,11.906143887000042],[-86.61947907799998,11.926282628000024],[-86.63361634599994,11.951226933000044],[-86.66028108099994,11.98125432300003],[-86.676867384,11.988505110000062],[-86.68953217799998,12.02064393300003],[-86.73217286499994,12.084644064000031],[-86.74956025499995,12.138866169000039],[-86.76134003999994,12.147948964000022],[-86.75883759799996,12.157310231000054],[-86.77567567099999,12.181338056000072],[-86.76639832799998,12.181504948000054],[-86.76636781099995,12.220532164000076],[-86.77373017699995,12.212393507000058],[-86.76895417399999,12.197115643000075],[-86.78145112399994,12.198226675000058],[-86.82556428299995,12.233865483000045],[-87.01828278899995,12.351977094000063],[-87.04947938399994,12.381837590000032],[-87.18253602399994,12.45814393300003],[-87.17331208599995,12.466782316000035],[-87.15870179399997,12.460004553000033],[-87.16330994799995,12.454616292000026],[-87.156641859,12.448920950000058],[-87.10598267899996,12.42878220800003],[-87.10358704999999,12.437282308000022],[-87.11878480399997,12.44864343100005],[-87.11834229799996,12.461282476000065],[-87.13370026899997,12.453755124000054],[-87.15075959499995,12.461949095000023],[-87.14322938299995,12.47306035300005],[-87.15292634399998,12.471255047000056],[-87.16042603899996,12.484698994000041],[-87.14592255899998,12.488505110000062],[-87.16433991799994,12.48578236800006],[-87.15772523299995,12.499754652000036],[-87.164286512,12.497837767000021],[-87.164286512,12.510254605000057],[-87.16747559899994,12.499671681000052],[-87.18192567199998,12.508559926000032],[-87.16964234799997,12.50042127000006],[-87.16794862199998,12.486588224000059],[-87.17011536899997,12.476421101000028],[-87.18125428599996,12.475726826000027],[-87.19128693899995,12.501282437000043],[-87.24444856099996,12.549338087000024],[-87.34128083599995,12.611310704000061],[-87.33425416399996,12.619421704000047],[-87.32272614899995,12.613920912000026],[-87.33281220799995,12.627393467000047],[-87.319781203,12.636671766000063],[-87.34070100199995,12.627505047000056],[-87.34350861999997,12.61217091800006],[-87.36847962699994,12.629643185000077],[-87.36767091199994,12.639532788000054],[-87.39867677099994,12.682893498000055],[-87.48122681999996,12.760393842000042],[-87.46805848499997,12.763337834000026],[-87.45136536899997,12.747115834000056],[-87.46361817699994,12.764671071000066],[-87.46061982599997,12.774393780000025],[-87.47106446599997,12.77506039900004],[-87.48306550399997,12.796004994000043],[-87.49186982499998,12.790977223000027],[-87.508898634,12.81897710100003],[-87.50986756699996,12.803976759000022],[-87.51903809999999,12.80378220800003],[-87.48992432999995,12.782726986000057],[-87.48353089699998,12.768365606000032],[-87.4894207899999,12.76336549000007],[-87.52775849699998,12.798838362000026],[-87.66036500299998,12.878976568000041],[-87.69359101699996,12.911782965000043],[-87.67962159399997,12.963393910000036],[-87.65464295799995,12.995088322000072],[-87.61797608699999,13.010726675000058],[-87.58172883399999,13.086227163000046],[-87.57478608499997,13.074171766000063],[-87.58030976699996,13.076504453000041],[-87.588450331,13.049504979000062],[-87.54950990099996,13.050060017000021],[-87.51681031599998,13.026865704000045],[-87.47156037699995,12.968227131000049],[-87.47773255699997,12.960810406000064],[-87.47506226999997,12.936393483000074],[-87.36858643899996,12.906143887000042],[-87.36101044999998,12.913782819000062],[-87.30475892299995,12.923838360000047],[-87.36117066799994,12.921699269000044],[-87.38806428299995,12.938088162000042],[-87.32786836099996,12.968838436000055],[-87.31096308499997,12.987515342000052],[-87.064921756,13.002355425000076],[-87.06036209999996,12.993222531000072],[-87.04968255599994,12.992568427000037],[-87.05017460599998,12.980820163000033],[-87.04846985299997,12.988233206000075],[-87.02784469199997,12.986594137000054],[-87.02214890399995,13.008475984000029],[-87.01933826299995,13.000222763000068],[-87.00976288299995,13.002964180000049],[-86.99581756299995,13.021023417000038],[-86.97934133599995,13.021792821000076],[-86.95569677499998,13.037333226000044],[-86.95431134699999,13.063267991000032],[-86.91571341199995,13.098545392000062],[-86.92822193899997,13.10240940500006],[-86.92738132799997,13.119824827000059],[-86.93450539,13.12574965400006],[-86.91334348699996,13.155263992000073],[-86.93331287699993,13.180111977000024],[-86.91575236299997,13.211693528000069],[-86.92287159899996,13.223674001000063],[-86.90936623499994,13.224558948000038],[-86.91375754199998,13.233732522000025],[-86.90551266899996,13.25259188900003],[-86.91590749399995,13.260483769000075],[-86.90905842999996,13.268934269000056],[-86.87558613999994,13.280212676000076],[-86.867685425,13.304334180000069],[-86.84986311599994,13.30069538400005],[-86.83024411399998,13.314185183000063],[-86.80115996999996,13.303952121000066],[-86.75423446799994,13.267375135000066],[-86.70573184799997,13.303018929000075],[-86.70719823099995,13.365715212000055],[-86.71892876199996,13.379925163000053],[-86.73685800099997,13.38118627700004],[-86.74421053499998,13.401423592000071],[-86.72104648199996,13.434164975000044],[-86.72377087699994,13.457007937000071],[-86.741533641,13.486548810000045],[-86.75080803499998,13.56644976900003],[-86.76978538999998,13.577251470000022],[-86.74915117699999,13.639637651000044],[-86.75508828299996,13.651621200000022],[-86.78612453399995,13.662504374000036],[-86.76082073099997,13.717791388000023],[-86.76943837599998,13.754640259000041],[-86.76429566899998,13.765368215000024],[-86.72340347499994,13.786979202000055],[-86.66590961999998,13.784012975000053],[-86.65865736999996,13.77521293500007],[-86.62955274599994,13.787988880000057],[-86.60949968599994,13.781951695000032],[-86.58687508899999,13.785889058000066],[-86.53887661099998,13.804805501000033],[-86.52221698099999,13.779804198000022],[-86.49130905199996,13.76861279700006],[-86.48082883999996,13.776276267000071],[-86.47349761599997,13.770810403000041],[-86.45332874899998,13.790218646000028],[-86.44415359799996,13.767583265000042],[-86.41623200299995,13.757661676000055],[-86.38684241399994,13.76132285400007],[-86.37719723699996,13.770990391000055],[-86.36386051699998,13.762581303000047],[-86.33400615899996,13.768765869000049],[-86.31536277399994,13.792320523000058],[-86.31634549599994,13.802134986000056],[-86.29563193999996,13.817067563000023],[-86.30207892799996,13.836795490000043],[-86.29774462299997,13.852173629000049],[-86.27925735299993,13.857638375000022],[-86.27792031399997,13.875546041000064],[-86.24921200999995,13.885793288000059],[-86.24240147399996,13.904292740000074],[-86.22618102999996,13.906545639000058],[-86.22615440899995,13.92586691400004],[-86.21694134899997,13.936823367000045],[-86.19909018599998,13.935331806000022],[-86.19539341999996,13.95400735800007],[-86.18479438699995,13.958997947000057],[-86.19006728999994,13.984071732000075],[-86.16694534799996,13.980737589000057],[-86.15830619099995,13.993537371000059],[-86.14261314699996,13.997826509000049],[-86.14086368299996,14.007894831000044],[-86.15747191599996,14.024373570000023],[-86.15292570999998,14.034825777000037],[-86.13304519699994,14.044103623000069],[-86.13500477899998,14.049791279000033],[-86.11855427999996,14.04478129100005],[-86.10690835799994,14.058448608000049],[-86.07709609799997,14.063052612000035],[-86.07608218399997,14.06964393800007],[-86.04283922899998,14.069505950000064],[-86.03930633899995,14.076646346000075],[-86.01163625899994,14.080218377000051],[-86.00366385699994,14.070010567000054],[-86.00867508699997,14.055722414000059],[-86.04215920399997,13.996039385000074],[-86.02408933499999,13.997026665000021],[-85.99527335599998,13.963666832000058],[-85.98386304499996,13.969194720000075],[-85.96655917699997,13.959958493000045],[-85.96436570699996,13.95078355000004],[-85.92198376599998,13.931684354000026],[-85.91868468199993,13.937480141000037],[-85.91358132099998,13.90855773100003],[-85.89238164099999,13.904137908000052],[-85.88183359199996,13.929539548000037],[-85.84752034599995,13.918583568000031],[-85.83607581499996,13.905221677000043],[-85.84196476199998,13.884285968000029],[-85.82654942799996,13.870050837000065],[-85.81950214099999,13.848607531000027],[-85.79342571399997,13.841849981000053],[-85.75513428099998,13.84624924600007],[-85.75240992199997,13.832097512000075],[-85.73814789099998,13.84291950100004],[-85.74218718599997,13.85273281700006],[-85.73330201399995,13.86074977800007],[-85.73885720799996,13.871906243000069],[-85.76415904199996,13.88472015700006],[-85.75195811099996,13.928713877000064],[-85.75305346,13.967956662000063],[-85.73207126199998,13.969916651000062],[-85.70681834999993,13.992900102000021],[-85.68667854299997,13.989421651000043],[-85.67775188799999,13.979190861000063],[-85.66759970099997,13.985989260000053],[-85.66464800399996,14.012080538000077],[-85.62443075399995,14.008675492000066],[-85.62433375799998,14.021041417000049],[-85.60345442399995,14.02671659300006],[-85.59056516799996,14.044736391000072],[-85.57702581299998,14.043777290000037],[-85.57325606799998,14.06513482300005],[-85.55491538399997,14.06372663600007],[-85.56118084899998,14.050833251000029],[-85.51962908199994,14.047181481000052],[-85.52055567499997,14.059901478000029],[-85.50669416099998,14.063232502000062],[-85.50554400099998,14.088279145000058],[-85.49314198699994,14.076034493000066],[-85.49259939799998,14.088158645000021],[-85.47798171399995,14.08386990400004],[-85.47824384999996,14.093584218000046],[-85.46681996299998,14.092831543000045],[-85.45450348999998,14.114169315000026],[-85.43126270999994,14.106159095000066],[-85.42556596399999,14.11681248900004],[-85.40412414399998,14.122856152000054],[-85.40418324399997,14.134042200000067],[-85.39478635599994,14.139861359000065],[-85.40084536699999,14.144962418000034],[-85.39816230799994,14.162800942000047],[-85.37517387699995,14.182068206000054],[-85.38097671099996,14.194925033000061],[-85.37356853499995,14.19768907100007],[-85.37490657899997,14.21580666500006],[-85.38339457999996,14.221473696000032],[-85.36949044999994,14.22485576300005],[-85.36881272899996,14.213121057000023],[-85.36135401399997,14.213011169000026],[-85.35594514499996,14.231885043000034],[-85.34120657099999,14.23315148100005],[-85.34063222199995,14.248904346000074],[-85.30990646399994,14.256577331000074],[-85.29195053099994,14.250587538000048],[-85.28568459399997,14.260413632000052],[-85.26953446499994,14.262290638000025],[-85.24100814199994,14.252400796000074],[-85.20170398499994,14.257557229000042],[-85.18478367699998,14.250022358000024],[-85.15327461699997,14.302384993000032],[-85.18045060299994,14.315265013000044],[-85.18199127099996,14.333111078000059],[-85.19258335899997,14.329323603000034],[-85.199580557,14.346014166000032],[-85.19712511799997,14.365441020000048],[-85.21984996299994,14.368474208000066],[-85.22172765099998,14.375984962000075],[-85.20608024799998,14.387202946000059],[-85.20232487099997,14.406413143000066],[-85.19221424099999,14.407713081000054],[-85.18114069399996,14.42884911300007],[-85.18234433999999,14.471169321000048],[-85.14940053799995,14.488199413000075],[-85.13897395099997,14.518747960000042],[-85.14777561499994,14.544096753000076],[-85.14214255,14.561943819000078],[-85.15221706999995,14.571530863000078],[-85.12234557599999,14.585965594000072],[-85.10616421999998,14.560681619000036],[-85.08773472299998,14.552492187000041],[-85.04285977499995,14.574861955000074],[-85.02178949999995,14.609336935000044],[-85.04344880999997,14.611513755000033],[-85.02375518199995,14.63245034700003],[-85.03228520399995,14.646831711000061],[-85.05038939099995,14.65132888900007],[-85.05101175899995,14.660800171000062],[-85.04562630499998,14.671287634000066],[-85.02737244999997,14.673101683000027],[-85.02039970399994,14.68801088600003],[-85.02856291899997,14.702920091000067],[-84.96035189099996,14.757144883000024],[-84.92703997299998,14.759480548000056],[-84.92346567599998,14.766306589000067],[-84.93152553799996,14.771079745000065],[-84.89941404899997,14.815032201000065],[-84.85253393099998,14.812612175000027],[-84.84485951799996,14.82446608600003],[-84.81938514499996,14.829405934000022],[-84.79032044299998,14.816284382000049],[-84.78518174399994,14.792477400000053],[-84.74970828399995,14.76736098400005],[-84.75179096599999,14.753900331000068],[-84.76777458599997,14.761190800000065],[-84.77186080199994,14.749897408000038],[-84.758149098,14.740804509000043],[-84.74265583199997,14.748790731000042],[-84.74945130899994,14.731698941000047],[-84.74484223099995,14.715259220000064],[-84.71538680899994,14.692674672000066],[-84.70338340799998,14.692678396000076],[-84.70224719599997,14.665246879000051],[-84.67274702999998,14.694730723000077],[-84.66538728799998,14.672983094000074],[-84.63305544299999,14.677830938000056],[-84.62595905299997,14.662961453000037],[-84.59632070899994,14.658763256000043],[-84.58527143999999,14.666391264000026],[-84.58053943699997,14.653572332000067],[-84.56543917,14.658835027000066],[-84.56080029899994,14.650253355000075],[-84.52649566899998,14.657334244000026],[-84.52371502499994,14.648703142000045],[-84.53861989899997,14.644996998000067],[-84.53050972399996,14.630823250000049],[-84.50896590899998,14.636929765000048],[-84.49893297499995,14.621793882000077],[-84.46982868899994,14.615919962000078],[-84.46236804199998,14.63296428800004],[-84.43315310899999,14.63294967400003],[-84.41459319299997,14.642278992000058],[-84.41501758799996,14.656564187000072],[-84.38319929099998,14.681570732000068],[-84.36425585799998,14.717190249000055],[-84.34454925199998,14.701759577000075],[-84.35392793299997,14.689814098000056],[-84.34897295499997,14.67982661800005],[-84.32710746399994,14.675932485000033],[-84.31044134299998,14.684714512000028],[-84.29749903299995,14.663432847000024],[-84.27173522399994,14.664897647000032],[-84.25811729799995,14.678806488000077],[-84.26675555799994,14.686901771000066],[-84.27201255599994,14.733863050000025],[-84.23439910799993,14.760703355000032],[-84.22303362699995,14.754891041000064],[-84.22725589499998,14.733390261000068],[-84.21103878699995,14.733863050000025],[-84.18968214999995,14.716256687000055],[-84.16809429899996,14.714130799000031],[-84.12518683199994,14.733826029000056],[-84.09618694599999,14.73030742700007],[-84.11737108599993,14.775725643000044],[-84.11196566699994,14.790467695000075],[-84.08381536799999,14.787800084000025],[-84.08065221299995,14.757726844000047],[-84.04611783499996,14.774251437000032],[-84.03951901299996,14.765055205000067],[-84.04540982199995,14.752542593000044],[-84.02990530099999,14.746272659000056],[-84.01424692399996,14.746592540000051],[-83.99938222699996,14.76004650300007],[-83.98636568899997,14.748236926000061],[-83.94308390299994,14.758889428000032],[-83.92628601599995,14.747645545000069],[-83.92163212299994,14.756902256000046],[-83.93885596399997,14.773190103000047],[-83.91598539799998,14.774355384000046],[-83.91541432599996,14.792248931000074],[-83.90507343599995,14.774543766000022],[-83.89862131499996,14.78959859400004],[-83.89191123499995,14.787599847000024],[-83.89577450899998,14.768716607000044],[-83.88964427399998,14.763523099000054],[-83.88306538199998,14.78913243900007],[-83.87452058899999,14.783963879000055],[-83.87986460199994,14.770029082000065],[-83.87124902299996,14.767161213000065],[-83.84306414099996,14.773351431000037],[-83.82711246799994,14.795552142000076],[-83.81416225499999,14.789947341000072],[-83.80351872599994,14.798373566000066],[-83.79607007999994,14.788251438000032],[-83.78967408899996,14.790649933000054],[-83.79384290499996,14.799787063000053],[-83.81377327099995,14.802756632000069],[-83.81542937499995,14.812464831000057],[-83.78991510199995,14.803743466000071],[-83.78218224099999,14.823667459000035],[-83.77610934799998,14.811361543000032],[-83.75913823199994,14.80625270400003],[-83.75207172099994,14.831740049000075],[-83.73082428199996,14.819930594000027],[-83.74221893099997,14.846413961000053],[-83.72570142999996,14.834680852000076],[-83.71087037299998,14.842351791000056],[-83.70135880399994,14.824538446000076],[-83.69997734799995,14.850184089000038],[-83.71913459799998,14.847885228000052],[-83.71981803099999,14.856406199000048],[-83.69951604899995,14.858353245000046],[-83.692281859,14.88055885500006],[-83.68176593399994,14.866425836000076],[-83.66135689399994,14.879672547000041],[-83.62377582799996,14.878393107000022],[-83.62350704499994,14.862728244000039],[-83.61762730199996,14.86152214200007],[-83.60860392799998,14.892884023000022],[-83.615071388,14.899459274000037],[-83.59354265199994,14.903969032000077],[-83.59691677,14.920570887000054],[-83.57938005199998,14.91117446000004],[-83.57176465599997,14.918823880000048],[-83.56036880199997,14.912150523000037],[-83.55945836199999,14.939665366000042],[-83.53821308999994,14.941830817000039],[-83.54812642699994,14.95726815300003],[-83.52922440799995,14.94971311300003],[-83.54045492199998,14.979428281000025],[-83.52484378399998,14.97400329800007],[-83.52832596699994,14.99341688000004],[-83.51534448299998,14.990860033000047],[-83.50105673599995,15.010880796000038],[-83.47660184599994,15.004028052000024],[-83.48006101699997,14.990529405000075],[-83.46108239699998,14.98080486400005],[-83.43857583599998,14.99486866500007],[-83.42014508999995,14.990703272000076],[-83.41376263199999,15.003714527000056],[-83.40599170999997,14.999347582000041],[-83.40160237099997,15.029737038000064],[-83.38313179399995,15.015703709000036],[-83.36038768999998,15.014586044000055],[-83.34783274299997,14.995206875000065],[-83.34363353199996,15.010214571000063],[-83.30062194499999,14.999181215000021],[-83.27569899399998,15.005716387000064],[-83.27911318399998,14.993014970000047],[-83.29173042199994,14.98792234800004],[-83.28394958399997,14.977428925000027],[-83.27923825099998,14.990135245000033],[-83.23538152799995,14.982248750000053],[-83.19835260199994,14.998952889000066],[-83.17643339299997,14.990946290000068],[-83.143649,14.992921574000036],[-83.15944947599996,14.967838032000031],[-83.16708649999998,14.977060063000067],[-83.17100800799994,14.966866238000023],[-83.16295136799994,14.965282186000024],[-83.17717255999997,14.958588346000056],[-83.19295014799997,14.960338337000053],[-83.18025483499997,14.966587767000021],[-83.18464936599997,14.975559933000056],[-83.20134248199997,14.973782285000027],[-83.25795258899996,14.906977398000038],[-83.30542268199997,14.78211568200004],[-83.33703126299997,14.787949308000066],[-83.32967652699995,14.80458806200005],[-83.31114472799999,14.804448828000034],[-83.31862153399999,14.812976582000033],[-83.33208741599998,14.806977017000065],[-83.33709229699997,14.825393422000047],[-83.31778230099997,14.834615453000026],[-83.30353822099994,14.832060560000059],[-83.29539765699997,14.820255025000051],[-83.31698121499994,14.870476469000039],[-83.31281556499994,14.893644078000023],[-83.32805909499996,14.90872739200006],[-83.36281098699999,14.89789365100006],[-83.396037,14.843838437000045],[-83.41636933699994,14.832032904000073],[-83.41464509399998,14.816171392000058],[-83.42725648299995,14.815477117000057],[-83.41175355299998,14.80161546000005],[-83.40367402399994,14.804643376000058],[-83.38867463499997,14.753671392000058],[-83.36375703199997,14.729615910000064],[-83.33587159499996,14.72942136200004],[-83.33122529399998,14.74725507200003],[-83.36881532099994,14.765421613000058],[-83.36092652699995,14.772616131000063],[-83.36803712299997,14.780504927000038],[-83.35756196399996,14.778893217000075],[-83.35206116999996,14.786226971000076],[-83.33780946199994,14.779559836000033],[-83.32292451299998,14.747977001000038],[-83.31583680599994,14.74742101000004],[-83.32458772099994,14.753699049000033],[-83.32695283299995,14.771588070000064],[-83.31531037699995,14.782032711000056],[-83.30870332099994,14.773782476000065],[-83.29033936899998,14.658810362000054],[-83.22825898599996,14.457338078000078],[-83.21783723299995,14.450198872000044],[-83.21947755199994,14.425393803000077],[-83.19872559999999,14.32775471900004],[-83.24798097099995,14.208532078000076],[-83.28783692699994,14.142060026000024],[-83.29622926099995,14.134448750000047],[-83.29208649999998,14.148727162000057],[-83.29967011899998,14.143560154000056],[-83.30039491099996,14.121865971000034],[-83.332949537,14.091949209000063],[-83.36131562599996,14.041866047000042],[-83.40836610199995,14.009032948000026],[-83.43242158299995,13.967865689000064],[-83.46322907799998,13.882949575000055],[-83.45486726199994,13.873560652000037],[-83.47814454499996,13.832477315000062],[-83.49994935399997,13.753449186000068],[-83.52428712299997,13.605699284000025],[-83.52511872699995,13.559226736000028],[-83.54661835999997,13.561365826000042],[-83.53148164199996,13.55472730100007],[-83.52420319899994,13.537782414000048],[-83.54003419299994,13.509670956000036],[-83.54928101899998,13.469754917000046],[-83.55584229699997,13.470838292000053],[-83.565371412,13.411199314000044],[-83.55995454199996,13.404199345000052],[-83.57264222499998,13.331671460000052],[-83.56862153399999,13.198837979000075],[-83.54189576499994,13.023782475000075],[-83.51367463399998,12.914477093000073],[-83.54628266699996,12.893032774000062],[-83.53711976399995,12.888949139000033],[-83.52859010099996,12.896032078000076],[-83.52467622199998,12.890559895000024],[-83.53295411399995,12.881227238000065],[-83.52200593299995,12.874644025000066],[-83.51642121699996,12.890699133000055],[-83.52467622199998,12.90231011800006],[-83.51191987399994,12.908920986000055],[-83.50358857499998,12.89983819300005],[-83.53295411399995,12.783698780000066],[-83.54619874399998,12.617032750000021],[-83.53048219099998,12.531226858000025],[-83.48789491099996,12.463004811000076],[-83.49128236199994,12.395394070000066],[-83.50534333599995,12.383866055000055],[-83.53453339799995,12.391338095000037],[-83.58719910899998,12.385504469000068],[-83.62398042099994,12.363004429000057],[-83.64461793299995,12.374449475000063],[-83.60708894099997,12.420476660000077],[-83.64287080199995,12.47875474400007],[-83.63537110699997,12.579504711000027],[-83.62781037699995,12.558754666000027],[-83.61783875799995,12.565560086000062],[-83.58203400999997,12.559615835000045],[-83.56364716899998,12.602060064000057],[-83.56219758399999,12.646143659000074],[-83.57548035999997,12.676005108000027],[-83.55867280399997,12.72522710100003],[-83.56706513799998,12.722004635000076],[-83.56962098499997,12.737866147000034],[-83.54780854599994,12.753671391000069],[-83.54545106299997,12.771088345000067],[-83.54939545999997,12.791227086000049],[-83.56925477399994,12.806032880000032],[-83.61487092399994,12.819754347000071],[-83.65545167299996,12.798115477000067],[-83.64475526299998,12.771310553000035],[-83.65739716899998,12.760060055000054],[-83.65883912399994,12.747255070000051],[-83.63950623899996,12.743838056000072],[-83.63220490799995,12.749699338000028],[-83.62036408799997,12.739588484000024],[-83.61728181199999,12.723726973000055],[-83.627177137,12.719754918000035],[-83.60214509399998,12.689698919000023],[-83.60884370199994,12.652921422000077],[-83.59881104899995,12.643837674000054],[-83.60456361199994,12.635282262000032],[-83.59694947599996,12.622060521000037],[-83.60956086499993,12.626394018000042],[-83.63156403899995,12.599560483000062],[-83.64311494199995,12.604615911000053],[-83.64370240599999,12.59439347500006],[-83.70039643599995,12.548643812000023],[-83.74798097099995,12.553087933000029],[-83.77872743099994,12.527976736000028],[-83.78278626799994,12.477171644000066],[-83.77389802399995,12.468726858000025],[-83.75372590499995,12.483032927000068],[-83.73461427099994,12.469699606000063],[-83.73378266699996,12.42381070500005],[-83.72053803799997,12.402310116000024],[-83.73625459099998,12.382893307000074],[-83.73295106299997,12.337949498000057],[-83.70784272599997,12.323810323000032],[-83.69711579699998,12.337893231000066],[-83.67470063499997,12.348005041000022],[-83.66378297199998,12.326366171000075],[-83.67456330599998,12.317115529000034],[-83.68045319899994,12.272144062000052],[-83.67280854499995,12.271643385000061],[-83.66728486499994,12.284726841000065],[-83.67134370199994,12.30300496500007],[-83.66217317,12.308699353000065],[-83.66300477399994,12.333865865000064],[-83.65211762799998,12.353032810000059],[-83.63142670999997,12.36642144600006],[-83.61875428599996,12.348754628000052],[-83.65997590399996,12.281532033000076],[-83.68558777999993,12.179560406000064],[-83.68973054299994,12.066865667000059],[-83.68133820899999,11.990282757000045],[-83.69723023799997,11.988754971000048],[-83.69609345799995,11.996782048000057],[-83.68809022299996,11.99725507200003],[-83.69198121499994,12.014532788000054],[-83.72709168799997,12.055254681000065],[-83.73786439299994,12.08469937600006],[-83.74466981199998,12.071782811000048],[-83.75128449799996,12.107976658000041],[-83.75311555299999,12.082921727000041],[-83.74219788899995,12.051198706000037],[-83.75128449799996,12.034532292000051],[-83.75870026999996,12.047893269000042],[-83.75881470999997,12.035310490000029],[-83.76809205399996,12.03544877400003],[-83.75725831399996,12.013838514000042],[-83.76694764499996,11.998116238000023],[-83.76217164399998,11.987032635000048],[-83.77467622099994,11.977616055000055],[-83.77139558199997,11.942809805000024],[-83.80089844999998,11.921754582000062],[-83.80547608799998,11.90208791200007],[-83.82103242299996,11.89392159700003],[-83.83717622199998,11.898977024000033],[-83.82703675599998,11.89322732200003],[-83.83656586999996,11.883838398000023],[-83.84545411499994,11.887059910000062],[-83.83875550599998,11.883532269000057],[-83.83753480199994,11.865477307000049],[-83.81730927799998,11.85878251500003],[-83.82131470999997,11.846365674000026],[-83.81364716899998,11.831227049000063],[-83.79125489599994,11.817115528000045],[-83.78531159799996,11.799615605000042],[-83.74981202499998,11.80608819300005],[-83.75548066499994,11.837893231000066],[-83.74375428599996,11.871337637000067],[-83.70539368999994,11.85533784100005],[-83.69897736899998,11.812254650000057],[-83.67964448299995,11.765337689000035],[-83.66958894099997,11.694643720000045],[-83.67864503299995,11.697254881000049],[-83.66733826999996,11.691448912000055],[-83.65633668199996,11.627754911000068],[-83.64458741599998,11.60533784300003],[-83.65928162899996,11.589587910000034],[-83.68003358299995,11.604671224000072],[-83.70955933899995,11.578059895000024],[-83.71661652999995,11.562144024000077],[-83.75309266499994,11.561282857000037],[-83.77453126299997,11.511337979000075],[-83.78956116999996,11.51308797200005],[-83.79606141399995,11.506199581000033],[-83.77794923199997,11.509587988000021],[-83.776308912,11.503921254000034],[-83.80122651499994,11.441393597000058],[-83.82822694199996,11.446366055000055],[-83.86719788899995,11.397282347000044],[-83.87645234399997,11.338393911000026],[-83.87389649699998,11.293726667000044],[-83.88131226899998,11.29147695000006],[-83.87308778199997,11.287782414000048],[-83.84797944399998,11.16956017700005],[-83.80044831599997,11.046170935000077],[-83.75942506199993,10.978005155000062],[-83.71712399299997,10.94278188900006],[-83.74119843699998,10.954199536000033],[-83.77864350699997,10.998087628000064],[-83.75284089399997,10.963782055000024],[-83.72101104799998,10.938835939000057],[-83.72600831399996,10.929837925000072],[-83.71139802399995,10.924810156000035],[-83.70297517199998,10.931421025000077],[-83.71953095799995,10.933837637000067],[-83.718242993,10.94107394200006],[-83.69795341799994,10.938634836000062],[-83.69773215399994,10.93849261400004]]]]}},{"type":"Feature","properties":{"shapeGroup":"PAN","shapeType":"ADM0","shapeName":"Panama"},"geometry":{"type":"MultiPolygon","coordinates":[[[[-81.81830596899994,7.291611196000076],[-81.77083587599998,7.292722225000034],[-81.76814269999994,7.28599977500005],[-81.78553008999995,7.27530574900004],[-81.80419158899997,7.228277684000034],[-81.82661437999997,7.276666642000066],[-81.81966400099998,7.293499947000043],[-81.81830596899994,7.291611196000076]]],[[[-81.08830261199995,7.583111286000076],[-81.05477905299995,7.58150005400006],[-81.03727722199994,7.57191658000005],[-81.07872009299996,7.531000139000071],[-81.13330841099997,7.545138835000046],[-81.18450164799998,7.505639076000023],[-81.18836212199994,7.492610931000058],[-81.22599792499994,7.485805511000024],[-81.22180175799997,7.494888784000068],[-81.23136138899997,7.496889114000055],[-81.24913787899999,7.481360912000071],[-81.26069641099997,7.489305496000043],[-81.23114013699995,7.519750118000047],[-81.17144775399998,7.534360885000069],[-81.14533233699996,7.56897211200004],[-81.09358215199995,7.583166599000037],[-81.08830261199995,7.583111286000076]]],[[[-81.74491882299998,7.642277719000049],[-81.73574829099994,7.637861251000061],[-81.73952484099993,7.628944397000055],[-81.73178100599995,7.633388997000054],[-81.726585388,7.627416612000047],[-81.73422241199995,7.622860910000043],[-81.72077941899994,7.599916459000042],[-81.72669219999995,7.589527607000036],[-81.70852661099997,7.540999889000034],[-81.68044280999999,7.544610978000037],[-81.67561340399999,7.528999805000069],[-81.68044280999999,7.50400018800002],[-81.71908569199996,7.487583162000021],[-81.71733093299997,7.467777729000034],[-81.72741699199997,7.440805435000073],[-81.69821929899996,7.425305366000032],[-81.69819641099997,7.401750088000028],[-81.68736267099996,7.389249803000041],[-81.68166351399998,7.394249916000035],[-81.65994262699996,7.388360977000048],[-81.65083312999997,7.39699983600002],[-81.65119171199996,7.375805379000042],[-81.63961028999995,7.398499967000021],[-81.62774658199999,7.39391660800004],[-81.602111816,7.362611294000033],[-81.59191894499997,7.327277662000029],[-81.64338684099994,7.318083286000046],[-81.69210815299994,7.339138985000034],[-81.76074981699998,7.350916862000076],[-81.77705383299997,7.360499859000072],[-81.81072235099998,7.403333188000033],[-81.86138915999999,7.441444397000055],[-81.87511443999995,7.48925018400007],[-81.88816833499999,7.487722396000038],[-81.88114166299994,7.506527900000037],[-81.89411163299997,7.524416446000032],[-81.86394500699998,7.518166542000074],[-81.83477783199999,7.587833405000026],[-81.80544280999999,7.596833229000026],[-81.78494262699996,7.625666618000025],[-81.76019287099996,7.621388913000033],[-81.769721985,7.634694578000051],[-81.76564025899995,7.644416809000063],[-81.75280761699997,7.641666889000021],[-81.75144195499996,7.651000024000041],[-81.74524688699995,7.644610882000052],[-81.74491882299998,7.642277719000049]]],[[[-81.11543473799998,7.754032911000024],[-81.10558461999995,7.745644424000034],[-81.10739135699998,7.718194485000026],[-81.14399719199997,7.732333183000037],[-81.15267453899997,7.744945383000072],[-81.12863498899998,7.741240985000047],[-81.13138557399998,7.764200775000063],[-81.11649817599994,7.754812766000043],[-81.11543473799998,7.754032911000024]]],[[[-82.31842041099998,8.13838863500007],[-82.32839202899999,8.121639252000023],[-82.31877899199998,8.105750084000022],[-82.33474731499996,8.106805801000064],[-82.32736205999998,8.092305183000065],[-82.34155273399995,8.095527649000076],[-82.34430694599996,8.08855533700006],[-82.36166381799995,8.096500397000057],[-82.36822509799998,8.090138437000064],[-82.36914062499994,8.107083320000072],[-82.34727478099995,8.11911106100007],[-82.34841918999996,8.13247203800006],[-82.32141876199995,8.139222145000076],[-82.31842041099998,8.13838863500007]]],[[[-82.35138702399996,8.275972366000076],[-82.34333038299997,8.264277458000038],[-82.35380554199998,8.26022243500006],[-82.33650207499994,8.258916855000052],[-82.31491851799996,8.244750023000051],[-82.34055328399995,8.247416496000028],[-82.34388732899998,8.242972374000033],[-82.31998891799998,8.241683571000067],[-82.32813596999995,8.233911096000043],[-82.35682597699997,8.235511686000052],[-82.38788101999995,8.223048359000074],[-82.39022212699996,8.211342824000042],[-82.43625842299997,8.262071649000063],[-82.40350341799996,8.257361412000023],[-82.38408660899995,8.27655601500004],[-82.35477447499994,8.277555466000024],[-82.35138702399996,8.275972366000076]]],[[[-79.10424804699994,8.317667009000047],[-79.08319091799996,8.287777901000027],[-79.08264160199997,8.272610666000048],[-79.06580352799995,8.25816631300006],[-79.10322570799997,8.253944398000044],[-79.09930419899996,8.232500077000054],[-79.11022186299994,8.22577762700007],[-79.10844421399997,8.213666916000022],[-79.12525176999998,8.20516681600003],[-79.13764190699999,8.241000177000046],[-79.14616393999995,8.241555215000062],[-79.14205932599998,8.260083199000064],[-79.12400054899996,8.259528160000059],[-79.13216400099998,8.26286125200005],[-79.12557983399995,8.279916763000074],[-79.13116455099998,8.294833183000037],[-79.11716461199995,8.316694261000066],[-79.10691833499999,8.31797218500003],[-79.10424804699994,8.317667009000047]]],[[[-79.11413574199997,8.427805900000067],[-79.09422302099995,8.402638435000028],[-79.09094238299997,8.420416832000058],[-79.08411407499995,8.41658306100004],[-79.08511352499994,8.379916191000063],[-79.09600067199995,8.376694679000025],[-79.12286376899993,8.40316677100003],[-79.13180541999998,8.401833535000037],[-79.12847137399996,8.422611236000023],[-79.11499786299999,8.429194450000068],[-79.11413574199997,8.427805900000067]]],[[[-78.88896942199995,8.476555826000038],[-78.87994384699994,8.473138809000034],[-78.88246917699996,8.465861322000023],[-78.87319183399995,8.463222505000033],[-78.87061309799998,8.451944352000055],[-78.86580657899998,8.456583023000064],[-78.85685729999994,8.448499679000065],[-78.86413574099998,8.414083482000024],[-78.85925292999997,8.424055101000022],[-78.85488891599994,8.417444229000068],[-78.86244201699998,8.406694413000025],[-78.85402679399994,8.415749550000044],[-78.83838653499998,8.408444404000022],[-78.83502960199996,8.389833452000062],[-78.85324859599996,8.380749704000038],[-78.84683227399995,8.374333382000032],[-78.85072326699998,8.368222236000065],[-78.83744812099997,8.362972261000039],[-78.84341430699999,8.345861436000064],[-78.82994079599996,8.343999862000032],[-78.84410858099994,8.333971977000033],[-78.84247589099994,8.319777489000046],[-78.85733032199994,8.294888496000056],[-78.88486480699999,8.301694870000063],[-78.89733123799994,8.295861244000037],[-78.90188598699996,8.30833339700007],[-78.90991973899997,8.294083596000064],[-78.92002868699996,8.297416687000066],[-78.92163848799999,8.26572227500003],[-78.91075134299996,8.253916742000058],[-78.90988922099996,8.233194353000044],[-78.89577484199998,8.22908306100004],[-78.90672302299998,8.220722198000033],[-78.92830657899998,8.23477745200006],[-78.92908477799995,8.273166656000058],[-78.96477508599997,8.293167114000028],[-78.97244262699996,8.305722237000055],[-78.96260833699995,8.332471849000058],[-78.95996856699998,8.317416191000063],[-78.95233154299996,8.326444627000058],[-78.95830535899995,8.330555917000027],[-78.95571899399994,8.348111154000037],[-78.97244262699996,8.368277550000073],[-78.95903015199997,8.391972542000076],[-78.97583007799994,8.448027612000033],[-78.96822357199994,8.462471962000052],[-78.94513702299997,8.454889299000058],[-78.93252563299995,8.462444305000076],[-78.92841339099994,8.456583023000064],[-78.93003082099995,8.466555596000035],[-78.91908264099999,8.463305474000038],[-78.91000366199995,8.472361566000075],[-78.89524841299993,8.460194587000046],[-78.89163970899995,8.476583482000024],[-78.88896942199995,8.476555826000038]]],[[[-82.03906951499994,9.169992143000059],[-82.03074645999999,9.169777870000075],[-82.02351199799995,9.150434121000046],[-82.00850275399995,9.143795950000026],[-82.02019500699998,9.132778168000073],[-82.03129141699998,9.13068867100003],[-82.06059128999993,9.152977693000025],[-82.05158961299998,9.18273449000003],[-82.04106976799994,9.172214645000054],[-82.03906951499994,9.169992143000059]]],[[[-82.13430786099997,9.235694885000044],[-82.10669708299997,9.222444534000033],[-82.09816741899994,9.195944786000041],[-82.113830566,9.19513893100003],[-82.10160827599998,9.190028191000067],[-82.11155700699999,9.18677806900007],[-82.10788726799996,9.182416916000022],[-82.07211303699995,9.17891693100006],[-82.09986114499998,9.160277367000049],[-82.10028076199995,9.129027367000049],[-82.14391326899994,9.153888702000074],[-82.15441894499997,9.148500443000046],[-82.16152954099994,9.160778046000075],[-82.15911102299998,9.16727733600004],[-82.15425109899996,9.163139343000068],[-82.16053008999995,9.191944122000052],[-82.13580322299998,9.198361397000042],[-82.14441680899995,9.195972443000073],[-82.14492034899996,9.212666512000055],[-82.15158081099997,9.215527534000046],[-82.13703155499996,9.235722542000076],[-82.13430786099997,9.235694885000044]]],[[[-82.18530273399995,9.350417137000022],[-82.14819335899995,9.345611572000053],[-82.12602996899994,9.320917130000055],[-82.09210968099995,9.312250137000035],[-82.08155822699996,9.295055389000026],[-82.133003235,9.27697181700006],[-82.14561462399996,9.26408291000007],[-82.13683319099994,9.251250268000035],[-82.14746856699998,9.246555328000056],[-82.16166686999998,9.260749817000033],[-82.15511321999998,9.269277574000057],[-82.16146850599995,9.272861481000064],[-82.15211486899994,9.271805763000032],[-82.15155792199994,9.282083511000053],[-82.17269134499998,9.309472085000039],[-82.15252685499996,9.31011104700002],[-82.17886352599999,9.337249757000052],[-82.20766448899997,9.339138985000034],[-82.21602630599995,9.348610879000034],[-82.19994354299996,9.363471986000036],[-82.19244384799998,9.350861549000058],[-82.18530273399995,9.350417137000022]]],[[[-82.27175140399999,9.440917016000071],[-82.25869751,9.434000015000038],[-82.25575256299999,9.417416572000036],[-82.23402404799998,9.39102745200006],[-82.23758697399995,9.363444328000071],[-82.25516509999994,9.352472305000049],[-82.23863983099994,9.340305328000056],[-82.252670288,9.328249933000052],[-82.26071929899996,9.356249809000076],[-82.26261138899997,9.346722604000036],[-82.27266693099995,9.363389015000052],[-82.27913665799997,9.361110687000064],[-82.27703094399999,9.371694565000041],[-82.28491973899997,9.363389015000052],[-82.29866790799997,9.373444557000028],[-82.29447174099994,9.380583763000061],[-82.30494689899996,9.378889084000036],[-82.31144714399994,9.401361467000072],[-82.31541442799994,9.39663887000006],[-82.33494567899999,9.412305832000072],[-82.32160949599995,9.43097209900003],[-82.27527618399995,9.443416597000066],[-82.27175140399999,9.440917016000071]]],[[[-78.94483375399994,9.558199744000035],[-78.94515554799995,9.557788002000052],[-78.94532946799995,9.557395142000075],[-78.94533347699996,9.557337607000022],[-78.94544504399994,9.556998330000056],[-78.94581315399995,9.556763145000048],[-78.94618126299997,9.55652795900005],[-78.94624161199994,9.556503145000022],[-78.94659457599994,9.556064611000068],[-78.94662775699999,9.556009054000072],[-78.94716488599994,9.555872031000035],[-78.94719405899997,9.555874007000057],[-78.94784385299994,9.555802417000052],[-78.94787302099996,9.555804389000059],[-78.94846841999998,9.555671243000063],[-78.94874208399995,9.555949892000058],[-78.94874008099998,9.55597866000005],[-78.94886300299999,9.556738490000043],[-78.94915694399998,9.55756771700004],[-78.94843770399996,9.557374492000065],[-78.94791867599997,9.557252638000023],[-78.94712102599993,9.557343115000037],[-78.94708984999994,9.557369906000076],[-78.94665337799995,9.557744974000059],[-78.94653267999996,9.557794602000058],[-78.94591916299999,9.558186578000061],[-78.94586081799997,9.558182625000029],[-78.94559425299997,9.55822236900002],[-78.94556307499994,9.55824916000006],[-78.94545751299995,9.558502137000062],[-78.94505019699994,9.558879183000045],[-78.94498783999995,9.55893276300003],[-78.94458142199994,9.558876324000039],[-78.94460548299998,9.55853111500005],[-78.94477139799994,9.558253327000045],[-78.94483375399994,9.558199744000035]]],[[[-77.37051446599997,8.677116574000024],[-77.364063,8.670003001000055],[-77.370216,8.661016001000064],[-77.365093,8.641596],[-77.37166,8.637256],[-77.395046,8.651253],[-77.410367,8.640836],[-77.391087,8.585025],[-77.418339,8.588119001000052],[-77.410062,8.566394001000049],[-77.438742,8.559841001000052],[-77.440967,8.52291],[-77.456945,8.508833],[-77.447398,8.472832],[-77.402619,8.477039001000037],[-77.385226,8.430156001000057],[-77.359175,8.400991],[-77.35509,8.388775001000056],[-77.361804,8.37728700100007],[-77.345807,8.351634],[-77.35596,8.317048001000046],[-77.349812,8.29690400100003],[-77.332216,8.273078],[-77.312841,8.270726001000071],[-77.303938,8.287802],[-77.298249,8.285173],[-77.30137,8.272350001000063],[-77.286824,8.261308001000032],[-77.290378,8.244343001000061],[-77.280751,8.21821200100004],[-77.261981,8.212063],[-77.260283,8.192687001000024],[-77.247702,8.176426],[-77.248673,8.162633001000074],[-77.25737,8.157981],[-77.226708,8.136299],[-77.235001,8.128411],[-77.217688,8.088122],[-77.230349,8.054548],[-77.224083,8.033335001000069],[-77.233362,8.025102],[-77.221536,8.026035],[-77.204114,8.000684],[-77.16677099899994,7.974667],[-77.18148,7.954756],[-77.171597,7.937073001000044],[-77.158488,7.931887001000064],[-77.175558,7.917103001000044],[-77.191526,7.922698],[-77.216192,7.916491],[-77.255356,7.920044],[-77.325195,7.895539001000031],[-77.322763,7.885112],[-77.340313,7.868577],[-77.346307,7.844785],[-77.365385,7.834320001000037],[-77.340992,7.788519],[-77.346594,7.775481],[-77.340164,7.766322001000049],[-77.378691,7.770456001000071],[-77.380703,7.755592001000025],[-77.391514,7.760048],[-77.397698,7.73138],[-77.405825,7.722454],[-77.413523,7.724715],[-77.418752,7.699206],[-77.434772,7.687886001000038],[-77.440931,7.657445001000042],[-77.470379,7.651561],[-77.465279,7.636469],[-77.48989299899995,7.593223001000069],[-77.48996,7.569405],[-77.52220699899993,7.574158],[-77.532123,7.546705],[-77.563463,7.507522],[-77.584884,7.514534001000072],[-77.59086,7.532307],[-77.611736,7.548747],[-77.61004299899997,7.561],[-77.631271,7.595292001000075],[-77.646997,7.652516],[-77.698061,7.692880001000049],[-77.729057,7.695723001000033],[-77.72797,7.687366],[-77.742981,7.678831],[-77.747261,7.64911],[-77.741291,7.629462],[-77.748695,7.614238],[-77.736591,7.601801001000069],[-77.732931,7.570230001000027],[-77.703522,7.519774],[-77.701255,7.506973],[-77.71098299899995,7.499411],[-77.704961,7.498252001000026],[-77.702932,7.457188],[-77.72375699899999,7.433641001000069],[-77.746254,7.442420001000073],[-77.743635,7.448655001000077],[-77.759598,7.460777],[-77.777954,7.459978],[-77.782544,7.472075],[-77.79858,7.470429],[-77.807987,7.453413001000058],[-77.81783,7.458187],[-77.89293941999995,7.22218361900002],[-77.89712037399994,7.233699068000021],[-77.91886414799995,7.237865671000066],[-77.95584382399994,7.269643529000064],[-77.99692048299994,7.290754540000023],[-78.00728120199994,7.332032427000058],[-78.02728547499999,7.35628245700002],[-78.02061738399993,7.390310032000059],[-78.02630891199993,7.398587926000062],[-78.03492249799996,7.391199334000021],[-78.04355897299996,7.394921525000029],[-78.04372681999996,7.43186591400007],[-78.06009187099994,7.433532461000027],[-78.06967439099998,7.421143753000024],[-78.08822907799998,7.446504815000026],[-78.12161530799995,7.464810118000059],[-78.13386811599997,7.483643753000024],[-78.12970246699996,7.495254738000028],[-78.16850556799994,7.520588143000055],[-78.15925874099997,7.531254514000068],[-78.17019929299994,7.526838047000069],[-78.17089356799994,7.534198983000067],[-78.17134370199994,7.521116002000042],[-78.18387116799994,7.518727047000027],[-78.18981446699996,7.543254598000033],[-78.17750825299998,7.550921186000039],[-78.18131532099994,7.56703255900004],[-78.17503632899997,7.579782708000039],[-78.19053162899996,7.591004593000036],[-78.19445313799997,7.582032425000023],[-78.20222749099997,7.586782678000077],[-78.20289887699994,7.563199265000037],[-78.20853700099997,7.56244920000006],[-78.21486939799996,7.57969926100003],[-78.20811738299994,7.594615683000029],[-78.19750489599994,7.597532494000063],[-78.20222749099997,7.615060074000041],[-78.24122895599999,7.647504551000054],[-78.24197663599995,7.664310200000045],[-78.26178254499996,7.678782685000044],[-78.27208985699997,7.670199139000033],[-78.27539338499997,7.690921528000047],[-78.29836549199996,7.689643605000072],[-78.29812135099996,7.710337862000074],[-78.28311433199997,7.726948960000072],[-78.29389466599997,7.769477112000061],[-78.33462037399994,7.831754907000061],[-78.35158814799996,7.880421385000034],[-78.40292634399998,7.922671541000057],[-78.42647828499997,7.986337885000069],[-78.42214478899996,8.012643559000026],[-78.44719971999996,8.054393513000036],[-78.44139375099996,8.087921842000071],[-78.41703309499997,8.107115491000059],[-78.40789307999995,8.105393154000069],[-78.40617646599998,8.078755125000043],[-78.41442384099997,8.076171621000071],[-78.40042390199994,8.068921788000068],[-78.36561860499995,8.073004467000032],[-78.33875550599998,8.062144024000077],[-78.30198182499998,8.082894070000066],[-78.28128327699994,8.080588086000034],[-78.29725922999995,8.086893782000061],[-78.26964845099997,8.109421475000033],[-78.25123109299994,8.138671621000071],[-78.24772919999998,8.186727269000073],[-78.27281464899994,8.199421629000028],[-78.31622590499995,8.259615644000064],[-78.29689301799993,8.258782131000032],[-78.28620423699994,8.248782856000048],[-78.26942719799996,8.26703236800006],[-78.28200806999996,8.286976559000038],[-78.27039613099998,8.285338146000072],[-78.26122559899994,8.299560292000024],[-78.23620118499997,8.272144062000052],[-78.20361604099998,8.277838453000072],[-78.19958771999995,8.29456017900003],[-78.18709077299997,8.303060278000032],[-78.19545258899996,8.319643719000055],[-78.18609132199998,8.321310742000037],[-78.19450654399998,8.335421308000036],[-78.17903413199997,8.342365963000077],[-78.18453492499998,8.353032811000048],[-78.16367616099996,8.380282148000049],[-78.15858735499995,8.41875432300003],[-78.14861573599995,8.418671353000036],[-78.13778199499995,8.405227406000051],[-78.12864198099999,8.369477017000065],[-78.13525666599998,8.357838375000028],[-78.11192597699994,8.357032522000054],[-78.10092439099998,8.341005070000051],[-78.08192719699997,8.341088040000045],[-78.05625428599996,8.316338285000029],[-78.04201020599999,8.26606057400005],[-78.02522553799997,8.244477018000055],[-78.00856293999993,8.239532217000033],[-78.00539674199996,8.231116040000074],[-77.99475373599995,8.242032750000021],[-77.96456422299997,8.234782919000054],[-77.97228516899997,8.250977262000049],[-77.96458710999997,8.260032399000067],[-78.01848115299998,8.268671736000044],[-78.03192414599994,8.279504521000035],[-78.04120148899995,8.316977247000068],[-78.08030976699996,8.402921422000077],[-78.07961549199996,8.41967175700006],[-78.06364716899998,8.414671644000066],[-78.06022920099997,8.423032507000073],[-78.06984223699999,8.416504605000057],[-78.09298219099998,8.456144079000069],[-78.12050904699998,8.483255133000057],[-78.09870423599995,8.423643811000034],[-78.10792054399997,8.408755047000056],[-78.143649,8.463616116000026],[-78.16275300399997,8.474560484000051],[-78.19462098499997,8.442699177000065],[-78.18881501599998,8.440726979000033],[-78.18959321399996,8.411226971000076],[-78.20539368899995,8.401254399000038],[-78.21683778199997,8.40372727700003],[-78.22775544499996,8.385560736000059],[-78.24969758399999,8.378726706000066],[-78.26878632899997,8.409559948000037],[-78.25370301599997,8.423032507000073],[-78.25439729099998,8.437726719000068],[-78.23214234599999,8.430476889000033],[-78.22345246599997,8.437754376000044],[-78.21781434399998,8.429782612000054],[-78.21023072499997,8.435809834000054],[-78.21783723299995,8.442060216000073],[-78.21383943,8.453755124000054],[-78.22711457599996,8.465476736000028],[-78.22069825599993,8.490977032000046],[-78.23320283299995,8.475866064000058],[-78.23384370199994,8.437032445000057],[-78.24981202499998,8.450893149000024],[-78.26967133899996,8.45539353700002],[-78.27195252799999,8.467059835000043],[-78.26117219299994,8.482588513000053],[-78.28217591599997,8.470476849000022],[-78.29053773299995,8.438671812000052],[-78.30778779399998,8.442866072000072],[-78.32114686399996,8.476004346000025],[-78.32964600899999,8.46286557600007],[-78.34292115399995,8.469727263000038],[-78.35133637799998,8.461421711000071],[-78.33970155099996,8.468060240000057],[-78.33450593399994,8.452227339000046],[-78.35109223699999,8.447170956000036],[-78.37014283499997,8.422171338000055],[-78.37961854399998,8.42958806400003],[-78.37878693999994,8.449504597000043],[-78.40125550599998,8.521032080000055],[-78.39567078899995,8.54364369600006],[-78.40125550599998,8.54558823800005],[-78.41208924699998,8.528560385000048],[-78.41961945899999,8.55000470400006],[-78.42720307699994,8.528532728000073],[-78.41461457699995,8.513643965000028],[-78.42425813099999,8.51250432200004],[-78.40192689299994,8.489366276000055],[-78.39375581199994,8.461310132000051],[-78.39625825299998,8.431949360000033],[-78.36956300199995,8.409559948000037],[-78.36778535199994,8.39789365100006],[-78.38544740099996,8.376199469000028],[-78.38869752299996,8.336227162000057],[-78.40870179599995,8.352948887000025],[-78.42228211799994,8.346310362000054],[-78.44220246599997,8.383866055000055],[-78.45375337099995,8.38303254400006],[-78.45359315299999,8.417115910000064],[-78.46450318699993,8.42705987200003],[-78.45955933999994,8.44622681900006],[-78.46712006999996,8.453004582000062],[-78.47783936899998,8.426337942000032],[-78.50800599499996,8.46622727600004],[-78.49789704699998,8.479755148000038],[-78.50550355399997,8.487504705000049],[-78.49714936599997,8.513060316000065],[-78.51462068,8.524532063000038],[-78.50795258899996,8.536476834000041],[-78.53019990399997,8.549171193000063],[-78.54375733699999,8.583004697000035],[-78.52028168999993,8.58292172800003],[-78.51533784299994,8.57042096400005],[-78.51172913899995,8.577171070000077],[-78.50067414699998,8.564893467000047],[-78.50697602599996,8.589560254000048],[-78.51445283299995,8.592977270000063],[-78.51134003999994,8.600254757000073],[-78.52445496899998,8.596198782000045],[-78.51800813099999,8.612115605000042],[-78.52528657299996,8.628559812000049],[-78.51664246899998,8.637698872000044],[-78.54120148999993,8.639393551000069],[-78.53939332399995,8.658448918000033],[-78.54442109499996,8.640449269000044],[-78.58139313899994,8.657170994000069],[-78.57292451199999,8.683866247000026],[-78.57953156799994,8.66714356700004],[-78.60234345799995,8.681810124000037],[-78.62134065099997,8.668671354000026],[-78.64045228399993,8.701254590000076],[-78.62848176399996,8.726949438000076],[-78.65311707899997,8.726198895000039],[-78.66628541399996,8.704643950000047],[-78.68292512299996,8.718866095000067],[-78.67289246899998,8.727337582000075],[-78.682032484,8.747837765000043],[-78.70270051399996,8.746254666000027],[-78.71295442,8.758810742000037],[-78.72689332399995,8.754587872000059],[-78.75803651299998,8.775504812000065],[-78.75375642199998,8.804698689000077],[-78.78045167299996,8.816448910000076],[-78.78451051099995,8.823004469000068],[-78.77725495699997,8.83072732200003],[-78.79106416099995,8.840393765000044],[-78.82209290899993,8.82978223200007],[-78.83858765999997,8.809727414000065],[-78.84850587199998,8.81381009300003],[-78.86536683399999,8.830421194000053],[-78.88539399499996,8.889671072000056],[-78.91714753499997,8.923921330000042],[-78.99358643899996,8.948004468000022],[-79.04133881899998,8.972977383000057],[-79.04406251299997,8.983032925000032],[-79.04184235999998,8.976477369000065],[-79.05283631699996,8.97133801700005],[-79.10750855899994,8.996337636000021],[-79.08989228599995,9.025171025000077],[-79.09317292399999,9.039643986000044],[-79.09736909299994,9.022976622000044],[-79.12075318699993,9.001504643000033],[-79.17258729199995,9.014060720000032],[-79.17550935199995,9.030421003000072],[-79.16919984199995,9.035670980000077],[-79.19145478699994,9.007893307000074],[-79.28898133599995,9.023171170000069],[-79.40142335299998,9.02403233900003],[-79.40397919999998,9.017199263000066],[-79.48569764499996,9.007949574000065],[-79.51095094099998,8.97403214700006],[-79.53297700299998,8.967921002000026],[-79.53295411499994,8.94897721700005],[-79.55364503099997,8.944004759000052],[-79.54728211799994,8.94225476500003],[-79.54664887799998,8.927838072000043],[-79.56975831399996,8.946532948000026],[-79.56542481799994,8.958921179000072],[-79.58533753799998,8.975421652000023],[-79.57456483299995,8.95603249900006],[-79.57617463499997,8.942809804000035],[-79.56781281899998,8.938587889000075],[-79.57361878799998,8.930366261000074],[-79.56203736599997,8.92133782600007],[-79.56756104799996,8.899782881000021],[-79.58478822099994,8.893477185000052],[-79.58353700099997,8.886282666000056],[-79.61683930799995,8.891532643000062],[-79.65106477099994,8.877977116000068],[-79.66367616099996,8.89158795700007],[-79.67253388799998,8.883115513000064],[-79.66878785499995,8.862254842000027],[-79.68092622199998,8.863060696000048],[-79.68428315499995,8.873560652000037],[-79.69828309399998,8.867254956000068],[-79.70703400899998,8.876532299000075],[-79.71386994699998,8.866199238000036],[-79.70800294299994,8.85647652800003],[-79.72314729099998,8.860504849000051],[-79.750391859,8.837977156000022],[-79.74795045299999,8.826254591000065],[-79.75622834399996,8.825421078000034],[-79.75306214699998,8.819421513000066],[-79.76139344599994,8.816365940000026],[-79.77389802299996,8.78600476500003],[-79.76134003999994,8.741004689000022],[-79.74483765999997,8.724421246000077],[-79.75387086299997,8.71778271900007],[-79.74730958199996,8.711115583000037],[-79.76130952199998,8.702837689000035],[-79.75480927799998,8.692004904000044],[-79.76778687699993,8.677059874000065],[-79.79742707599996,8.665338261000045],[-79.79748048199997,8.686977131000049],[-79.81164826799994,8.680421574000036],[-79.81825532299996,8.685559972000021],[-79.81267060499994,8.678809864000073],[-79.79756440499995,8.683921560000044],[-79.80375947299996,8.656838162000042],[-79.82378663399999,8.654504521000035],[-79.83150758199997,8.639254316000063],[-79.85495271099995,8.65792153600006],[-79.85998048199997,8.652254804000052],[-79.78692139999998,8.612754567000025],[-79.75812043499997,8.617949231000068],[-79.76120271099995,8.607782110000073],[-79.69478120199994,8.658893330000069],[-79.71153535299999,8.636921629000028],[-79.77464570499995,8.590615971000034],[-79.75233735499995,8.59758828400004],[-79.79600800899993,8.571421368000074],[-79.86892213199997,8.551671726000052],[-79.87967194999999,8.54147695000006],[-79.87887086299997,8.528782590000048],[-79.94455994999998,8.492032751000067],[-79.95292176599997,8.46789334500005],[-79.97864808499997,8.447976812000036],[-80.18292512299996,8.325421078000034],[-80.25033845299998,8.297198996000077],[-80.28678407099994,8.293004736000057],[-80.29125489599994,8.297949536000033],[-80.27222718599995,8.302282080000055],[-80.30809296999996,8.30436585700005],[-80.35303773299995,8.294504864000032],[-80.33339204199996,8.302032217000033],[-80.35381593099999,8.30047677300007],[-80.38117493999994,8.286948902000063],[-80.39625825299998,8.310254795000048],[-80.39380921699995,8.32064317000004],[-80.39597596599998,8.290532810000059],[-80.40964784099998,8.289532406000035],[-80.42969788899995,8.27219937600006],[-80.45720185599998,8.230393155000058],[-80.47139253099994,8.222116217000064],[-80.47467317,8.22964356600005],[-80.48456086399995,8.201976522000052],[-80.47870148999993,8.190254910000021],[-80.49022950399996,8.180337652000048],[-80.48864258999998,8.127032025000062],[-80.48031129299994,8.101977093000073],[-80.49698151999996,8.091199620000054],[-80.47267426899998,8.07625458900003],[-80.46700562899997,8.047004446000074],[-80.44616975199995,8.023032887000056],[-80.39136781099995,7.996282323000059],[-80.37700929099998,7.99631045600006],[-80.37609376299997,8.004837735000024],[-80.36106385599999,7.998865827000031],[-80.332087415,7.94942115200007],[-80.32281007199998,7.922643406000077],[-80.32617463499997,7.904282316000035],[-80.26308717099994,7.846282704000032],[-80.22642030199995,7.826616032000061],[-80.19781006999995,7.786088213000028],[-80.17292298699994,7.768282635000048],[-80.16967286499994,7.751227125000071],[-80.16217317,7.75781033800007],[-80.13901032799998,7.740754826000057],[-80.06281556499994,7.636865839000052],[-80.06212128999994,7.646227106000026],[-80.05423249599994,7.643532499000059],[-80.02878083599995,7.570115789000056],[-79.99375428599996,7.515338166000049],[-80.00317658799997,7.46347688000003],[-80.03444947599996,7.447699293000028],[-80.06698121499994,7.448615773000029],[-80.07136811699996,7.439615949000029],[-80.09970368799998,7.426865801000076],[-80.13156403899995,7.427282555000033],[-80.16283692699994,7.409699185000022],[-80.18689240799995,7.415087922000055],[-80.19681062199999,7.430449231000068],[-80.22020234499996,7.415143712000031],[-80.27483643899996,7.432976946000053],[-80.31681336699995,7.41747687700007],[-80.26006592999994,7.423893673000066],[-80.32086457599996,7.405949339000074],[-80.35612000799995,7.378838285000029],[-80.36370362699995,7.390726789000041],[-80.37420167299996,7.356060250000041],[-80.35483826999996,7.348337873000048],[-80.35605897299996,7.333643658000028],[-80.34364594799996,7.319643720000045],[-80.39495362599996,7.302671179000072],[-80.40233888099993,7.27747701100003],[-80.42598237399994,7.269976838000048],[-80.42900361499994,7.24744914300004],[-80.44028748699998,7.238810284000067],[-80.50861634599994,7.249226793000048],[-80.52461518599995,7.236366017000023],[-80.55417146099995,7.242893441000035],[-80.58445252699994,7.228449091000073],[-80.59339417799998,7.234032376000073],[-80.64131440499995,7.231199011000058],[-80.71573151999996,7.20694898000005],[-80.77398194699998,7.216504795000048],[-80.80239381199993,7.203615887000069],[-80.82959260299998,7.214699013000029],[-80.84667481799994,7.208671315000061],[-80.85322846699995,7.216421349000029],[-80.86294831699996,7.207060082000055],[-80.89131440499995,7.204504711000027],[-80.89023103199997,7.222476706000066],[-80.90114869499996,7.237810357000058],[-80.91823090899999,7.248949273000051],[-80.93736543099999,7.248782380000023],[-80.94369782799998,7.257976755000072],[-80.92553223999994,7.274698956000066],[-80.93023194699998,7.29628251500003],[-80.92131318299994,7.320421442000054],[-80.91147889499996,7.319949372000053],[-80.89800538499998,7.334588274000055],[-80.90939606999996,7.374282583000024],[-80.93297852899997,7.398949369000036],[-80.93556489399998,7.421810372000039],[-80.92117585499994,7.432476744000041],[-80.92405976699996,7.44908784200004],[-80.95178498599995,7.488504631000069],[-80.97658814799996,7.499754651000046],[-80.96150483399998,7.516865954000025],[-80.95373048199997,7.552477106000026],[-80.98211945899999,7.585060343000066],[-80.98292054499996,7.610393747000046],[-81.05261506499994,7.666310055000054],[-81.05153169,7.680032476000065],[-81.04370393199997,7.677893383000026],[-81.04014863399993,7.689671261000058],[-81.01198090799994,7.696504815000026],[-81.03456391699996,7.694838269000059],[-81.05061616299997,7.715810045000069],[-81.04825867999995,7.731254799000055],[-81.03184022399995,7.730171425000037],[-81.045313734,7.737004502000048],[-81.03789796199999,7.75017140600005],[-81.06564606999996,7.746199353000065],[-81.06392182699994,7.758421166000062],[-81.07797517199998,7.757227167000053],[-81.09186829899994,7.772449238000036],[-81.08623017699995,7.800365670000076],[-81.07003297199998,7.818004830000064],[-81.02608765999997,7.823560459000021],[-81.06322755199994,7.82317136100005],[-81.06867493999994,7.87589381500004],[-81.05339326099994,7.880254490000027],[-81.06781281899998,7.885254606000046],[-81.05750550599998,7.913754685000072],[-81.07612122899997,7.891699059000075],[-81.08853425399997,7.857921345000022],[-81.10875977899997,7.863699182000062],[-81.11519898699999,7.883866055000055],[-81.11931123199997,7.871754868000039],[-81.09212006999996,7.850282415000038],[-81.10200776499994,7.842004521000035],[-81.14203156799994,7.84383796000003],[-81.14920319799995,7.853976948000025],[-81.17914857299996,7.861393673000066],[-81.18375672699995,7.870227083000032],[-81.18289460599993,7.861088022000047],[-81.19442262099994,7.854615910000064],[-81.20317353599995,7.870171292000066],[-81.21937074099998,7.871699079000052],[-81.21920289399998,7.879115805000026],[-81.20461549199996,7.882865651000031],[-81.19892396199998,7.89275477700005],[-81.22425355299998,7.883143648000043],[-81.22223176399996,7.870449288000032],[-81.20542420599998,7.864365801000076],[-81.19936646799994,7.849671586000056],[-81.17989625299998,7.851227028000039],[-81.18372620899999,7.823810323000032],[-81.17164887799998,7.810032589000059],[-81.16931428299995,7.773865921000038],[-81.17906464899994,7.74972699500006],[-81.20692719799996,7.737699255000052],[-81.19817628199996,7.754421456000046],[-81.21992005699997,7.725476963000062],[-81.22780885099996,7.742171509000059],[-81.21595277199998,7.720754846000034],[-81.22773255699997,7.709393724000051],[-81.19856538199997,7.714560254000048],[-81.19462098499997,7.700088246000064],[-81.21009339699998,7.669532521000065],[-81.19934357999995,7.652754529000049],[-81.20450867999995,7.63225482200005],[-81.23034181099996,7.607949003000044],[-81.24525727599996,7.625448926000047],[-81.28031434399998,7.633476957000028],[-81.30278291099995,7.660393460000023],[-81.31028260599999,7.662504895000041],[-81.31576051099995,7.650282606000076],[-81.36223115299998,7.668115838000062],[-81.37822999299993,7.666893704000074],[-81.39728822099994,7.683060392000073],[-81.40420045299999,7.671921475000033],[-81.41681184199996,7.681893572000035],[-81.44359101599997,7.676865799000041],[-81.43342103399993,7.692227108000054],[-81.44367493999994,7.702143414000034],[-81.47925843599995,7.706921324000064],[-81.48276032799998,7.700199349000059],[-81.49009217599996,7.703310234000071],[-81.48720063599995,7.709560140000065],[-81.51692475699997,7.707921250000027],[-81.54014863399993,7.720699055000068],[-81.53192414499995,7.729393704000074],[-81.49864472799999,7.735115751000023],[-81.50448121499994,7.745227082000042],[-81.49395264999998,7.759587987000032],[-81.51025666599998,7.766921266000054],[-81.52056397799998,7.760365708000052],[-81.54464234699998,7.766421540000067],[-81.55020417499998,7.755199178000055],[-81.54314698599995,7.73867152400004],[-81.58619965899999,7.768782362000024],[-81.57372559899994,7.774199232000058],[-81.57367219399998,7.78522704300002],[-81.58455933999994,7.783310158000063],[-81.58128632899997,7.79456017900003],[-81.59530915599998,7.801032288000044],[-81.59022797999995,7.832282289000034],[-81.57967652599996,7.835365994000028],[-81.58795442,7.852171166000062],[-81.57750977899997,7.85022710100003],[-81.56600465199995,7.860643608000032],[-81.58911408799997,7.87072680700004],[-81.61284150499995,7.862365946000068],[-81.613673109,7.876893743000039],[-81.60156525999997,7.873337968000044],[-81.60692109499996,7.879254564000064],[-81.59647645399997,7.89375470400006],[-81.62684144399998,7.901004536000073],[-81.62028779399998,7.908865675000072],[-81.62667359699998,7.941671593000024],[-81.60003175099996,7.934588177000023],[-81.61394776699996,7.942837937000036],[-81.61864747499999,7.964699015000065],[-81.62797822399995,7.968032582000035],[-81.62684144399998,7.978143438000075],[-81.61030854599994,7.99072717100006],[-81.62314881699996,7.981810314000029],[-81.63669862199998,7.984616026000026],[-81.63561524699998,7.993282540000052],[-81.64361848199997,7.987115606000032],[-81.63167084999998,7.978754744000071],[-81.62430848499997,7.948726876000023],[-81.63992585499994,7.941282494000063],[-81.65745057499998,7.985504849000051],[-81.69964875599999,8.028032048000057],[-81.67070283299995,8.014060720000032],[-81.69792451299998,8.033143744000029],[-81.68878449799996,8.044754728000044],[-81.69897736999997,8.038838131000034],[-81.70125855799995,8.045560581000075],[-81.70703400999997,8.026421292000066],[-81.71889771799994,8.029726727000025],[-81.71556367299996,8.05311559100005],[-81.74306001099995,8.073032124000065],[-81.73950471299997,8.080754980000052],[-81.71620454199996,8.071588261000045],[-81.70067109499996,8.084143384000072],[-81.68378724499996,8.074699147000047],[-81.70297517199998,8.092810376000045],[-81.74095429799996,8.170116170000028],[-81.75125398099993,8.172977194000055],[-81.75356568699993,8.19225476500003],[-81.76525391899997,8.200448736000055],[-81.76200379699998,8.212393507000058],[-81.76392640499995,8.183227284000054],[-81.77142609999999,8.186893208000072],[-81.76384248099998,8.172198994000041],[-81.769587415,8.167255146000059],[-81.75548066499994,8.17058823800005],[-81.75319947599996,8.164587719000053],[-81.75986756699996,8.153810247000024],[-81.78520478499996,8.158032164000076],[-81.76401032799998,8.14525483400007],[-81.78403748899996,8.132116064000058],[-81.79625977899997,8.135476811000046],[-81.81106080399996,8.154060109000056],[-81.85378541399996,8.161393864000047],[-81.90455903399999,8.185616239000069],[-81.95633973499997,8.188782438000032],[-81.96306123199997,8.207198843000072],[-81.94047822299996,8.240615590000061],[-81.98237122899997,8.205560429000059],[-81.96956147599997,8.203004583000052],[-81.97531403899995,8.197170958000072],[-82.00284089399997,8.203948721000074],[-82.02300538399999,8.22453282600003],[-82.02725495699997,8.219532713000035],[-82.01145448099999,8.212088331000075],[-82.01703156699995,8.205893263000064],[-82.11714448299995,8.222393736000072],[-82.11744965799994,8.234393820000037],[-82.13856019399998,8.236671194000053],[-82.11712159599995,8.21589349200002],[-82.14155854599994,8.199060185000064],[-82.14406098699999,8.160060628000053],[-82.16533936899998,8.165393574000063],[-82.14792146099995,8.183532460000038],[-82.15053071399996,8.194199307000076],[-82.16559113799997,8.191059812000049],[-82.14972962699994,8.20786546100004],[-82.16408814799996,8.21778271900007],[-82.16948212999995,8.199254734000021],[-82.18211640799996,8.204921469000055],[-82.19934358099994,8.200088247000053],[-82.20295228399993,8.216866238000023],[-82.22180175799997,8.203166962000068],[-82.22714233399995,8.211360931000058],[-82.24994659399994,8.209694862000049],[-82.26725006099997,8.191666603000044],[-82.247612,8.184194565000041],[-82.25064086999998,8.173166275000028],[-82.27322387699996,8.19136142700006],[-82.30535888699995,8.200666427000044],[-82.31950378399995,8.217861175000053],[-82.31744384799998,8.229805946000056],[-82.29536437999997,8.222583772000064],[-82.28569793699995,8.23575020000004],[-82.22484275499994,8.217003244000068],[-82.22461976399995,8.229532942000048],[-82.20242585599993,8.247171147000074],[-82.21242036299998,8.237199528000076],[-82.22039307999995,8.245115980000037],[-82.20784272599997,8.268754705000049],[-82.21872987199998,8.268837674000054],[-82.22570313799997,8.279671415000053],[-82.21773042099994,8.297615750000034],[-82.22030915599998,8.317004903000054],[-82.20375336999996,8.306198820000077],[-82.1903943,8.31783841400005],[-82.20886506499994,8.308671696000033],[-82.20703400999997,8.324115498000026],[-82.21539582599996,8.327477200000033],[-82.21547974999999,8.337365850000026],[-82.17072572099994,8.332560284000067],[-82.15864838999994,8.337810261000072],[-82.21959199399998,8.342865690000053],[-82.22167481799994,8.358115895000026],[-82.24667634399998,8.29936574200002],[-82.26953400999997,8.288421377000077],[-82.28714265299999,8.303310141000054],[-82.28447999399998,8.310559971000032],[-82.29223145799995,8.30436585700005],[-82.30984010099996,8.313976988000036],[-82.28122987199998,8.338643774000047],[-82.28664674199996,8.343227132000038],[-82.31050385799995,8.322699292000038],[-82.32759370199994,8.326366171000075],[-82.33375825299998,8.320449574000065],[-82.34900941299998,8.335532887000056],[-82.36522950499995,8.326199276000068],[-82.34870423699994,8.330032094000046],[-82.33700837499998,8.313699469000028],[-82.34456147599997,8.296616301000029],[-82.35200776399995,8.299977047000027],[-82.35375489599994,8.28561566600007],[-82.36564912199998,8.291143162000026],[-82.37430848499997,8.311338170000056],[-82.36753358299995,8.290004476000036],[-82.420672315,8.28486607900004],[-82.420145887,8.299865467000075],[-82.43067445199995,8.293115361000048],[-82.44433869699998,8.311837895000053],[-82.44403352099994,8.322115645000054],[-82.42573060399997,8.328393681000023],[-82.432032484,8.338588461000029],[-82.43511475899999,8.329199537000022],[-82.44631470999997,8.327282652000065],[-82.45492066699995,8.303699240000071],[-82.46500672699995,8.316476567000052],[-82.48047913899995,8.308949215000041],[-82.48781098699999,8.313865407000037],[-82.48125733799998,8.303087933000029],[-82.49536408799997,8.295282109000027],[-82.45292176599997,8.289532406000035],[-82.48375977899997,8.277171835000047],[-82.50109376299997,8.284921393000047],[-82.49475373599995,8.276226742000063],[-82.66139497199998,8.326309904000027],[-82.71937073999999,8.325560315000075],[-82.82864655799995,8.294699414000036],[-82.85789765699997,8.273837789000027],[-82.87520112399994,8.242532476000065],[-82.87725343099999,8.152337773000056],[-82.87317170499995,8.115894063000042],[-82.85889710799995,8.095699055000068],[-82.85289277299995,8.06725476500003],[-82.86820496999997,8.05183766700003],[-82.87367524499996,8.027893765000044],[-82.90301899799994,8.038637106000067],[-82.893531,8.053611],[-82.895053,8.067483001000028],[-82.884538,8.077605001000052],[-82.890825,8.099842],[-82.885832,8.108407],[-82.908961,8.14722400100004],[-82.903229,8.175784],[-82.912648,8.176588],[-82.910805,8.197941],[-82.917744,8.195762001000048],[-82.93608,8.210980001000053],[-82.929979,8.238702],[-82.940074,8.267741],[-82.951984,8.26729],[-82.957243,8.281016],[-82.968088,8.278564],[-82.975239,8.288214],[-82.989572,8.27094],[-83.008273,8.29889200100007],[-83.024033,8.30543],[-83.028087,8.316993],[-83.044789,8.317307],[-83.052241,8.333695],[-83.046189,8.343203],[-83.003962,8.359505],[-82.989229,8.376036001000045],[-82.984033,8.372524],[-82.930951,8.435021],[-82.9151,8.428707],[-82.868229,8.439627],[-82.839001,8.480281],[-82.831495,8.505144],[-82.838894,8.546117],[-82.822167,8.567081],[-82.83391,8.590947001000075],[-82.828156,8.605542],[-82.83829,8.612702],[-82.828953,8.614458],[-82.830024,8.635504001000072],[-82.856724,8.666114],[-82.86726,8.696948],[-82.880559,8.69744600100006],[-82.891493,8.711294001000056],[-82.891817,8.726213001000076],[-82.916226,8.740883],[-82.919933,8.751838001000067],[-82.909401,8.758492],[-82.919289,8.765018001000044],[-82.909775,8.774133],[-82.885432,8.773956],[-82.890001,8.792173],[-82.86335199899997,8.813896],[-82.884161,8.829533],[-82.861146,8.85267],[-82.819374,8.860799],[-82.798357,8.87699800100006],[-82.773325,8.878343001000076],[-82.751376,8.892924],[-82.74857,8.906339],[-82.711795,8.925184001000048],[-82.71604,8.943837],[-82.739994,8.966929],[-82.740566,8.98501200100003],[-82.781493,9.005152],[-82.801119,9.004256],[-82.817278,9.02966],[-82.87834,9.061295],[-82.887687,9.087873],[-82.927561,9.074827],[-82.93611199899993,9.07838],[-82.93611,9.473138001000052],[-82.843044,9.50096],[-82.84767,9.51438],[-82.856465,9.511981],[-82.855265,9.519634001000043],[-82.872226,9.524202],[-82.868171,9.553498],[-82.877651,9.553441],[-82.885247,9.564348001000042],[-82.876452,9.59313],[-82.861661,9.594901],[-82.857378,9.617801001000032],[-82.833688,9.618613],[-82.809009,9.595186001000059],[-82.79337,9.603366],[-82.782228,9.583615001000055],[-82.765331,9.586919],[-82.76316,9.577496001000043],[-82.746999,9.58572],[-82.740546,9.564876001000073],[-82.724989,9.562951],[-82.72675,9.552738],[-82.709376,9.542056],[-82.709024,9.554617001000054],[-82.702215,9.553912],[-82.70198,9.54323000100004],[-82.690828,9.538886],[-82.70151,9.528203],[-82.690123,9.520103001000052],[-82.690828,9.510125],[-82.668523,9.510712],[-82.672984,9.50202500100005],[-82.667349,9.498386],[-82.657723,9.512355],[-82.644458,9.494981001000042],[-82.634362,9.494277],[-82.631545,9.502612],[-82.60971,9.501438001000054],[-82.598323,9.533721],[-82.602549,9.557082],[-82.579775,9.557317],[-82.55794,9.540295],[-82.552657,9.548747001000038],[-82.56425751999996,9.57047723100004],[-82.44472779599994,9.469365818000028],[-82.45286835899998,9.467393621000042],[-82.45422639199995,9.449282391000054],[-82.45086945899999,9.457587942000032],[-82.44459046699995,9.451004727000054],[-82.45006074399998,9.443115934000048],[-82.44389619199995,9.452893955000036],[-82.45073212999995,9.467116101000045],[-82.43731202499998,9.464699490000044],[-82.38664521599998,9.419088110000075],[-82.36548127599997,9.417448744000069],[-82.35559357999995,9.434004530000038],[-82.34395112399994,9.431699499000047],[-82.35728730399995,9.396671040000058],[-82.35336579699998,9.383421643000077],[-82.37967194899994,9.369254812000065],[-82.39062012999995,9.343504650000057],[-82.34459199299994,9.296921475000033],[-82.36700715499995,9.278254255000036],[-82.39922608699999,9.288171513000066],[-82.39300813099999,9.272504553000033],[-82.39969910999997,9.272671444000025],[-82.39792146099995,9.264004452000052],[-82.36331452799999,9.248226866000039],[-82.37108888099993,9.243254407000052],[-82.36423005399996,9.218254788000024],[-82.32731141499994,9.192087872000059],[-82.30878724399997,9.192504628000052],[-82.31222810199995,9.205643399000053],[-82.28417481799994,9.200393423000037],[-82.29556550399997,9.213921293000055],[-82.29069795099997,9.226282820000051],[-82.27220429799996,9.198782667000046],[-82.27275361399995,9.188198788000022],[-82.28097810099996,9.193643315000031],[-82.28014649699998,9.186393484000064],[-82.26086701599996,9.180449231000068],[-82.25164307899996,9.187588436000055],[-82.25800599399997,9.203755123000064],[-82.25070466399995,9.199782116000051],[-82.25797547699995,9.209976895000068],[-82.252871412,9.218532308000022],[-82.24637116799994,9.196393712000031],[-82.23231019399998,9.189393744000029],[-82.22372712499998,9.196755154000073],[-82.23042573299995,9.216365559000053],[-82.21544923099998,9.230726942000047],[-82.21650971699995,9.214921698000069],[-82.213282484,9.22339318500002],[-82.20637025299999,9.223227246000022],[-82.21561707799998,9.213726742000063],[-82.21145142899996,9.209615452000037],[-82.20836915399997,9.219949467000049],[-82.19864930499995,9.217865690000053],[-82.20467652699995,9.206476911000038],[-82.19478120199994,9.205643399000053],[-82.18947877299996,9.189643606000061],[-82.18495454199996,9.197060330000056],[-82.17209138299995,9.194532141000025],[-82.18539704699998,9.17833779700004],[-82.17317475699997,9.167477352000049],[-82.17795075799995,9.14811585700005],[-82.18661774999998,9.144698843000072],[-82.19839753499997,9.15964387300005],[-82.2041195799999,9.157365544000072],[-82.20659150499995,9.168921217000047],[-82.21736420999997,9.164393171000029],[-82.23584260399997,9.172088368000061],[-82.25812043599996,9.167699560000074],[-82.25603761099995,9.152504667000073],[-82.27381409999998,9.143060430000048],[-82.26417054599995,9.135810597000045],[-82.27042664899994,9.119643910000036],[-82.25631226899998,9.111671194000053],[-82.27853669599995,9.112227185000052],[-82.27984132199998,9.10125516200003],[-82.25239838899995,9.085560544000032],[-82.24473084799996,9.090643629000056],[-82.25125398099993,9.021810277000043],[-82.26555909499996,9.015976651000074],[-82.25011720099997,9.009310467000034],[-82.24620332099994,8.997171148000064],[-82.22342194899994,8.99719880300006],[-82.21589936599997,8.988837940000053],[-82.18209351899998,8.997115835000045],[-82.13839234699998,8.989532216000043],[-82.11186494199995,8.933449492000022],[-82.08797730799995,8.932032331000073],[-82.08298005499995,8.923838360000047],[-82.07292451299998,8.925366148000023],[-82.06892670999997,8.937144024000077],[-82.05453767199998,8.936505063000027],[-82.01523103099998,8.957226498000068],[-81.99475373599995,8.953893406000077],[-81.96703614599994,8.933976873000063],[-81.97123231299997,8.930671437000058],[-81.95236481999996,8.93550465800007],[-81.93056001099995,8.950365765000072],[-81.92450990099996,8.96858762200003],[-81.93214692499998,8.975643856000033],[-81.92383851499994,8.988865597000029],[-81.89389314099998,8.972282154000027],[-81.90164460499994,8.974505171000033],[-81.90147675899993,8.954643948000069],[-81.86281098699999,8.968976721000047],[-81.85695161199999,8.961337788000037],[-81.82609071099995,8.95528291000005],[-81.81395234499996,8.94386552100002],[-81.82289399599995,8.940449460000025],[-81.80369843899996,8.93631051400007],[-81.79047669799996,8.942199453000057],[-81.77300538399999,8.976171239000053],[-81.77953614499995,9.001004919000025],[-81.82995118499997,9.021338208000031],[-81.86542023999993,9.053699238000036],[-81.87870301599997,9.088643773000058],[-81.95000733599994,9.136420948000023],[-81.94161500299998,9.150477154000043],[-81.93961610199995,9.142087683000057],[-81.92503632899997,9.149698956000066],[-81.90967072799998,9.138949139000033],[-81.90622987199998,9.146476491000044],[-81.88222779499995,9.13911603200006],[-81.87295045299999,9.152754530000038],[-81.91892518399999,9.162921651000033],[-81.92228211699995,9.183754666000027],[-81.89612092399994,9.18711541500005],[-81.88158692699994,9.183477147000076],[-81.85514344599994,9.143671734000065],[-81.81962098499997,9.125560507000046],[-81.83184327499998,9.114504559000068],[-81.84975709299994,9.113532765000059],[-81.83022584399998,9.098005040000032],[-81.82450379699998,9.063004239000065],[-81.80939759599994,9.074866041000064],[-81.80867280399997,9.06686566600007],[-81.76239289599994,9.063643200000058],[-81.75992097299996,9.050282223000067],[-81.73494996399995,9.035282834000043],[-81.72436799399998,9.038116200000047],[-81.71698273999993,9.005393727000069],[-81.71439637499998,9.011198742000033],[-81.60566987299995,8.876394017000052],[-81.54736604099998,8.82225487900007],[-81.51206483199996,8.800421461000042],[-81.47981538199997,8.809032185000035],[-81.42884339699998,8.795532926000021],[-81.41050996199994,8.803976759000022],[-81.35656251299997,8.78314374200005],[-81.32203187299996,8.787365660000034],[-81.30556001099995,8.778865559000053],[-81.28722657599997,8.793199284000025],[-81.23364533799997,8.796504721000076],[-81.21475495699997,8.788059935000035],[-81.11539735199995,8.809893353000064],[-81.08386506399995,8.807254536000073],[-81.06144990399997,8.823782666000056],[-81.04367341399995,8.82069943700003],[-81.02639283599996,8.83469937700005],[-80.97542084999998,8.842977269000073],[-80.94562043599996,8.867143376000058],[-80.91389741299997,8.868755086000021],[-80.89206208499996,8.888060316000065],[-80.87675752099994,8.88258813300007],[-80.83153809899994,8.893032773000073],[-80.75558747699995,8.98458836900005],[-80.70542420699996,9.006282551000027],[-80.70467652699995,9.018032772000026],[-80.68814362899997,9.018782362000024],[-80.67328156899998,9.034616215000028],[-80.61570252799999,9.066254361000063],[-80.58619965899999,9.078921063000053],[-80.57744874399998,9.072254881000049],[-80.57211579699998,9.08550427800003],[-80.53650941299998,9.104588255000067],[-80.43492402399994,9.127088292000053],[-80.41150941199999,9.143060430000048],[-80.36487092299996,9.142309888000057],[-80.32883729299994,9.154810651000048],[-80.29883851399995,9.152171835000047],[-80.28978242299996,9.163977368000076],[-80.26031007199998,9.164782270000046],[-80.24080933899995,9.183976872000073],[-80.20308961199999,9.194865927000023],[-80.18072785699997,9.193088276000026],[-80.09711732299996,9.228227362000041],[-80.02236451499994,9.314059956000051],[-80.00306214699998,9.319810614000062],[-80.00805940099997,9.326532110000073],[-79.97362031299997,9.365532620000067],[-79.94928254399997,9.370560392000073],[-79.94678773199996,9.32558797300004],[-79.95350922899996,9.317115530000024],[-79.92289246999997,9.309199078000063],[-79.92283906199998,9.289921506000042],[-79.91931428299995,9.33028291000005],[-79.90423097099995,9.347671254000034],[-79.91708649999998,9.353865368000072],[-79.89837159499996,9.365421041000047],[-79.89039887799998,9.346365674000026],[-79.88261689599994,9.357087834000026],[-79.89109315299999,9.385588391000056],[-79.88286866399994,9.38808797200005],[-79.87606324499995,9.379643186000067],[-79.87764252999995,9.391921743000069],[-79.88789643699994,9.390810711000029],[-79.87489594799996,9.403921827000033],[-79.86270417599997,9.403949484000066],[-79.85875977799998,9.388949139000033],[-79.84964265199994,9.393282636000038],[-79.85097779499995,9.380588278000062],[-79.84598054299994,9.38728211700004],[-79.83845032999994,9.373032315000046],[-79.82600678799997,9.378032431000065],[-79.83433808699994,9.385865910000064],[-79.82178773299995,9.39569924600005],[-79.81589784099998,9.386671765000074],[-79.82425965699997,9.381143315000031],[-79.81264771899998,9.378921255000023],[-79.81097688099999,9.356505139000035],[-79.80500306499994,9.363088353000023],[-79.80028809899994,9.35883782600007],[-79.81109132199998,9.373282177000021],[-79.80936707899997,9.390948996000077],[-79.81786622499999,9.407754644000022],[-79.78889741299997,9.438671810000073],[-79.73948182499998,9.450310452000053],[-79.74039735199995,9.46811555100004],[-79.72897614799996,9.46772740700004],[-79.72756471099996,9.482671482000057],[-79.69369782799998,9.501532300000065],[-79.69081391699996,9.52003262900007],[-79.67206086499993,9.531393751000053],[-79.68209351899998,9.54261563600005],[-79.65717591599997,9.554115995000075],[-79.64795197799998,9.571893438000075],[-79.67470063599995,9.554532749000032],[-79.68531312399995,9.563532574000021],[-79.62562074099998,9.61536572700004],[-79.61345185699997,9.60867093500002],[-79.60267152199998,9.612866147000034],[-79.58975495699997,9.602893576000042],[-79.57614411799995,9.618838056000072],[-79.56689729099998,9.615643246000047],[-79.53991975199995,9.633559926000032],[-79.53925599499996,9.615310414000021],[-79.52442445199995,9.606755002000057],[-79.54414643599995,9.592421277000028],[-79.52806367299996,9.592977269000073],[-79.52447785599998,9.576948866000066],[-79.51545228399993,9.592171414000063],[-79.49461640799996,9.581366284000069],[-79.48164643599995,9.587226613000041],[-79.47472657599997,9.578755124000054],[-79.46781434399998,9.60122655300006],[-79.45756043799997,9.600949034000053],[-79.45720185699997,9.593754513000022],[-79.44072999399998,9.600921377000077],[-79.43108643899996,9.584532483000032],[-79.42136658999993,9.587171299000033],[-79.41120423599995,9.578698857000063],[-79.38850678799997,9.573698744000069],[-79.38119782899997,9.57953236800006],[-79.36039246899998,9.570532545000049],[-79.33203400999997,9.577115757000058],[-79.31475343099999,9.56222699400007],[-79.28517426699995,9.566088423000053],[-79.23456086499993,9.543782934000035],[-79.21470155099996,9.547143681000023],[-79.20070161199999,9.538921101000028],[-79.16923035999997,9.553032620000067],[-79.15778626799994,9.548838362000026],[-79.15992249899995,9.539615376000029],[-79.14622773499997,9.557282194000038],[-79.12775697199999,9.551254971000048],[-79.03711976399995,9.56372712500007],[-78.97228516899997,9.56358788700004],[-78.96631135299998,9.557199223000055],[-78.97570313799997,9.545977339000046],[-78.99683656099995,9.546337827000059],[-78.98958863599995,9.540615780000053],[-78.99364747399994,9.533920988000034],[-79.03336610199995,9.532032713000035],[-79.04098023799997,9.537865385000032],[-79.03869904899994,9.532866223000042],[-79.05056275699997,9.531338437000045],[-79.07550324799996,9.508087858000067],[-79.06884278499996,9.488893254000061],[-79.07550324799996,9.474588139000048],[-79.06283845299998,9.45506070500005],[-79.06959046699995,9.446366056000045],[-79.05786408799997,9.43642113900006],[-79.02953614599994,9.447976811000046],[-79.00883759799996,9.437115414000061],[-78.98714722999995,9.454671606000034],[-78.97033967399994,9.452227338000057],[-78.95936860399996,9.45911572700004],[-78.93800629999998,9.444699034000053],[-78.92395295499995,9.44714330000005],[-78.91237153399999,9.439366085000074],[-78.92395295499995,9.437559828000076],[-78.91231049899994,9.42306016200007],[-78.88564576499994,9.425560696000048],[-78.86742677099994,9.417338116000053],[-78.85625733799998,9.419754728000044],[-78.83861817699994,9.440587742000048],[-78.82417573299995,9.427254422000033],[-78.81212128999994,9.436477406000051],[-78.79425324799996,9.435893759000066],[-78.78959168799997,9.450670941000055],[-78.75489320099996,9.441838010000026],[-78.72903718299995,9.45717118500005],[-78.70622529399998,9.434921011000029],[-78.68817414599994,9.43858788800003],[-78.66572846799994,9.42306016200007],[-78.65114869499996,9.434921011000029],[-78.62809266399995,9.42586587300002],[-78.62208833099999,9.413143856000033],[-78.56392182799993,9.442171796000025],[-78.51887025299999,9.416559919000065],[-78.47789277399994,9.409838422000064],[-78.47825898499997,9.38911603200006],[-78.46431245199994,9.394143803000077],[-78.44122590299997,9.388976797000055],[-78.42203797699995,9.366449101000057],[-78.41000642199998,9.368838055000026],[-78.41028107999995,9.361615879000055],[-78.38258637699994,9.358754856000076],[-78.37989320199995,9.348310216000073],[-78.33864869499996,9.340532048000057],[-78.31292237499997,9.319588406000037],[-78.29192628299995,9.314755184000035],[-78.29217042299996,9.304088337000053],[-78.26408662199998,9.306532606000076],[-78.21703614599994,9.275532467000062],[-78.17761506399995,9.279060109000056],[-78.14683808699994,9.263032658000043],[-78.11286439299994,9.258921370000053],[-78.10072602699995,9.245810253000059],[-78.07139863399993,9.241476759000022],[-78.06761445399997,9.234865887000069],[-78.05050935099996,9.239699109000071],[-78.03928651299998,9.234449131000076],[-78.03094758399999,9.217282040000043],[-78.00309266499994,9.200198872000044],[-78.00395478599995,9.192337734000034],[-77.98150910599998,9.193727238000065],[-77.97648133699994,9.173726781000028],[-77.96475495699997,9.173199400000044],[-77.94295014799997,9.153699620000054],[-77.96042145999996,9.153782591000038],[-77.89081086599998,9.096005184000035],[-77.89203156899998,9.074254734000021],[-77.88914765799996,9.080143673000066],[-77.85984315299999,9.061310513000024],[-77.87620057499998,9.081144078000023],[-77.87725343099999,9.116532072000041],[-77.86406220799995,9.106727345000024],[-77.863505262,9.09633801700005],[-77.84606446599997,9.087254269000027],[-77.84636964199996,9.079560025000035],[-77.81222810199995,9.055671438000047],[-77.80775727699995,9.029476866000039],[-77.77314271299997,9.006671650000044],[-77.78361787199998,8.996504530000038],[-77.76775636099995,8.998865826000042],[-77.77325715299997,8.993421299000033],[-77.75642670999997,8.980421765000074],[-77.76572694199996,8.97431062000004],[-77.74456300099996,8.968449337000038],[-77.74386872499997,8.959171040000058],[-77.75831116999996,8.962671025000077],[-77.76364411799995,8.949949010000068],[-77.72817506199993,8.91400502600004],[-77.71961488099998,8.887560589000032],[-77.69739808299994,8.885309918000075],[-77.69878663399999,8.869976744000041],[-77.65448273999993,8.839837774000046],[-77.64605988899996,8.817337735000024],[-77.63656129199995,8.824421628000039],[-77.62211884899995,8.814254507000044],[-77.64378632899997,8.837505085000032],[-77.63544740099996,8.85011552100002],[-77.61370362699995,8.825477345000024],[-77.61556519699997,8.818477377000022],[-77.57820405399997,8.794754727000054],[-77.57869996399995,8.768866284000069],[-77.56281556399995,8.762032254000076],[-77.55919923199997,8.774059994000027],[-77.54775513999994,8.773837790000073],[-77.53625764299994,8.75211594800004],[-77.55195130699997,8.726587995000045],[-77.54489411799995,8.70717118600004],[-77.45303620699997,8.666060194000067],[-77.42022980999997,8.666282399000067],[-77.41608704899994,8.679448826000055],[-77.39378632799998,8.68647740700004],[-77.37445009799995,8.660877306000032],[-77.37079108399996,8.677128910000022],[-77.37051446599997,8.677116574000024]]]]}}]}
